{"name": "a3c7_57", "initpts": [2, 40], "iterpts": [50], "num_tasks": 2, "obs": null, "acqtime": [64.896, 55.964, 55.354, 51.875, 51.669, 53.991, 56.847, 53.037, 52.263, 51.081], "bestacq": [[-50.0, -50.0, 0.0, 12.40512999999919], [212.05758325, 168.23163266, 0.0, 5.442819999996573], [49.174105468, 183.81574627, 0.0, 2.1044500000134576], [49.174105468, 183.81574627, 0.0, 2.1044500000134576], [49.174105468, 183.81574627, 0.0, 2.1044500000134576], [49.174105468, 183.81574627, 0.0, 2.1044500000134576], [49.174105468, 183.81574627, 0.0, 2.1044500000134576], [264.98163946, 1.9909111, 0.0, 1.3328599999949802], [264.98163946, 1.9909111, 0.0, 1.3328599999949802], [264.98163946, 1.9909111, 0.0, 1.3328599999949802], [264.98163946, 1.9909111, 0.0, 1.3328599999949802]], "gmp": [[63.504436934, 183.26106585, 0.0, 3.7621199999994133, 1.4370925053], [61.031229018, 185.15330097, 0.0, -1.6609599999792408, 10.873476947], [59.813185595, 187.28229169, 0.0, 1.9072400000004563, 0.64573507656], [54.363625324, 188.41144047, 0.0, 2.0139600000111386, 0.28323501746], [54.328590829, 189.24639797, 0.0, 1.995150000002468, 0.30806733507], [57.870453849, 187.82616427, 0.0, 1.9486099999921862, 0.45787270442], [55.535224652, 187.40538269, 0.0, 2.006519999995362, 0.2085304633], [262.36100989, -0.83103617935, 0.0, 1.266620000009425, 0.075510875362], [262.78959169, -1.1726870233, 0.0, 1.255830000009155, 0.070266756048], [265.17329469, -1.7722356025, 0.0, 1.2398800000082701, 0.061622274018], [265.47205649, -1.8268734177, 0.0, 1.2373800000059418, 0.057291668844]], "gmp_convergence": [[3.1140506009, 0.29923722308], [2.4528006987, 0.19688791228], [5.565310784, 0.0058886159912], [0.83569219083, 0.0010378131209], [3.8160001852, 0.0025683822317], [2.3728363912, 0.0031689265048], [279.66024893, 0.038942924349], [0.54809456459, 0.0005720893615], [2.4579459961, 0.00085066282542], [0.30371680928, 0.00013230683315]], "GP_hyperparam": [[0.56942571183, 0.48643177359, 6.416851917, 6.7955795161, 0.15489084358, 1.4104151273], [0.55887038976, 0.46337683119, 8.3015635083, 6.4431064935, 11.774354142, 4.1159281981e-05], [0.56627319454, 0.47421469014, 6.4741271353, 6.7238919775, 17.605351555, 4.1168669824e-05], [0.57060538384, 0.48306812548, 6.2291790917, 5.8148100254, 6.8069914064, 14.084953291], [0.574992846, 0.48749004796, 5.9266482985, 5.8922327791, 7.4324315238, 14.747526056], [0.58090473205, 0.49894486832, 6.409896217, 6.6517254645, 13.414497725, 8.3953277652], [0.584492246, 0.50430760816, 6.5332828651, 6.5335804158, 8.7022029154, 11.756085996], [0.58432158614, 0.51009381178, 6.9078110914, 6.9076966841, 16.512889472, 7.5963402782], [0.58677649535, 0.51278388978, 7.0355134388, 7.0356935053, 15.373964254, 6.5323122075], [0.59012964579, 0.52371246768, 7.6388085561, 7.2705163222, 16.746046912, 5.8062001555], [0.59884188607, 0.53229919297, 7.8071384622, 7.5285060665, 16.381944334, 5.3664673042]], "itertime": [0.001, 0.0, 0.001, 0.001, 0.0, 0.0, 0.0, 0.001, 0.001, 0.001, 0.001, 0.0, 0.001, 0.0, 0.0, 0.0, 0.0, 0.0, 0.001, 0.001, 0.0, 0.0, 0.001, 0.0, 0.001, 0.001, 0.001, 0.001, 0.001, 0.0, 0.001, 0.001, 0.001, 0.001, 0.001, 0.0, 0.0, 0.0, 0.0, 0.0, 0.0, 1.233, 66.336, 57.281, 56.54, 53.283, 52.934, 55.385, 58.296, 54.524, 53.69, 52.631], "totaltime": [73.928, 147.36499999999998, 148.10999999999999, 148.891, 149.61799999999997, 150.33899999999997, 150.98999999999998, 151.76399999999998, 152.558, 153.284, 153.933, 154.74099999999999, 155.564, 156.259, 156.98899999999998, 157.773, 158.467, 159.21599999999998, 160.725, 161.49599999999998, 162.302, 163.085, 164.707, 165.43499999999997, 166.24899999999997, 167.03799999999998, 168.696, 169.489, 170.065, 170.714, 171.462, 172.69899999999998, 173.475, 174.25, 175.11700000000002, 176.703, 177.469, 178.253, 178.959, 180.678, 181.476, 182.709, 249.046, 306.327, 362.86699999999996, 416.15099999999995, 469.086, 524.471, 582.7669999999999, 637.292, 690.982, 743.6139999999999], "boss.in": ["\n", "-----------------------------   Welcome to ....   ------------------------------\n", "                      _______  _______ _______ _______ \n", "                     |   _   \\|   _   |   _   |   _   |\n", "                     |.  1   /|.  |   |   1___|   1___|\n", "                     |.  _   \\|.  |   |____   |____   |\n", "                     |:  1    |:  1   |:  1   |:  1   |\n", "                     |::.. .  |::.. . |::.. . |::.. . |\n", "                     `-------'`-------`-------`-------'\n", "\n", "                                 Version 0.9.15                                 \n", "                              30-09-2020 17:26:07                               \n", "--------------------------------------------------------------------------------\n", "\n", "| Reading BOSS input file from: in_2D\n", "| Initializing...\n", "\n", "--------------------------------------------------------------------------------\n", "                                   INPUT FILE                                   \n", "--------------------------------------------------------------------------------\n", "# input file for alanine 2D (d4-d13)\n", "\n", "# optimization\n", "userfn       userfn_2D.py\n", "bounds       -50 310; -50 310\n", "kernel       stdp\n", "num_tasks    2\n", "initpts 2 40\n", "iterpts      50\n", "verbosity    2\n", "W_prior      gaussian\n", "W_priorparam 10.062 3.953\n", "thetaprior gamma\n", "thetapriorparam 2 0.016; 3.3678 9.0204; 3.3678 9.0204\n", "RESULTS:\n", "-5.000000000000000E+01 -5.000000000000000E+01 0 -2.030049146092371E+05 \n", "1.300000000000000E+02 1.300000000000000E+02 0 -2.030038208770180E+05 \n", "7.995768777922642E+00 2.622073804431099E+02 1 3.338490000000000E+01 \n", "1.361129454742689E+02 1.890543144761587E+02 1 2.117780000000000E+01 \n", "3.060125236296456E+02 2.014881465412536E+02 1 2.190070000000000E+01 \n", "1.791501794849083E+02 2.765201488156509E+02 1 3.580480000000000E+01 \n", "1.247841794181259E+02 1.253161024399498E+02 1 2.859680000000000E+01 \n", "-4.183478637883191E+01 2.247754273385033E+02 1 2.563460000000000E+01 \n", "4.042078442084353E+00 2.833195207672877E+02 1 3.440890000000000E+01 \n", "6.006625147242033E+01 5.607230413774668E+01 1 3.158770000000000E+01 \n", "2.824591824676401E+02 8.733497802283350E+01 1 3.651720000000000E+01 \n", "2.308857506826149E+02 -4.348500539059306E+01 1 2.974380000000000E+01 \n", "2.637560403513044E+02 3.026063286741615E+02 1 3.091960000000000E+01 \n", "1.456510836207618E+02 1.065773672830548E+02 1 3.102800000000000E+01 \n", "2.498675809883969E+02 3.205682282144933E+01 1 2.618560000000000E+01 \n", "1.964384275559904E+02 2.844634879903527E+02 1 3.586640000000000E+01 \n", "9.655150985671881E-01 2.180869479260165E+02 1 2.503030000000000E+01 \n", "6.286781825770584E+01 2.758675567459083E+01 1 2.790440000000000E+01 \n", "1.372878807686562E+02 2.505261113104165E+02 1 3.366600000000000E+01 \n", "2.649507236551389E+02 2.379301391817942E+02 1 3.297860000000000E+01 \n", "2.797861550528711E+01 2.884495225968018E+02 1 3.416710000000000E+01 \n", "8.336542981295858E+01 1.773128592134727E+02 1 1.839420000000000E+01 \n", "4.435478718055121E+01 2.490460000762928E+02 1 2.969300000000000E+01 \n", "1.225290584506745E+02 2.412753075786815E+02 1 3.141840000000000E+01 \n", "3.854856359242393E+01 1.308501719513262E+02 1 2.575160000000000E+01 \n", "1.166737728626051E+02 5.827322503129257E+01 1 3.351220000000000E+01 \n", "1.859328259558109E+02 -4.275394410189080E-01 1 1.906640000000000E+01 \n", "7.420871197166315E+01 -6.631749490748319E+00 1 2.579570000000000E+01 \n", "5.262166250345729E+01 1.288447983806136E+02 1 2.560320000000000E+01 \n", "2.674557082193111E+02 2.430468535003667E+02 1 3.344420000000000E+01 \n", "4.667018824523893E+01 -1.526921746965166E+01 1 2.677360000000000E+01 \n", "4.808449641947541E+01 9.405211147813318E+00 1 2.522940000000000E+01 \n", "8.487681964342465E+01 4.470446811750168E+01 1 3.317520000000000E+01 \n", "2.303139647789993E+02 2.308909357399831E+01 1 2.282250000000000E+01 \n", "2.106756354562393E+02 