{"name": "a3c7_12", "initpts": [2, 15], "iterpts": [50], "num_tasks": 2, "obs": null, "acqtime": [61.648, 51.695, 53.135, 52.032, 54.232, 55.442, 51.961, 51.375, 52.173, 54.364, 51.909, 54.43, 50.537, 54.388, 54.843, 54.809, 51.145, 50.402, 55.471, 55.635, 58.45], "bestacq": [[-50.0, -50.0, 0.0, 12.40512999999919], [-50.0, -50.0, 0.0, 12.40512999999919], [-50.0, -50.0, 0.0, 12.40512999999919], [18.229437334, 172.97580103, 0.0, 3.732910000020638], [18.229437334, 172.97580103, 0.0, 3.732910000020638], [18.229437334, 172.97580103, 0.0, 3.732910000020638], [18.229437334, 172.97580103, 0.0, 3.732910000020638], [18.229437334, 172.97580103, 0.0, 3.732910000020638], [18.229437334, 172.97580103, 0.0, 3.732910000020638], [18.229437334, 172.97580103, 0.0, 3.732910000020638], [229.71924477, -1.0058934243, 0.0, 0.187980000016978], [229.71924477, -1.0058934243, 0.0, 0.187980000016978], [229.71924477, -1.0058934243, 0.0, 0.187980000016978], [229.71924477, -1.0058934243, 0.0, 0.187980000016978], [229.71924477, -1.0058934243, 0.0, 0.187980000016978], [229.71924477, -1.0058934243, 0.0, 0.187980000016978], [229.71924477, -1.0058934243, 0.0, 0.187980000016978], [229.71924477, -1.0058934243, 0.0, 0.187980000016978], [229.71924477, -1.0058934243, 0.0, 0.187980000016978], [229.71924477, -1.0058934243, 0.0, 0.187980000016978], [229.71924477, -1.0058934243, 0.0, 0.187980000016978], [229.71924477, -1.0058934243, 0.0, 0.187980000016978]], "gmp": [[-50.0, -50.0, 0.0, 12.40512999999919, 1.0001999362e-08], [159.41542156, 191.12974825, 0.0, 7.168659999995725, 1.2124234037], [154.71229419, 191.95077639, 0.0, 2.836330000020098, 1.5383407852], [130.87263483, 190.9242012, 0.0, 1.842930000013439, 4.4439699141], [-40.070812085, 192.13827368, 0.0, 2.0621500000124797, 5.3346001179], [-25.385039508, 187.08382246, 0.0, 2.6560500000196043, 4.4416300224], [-29.015496339, 188.12069891, 0.0, 2.399620000011055, 5.0422355055], [15.431564542, 178.46006485, 0.0, 3.612680000020191, 0.15512653853], [13.93302351, 178.69725634, 0.0, 3.590120000008028, 0.15965468416], [1.919897914, 177.71031972, 0.0, 3.5949299999920186, 0.25606640043], [228.72103201, 3.1785374905, 0.0, 0.11925000001792796, 0.082316138052], [228.95757977, 2.4379875014, 0.0, 0.1400900000007823, 0.057756780753], [233.8398194, 8.960295543, 0.0, -0.37570999999297783, 0.31504128531], [238.20785829, 1.0664330937, 0.0, -0.10412999999243766, 0.11858346539], [238.47518678, 0.89997320649, 0.0, -0.10949999999138527, 0.11300007914], [242.09135828, -1.1232582544, 0.0, -0.2558900000003632, 0.048163140976], [241.493679, -2.0294563298, 0.0, -0.1939999999885913, 0.0067233068655], [240.57795331, -1.1250972341, 0.0, -0.1176500000001397, 0.0053455650211], [240.56861153, -1.1153693452, 0.0, -0.11718000000109896, 0.0048916133079], [240.74440863, -1.2835369903, 0.0, -0.12227999998140149, 0.0061282310353], [241.18911199, -0.21050995913, 0.0, -0.14045000000623986, 0.0060524146823], [241.16084412, -0.19473795422, 0.0, -0.14006000000517815, 0.0055686946856]], "gmp_convergence": [[319.37184328, 0.34137381584], [4.7742532643, 0.28243178858], [23.861752134, 0.061005039445], [170.94775815, 0.013246560792], [15.531239271, 0.034747357264], [3.7756230711, 0.01446496183], [45.48482243, 0.066003005939], [1.5171964366, 0.0012316919307], [12.053598237, 0.00025800049016], [286.18193066, 0.1766986413], [0.77741181506, 0.0010496229392], [8.1471937506, 0.025782812358], [9.0217973878, 0.013706309339], [0.31491810585, 0.00026609325619], [4.1436894043, 0.0071001972883], [1.0855484696, 0.00295364687], [1.287019387, 0.0035902888569], [0.013487058458, 2.2684435899e-05], [0.2432796273, 0.00024089036843], [1.1615283438, 0.00085030661166], [0.03237018193, 1.8621006562e-05]], "GP_hyperparam": [[0.70154829144, 0.35644514011, -1.2188295699, 4.5691916096, 1.0443389646e-19, 4.2251713845e-08], [0.94386061953, 0.35349643125, 4.4187933116, 5.0846365772, 0.22062326648, 0.54485525902], [0.90777771784, 0.23426297551, 6.4523691755, 4.3812345747, 5.9136450808e-08, 7.4012613418e-08], [0.83560329331, 0.27411755487, 6.3059531988, 4.6533230131, 4.5285575436, 4.8443052371e-05], [0.76017635751, 0.34360185498, 6.212925756, 5.1533964591, 8.0553549986, 4.8454867086e-05], [0.74334526027, 0.36475045063, 5.6614479962, 5.4310423398, 9.2621336995, 4.8458134417e-05], [0.74231735149, 0.38903536214, 5.9308652676, 5.6331470997, 9.9938505423, 4.8459929043e-05], [0.77435643193, 0.38982918534, 5.7427828303, 5.7425437156, 10.294201724, 1.0639777451], [0.78931858111, 0.39305696554, 5.7645460555, 5.7560461351, 12.019048815, 0.23277714912], [0.798315928, 0.41429446389, 5.8266017583, 5.8321532697, 11.369826587, 1.4079809702], [0.71490162827, 0.47182774509, 6.9578432189, 6.2343951725, 18.510698286, 8.1866719396e-05], [0.7486182593, 0.47010164231, 7.3549536419, 6.1836907069, 19.898800786, 4.9709228547e-05], [0.71252448121, 0.47451537361, 7.5407233489, 6.214169169, 19.080510199, 3.4854971087e-05], [0.76625322155, 0.44182814674, 8.1461895173, 5.949439452, 22.923355254, 3.4861746996e-05], [0.80925429213, 0.44788530839, 8.4768576133, 5.9781702125, 25.683120305, 3.4865881579e-05], [0.84476809157, 0.47648324342, 9.0956435457, 6.1994092475, 28.265645656, 1.7027308669e-05], [0.86843875903, 0.49380358703, 9.4034367607, 6.3340886248, 29.821594581, 1.3732031358e-05], [0.89148570758, 0.43949478752, 9.0841753533, 5.9381305603, 32.205799045, 1.3732152064e-05], [0.90280779821, 0.44146213809, 9.0578489844, 5.9179274253, 30.059290166, 1.3730248829e-05], [0.85440792649, 0.43195631903, 8.6333162379, 5.9340593907, 28.444699466, 1.3728972202e-05], [0.86595758278, 0.43008686564, 8.9013843541, 5.9030125342, 35.332461091, 1.3731116326e-05], [0.87590107217, 0.43510393658, 8.9637898295, 5.9432653539, 33.865950267, 1.3729454065e-05]], "itertime": [0.002, 0.001, 0.001, 0.002, 0.002, 0.002, 0.002, 0.002, 0.002, 0.002, 0.002, 0.002, 0.002, 0.002, 0.002, 0.002, 1.333, 62.606, 53.188, 54.45, 53.313, 55.641, 56.912, 53.098, 52.604, 53.514, 55.951, 53.413, 55.96, 52.1, 55.974, 56.712, 56.537, 52.811, 52.126, 57.643, 57.552, 60.532], "totaltime": [66.791, 132.962, 133.707, 134.49, 135.222, 135.948, 136.604, 137.383, 138.18200000000002, 138.913, 139.567, 140.38, 141.208, 141.90800000000002, 142.644, 143.433, 144.76999999999998, 207.37900000000002, 260.568, 315.021, 368.335, 423.97700000000003, 480.892, 533.991, 586.595, 640.11, 696.065, 749.479, 805.44, 857.543, 913.517, 970.23, 1026.77, 1079.5819999999999, 1131.709, 1189.3549999999998, 1246.9099999999999, 1307.445],