{"name": "a3c7_55", "initpts": [2, 30], "iterpts": [50], "num_tasks": 2, "obs": null, "acqtime": [64.623, 55.238, 56.108, 52.299, 51.651, 54.558, 50.85, 51.199, 57.55, 52.669, 61.445, 60.091], "bestacq": [[-50.0, -50.0, 0.0, 12.40512999999919], [217.40363633, 164.82384451, 0.0, 6.103720000013709], [187.18493285, 8.6555645645, 0.0, 3.752299999992829], [52.913066436, 192.7542845, 0.0, 2.8405600000114646], [52.913066436, 192.7542845, 0.0, 2.8405600000114646], [52.913066436, 192.7542845, 0.0, 2.8405600000114646], [52.913066436, 192.7542845, 0.0, 2.8405600000114646], [52.913066436, 192.7542845, 0.0, 2.8405600000114646], [52.913066436, 192.7542845, 0.0, 2.8405600000114646], [246.12012421, -2.3953068481, 0.0, 0.07753999999840744], [246.12012421, -2.3953068481, 0.0, 0.07753999999840744], [246.12012421, -2.3953068481, 0.0, 0.07753999999840744], [246.12012421, -2.3953068481, 0.0, 0.07753999999840744]], "gmp": [[71.410679317, 184.13914348, 0.0, 3.261800000007497, 1.69930672], [69.024183183, 185.60141083, 0.0, -1.1021999999938998, 9.5837300397], [63.035377607, 187.60079218, 0.0, 2.2574299999978393, 12.211663828], [60.923664364, 188.51255246, 0.0, 2.7153500000131316, 0.20743272894], [60.561987683, 189.48567409, 0.0, 2.742150000005495, 0.13994327767], [73.017702583, 186.83968535, 0.0, 2.2818499999993946, 1.8860244706], [81.35851826, 183.18641441, 0.0, 1.4640099999960512, 4.8674401098], [74.514798402, 183.58176994, 0.0, 1.9183300000149757, 1.698933394], [75.220166152, 183.2756126, 0.0, 1.848840000020573, 1.4094157849], [231.15292373, 1.3252747569, 0.0, -0.40257000000565313, 0.57681369918], [231.13378388, 1.3866140053, 0.0, -0.41008999999030493, 0.52821849036], [231.10235145, 1.4222608689, 0.0, -0.4093099999881815, 0.49776723063], [231.06709241, 1.4121831095, 0.0, -0.41730999998981133, 0.44875175293]], "gmp_convergence": [[2.7988550496, 0.24079894292], [6.3137404128, 0.18537902575], [2.3001390489, 0.025267763478], [1.0381597734, 0.0014783946693], [12.733659727, 0.019803604264], [9.105800059, 0.03747413248], [6.855130013, 0.020183789482], [0.76894472047, 0.003145695163], [239.62668951, 0.097804937839], [0.064256028435, 0.00032697032115], [0.047525742619, 3.35262218e-05], [0.036670985511, 0.0003382851862]], "GP_hyperparam": [[0.67509835668, 0.46101921658, 6.4012601163, 6.4790620241, 0.9086017664, 0.96631789663], [0.66133956995, 0.44640983805, 7.8653883388, 6.2185709641, 11.017399769, 0.00010079467376], [0.6777990917, 0.47653793315, 6.212474374, 6.2923929505, 9.3621787761, 6.3660059288], [0.6866059353, 0.48929049834, 5.9850018376, 6.4281490461, 10.944466502, 7.7756621495], [0.7012301522, 0.50343469339, 6.2893247014, 6.2896089123, 6.2260525379, 13.79922818], [0.66529202168, 0.45552066897, 6.5216262293, 6.5207645534, 29.741528425, 0.6378595731], [0.65446131183, 0.40911369891, 7.5716084095, 6.0718436557, 33.124919004, 4.2951477278e-05], [0.66303385832, 0.42168284283, 7.5996243848, 6.2930139308, 32.329186842, 4.294475548e-05], [0.67167530004, 0.41135371577, 7.6079575436, 6.2843223783, 24.412943108, 4.2918112384e-05], [0.67895395891, 0.41042038363, 7.7058174735, 6.3000760537, 34.531964686, 4.2942152415e-05], [0.68261990261, 0.41134476149, 7.5827093849, 6.3581338459, 30.78489045, 4.2928168699e-05], [0.69062799701, 0.42214843748, 7.7497793302, 6.5431075615, 30.03490363, 0.00020116589105], [0.70651469624, 0.42221795943, 7.7015066912, 6.6633774097, 28.823226646, 7.144319097e-05]], "itertime": [0.001, 0.0, 0.001, 0.001, 0.0, 0.0, 0.0, 0.0, 0.0, 0.0, 0.0, 0.0, 0.0, 0.0, 0.0, 0.0, 0.0, 0.0, 0.0, 0.0, 0.0, 0.0, 0.0, 0.0, 0.0, 0.0, 0.001, 0.0, 0.001, 0.0, 0.0, 1.057, 66.058, 56.375, 57.077, 53.413, 53.07, 56.158, 52.25, 52.783, 59.064, 54.302, 63.199, 61.919], "totaltime": [66.195, 131.822, 132.567, 133.34799999999998, 134.075, 134.796, 135.447, 136.221, 137.01500000000001, 137.74099999999999, 138.389, 139.197, 140.02, 140.715, 141.446, 142.23000000000002, 142.924, 143.673, 145.18200000000002, 145.953, 146.75900000000001, 147.541, 149.163, 149.891, 150.70499999999998, 151.494, 153.152, 153.945, 154.52100000000002, 155.17000000000002, 155.918, 156.97500000000002, 223.03400000000002, 279.409, 336.486, 389.9, 442.971, 499.129, 551.379, 604.163, 663.227, 717.529, 780.729, 842.667],