{"name": "a3c7_20", "initpts": [2, 5], "iterpts": [50], "num_tasks": 2, "obs": null, "acqtime": [54.035, 57.307, 53.914, 52.997, 51.212, 55.447, 54.003, 53.683, 52.973, 57.375, 54.163, 57.782, 55.886, 53.011, 54.869, 54.623, 56.298, 54.848, 56.626, 55.445, 52.429, 70.004, 57.029], "bestacq": [[-50.0, -50.0, 0.0, 12.40512999999919], [225.9719935, 188.63232921, 0.0, 5.507580000004964], [37.418773062, 185.8000875, 0.0, 2.633460000011837], [37.418773062, 185.8000875, 0.0, 2.633460000011837], [37.418773062, 185.8000875, 0.0, 2.633460000011837], [37.418773062, 185.8000875, 0.0, 2.633460000011837], [37.418773062, 185.8000875, 0.0, 2.633460000011837], [37.418773062, 185.8000875, 0.0, 2.633460000011837], [37.418773062, 185.8000875, 0.0, 2.633460000011837], [37.418773062, 185.8000875, 0.0, 2.633460000011837], [37.418773062, 185.8000875, 0.0, 2.633460000011837], [37.418773062, 185.8000875, 0.0, 2.633460000011837], [37.418773062, 185.8000875, 0.0, 2.633460000011837], [37.418773062, 185.8000875, 0.0, 2.633460000011837], [37.418773062, 185.8000875, 0.0, 2.633460000011837], [37.418773062, 185.8000875, 0.0, 2.633460000011837], [37.418773062, 185.8000875, 0.0, 2.633460000011837], [240.69986239, 15.095687816, 0.0, 1.978930000012042], [240.69986239, 15.095687816, 0.0, 1.978930000012042], [240.69986239, 15.095687816, 0.0, 1.978930000012042], [239.2909161, -0.3346855106, 0.0, 0.006909999996423721], [239.2909161, -0.3346855106, 0.0, 0.006909999996423721], [239.2909161, -0.3346855106, 0.0, 0.006909999996423721], [239.2909161, -0.3346855106, 0.0, 0.006909999996423721]], "gmp": [[132.67660728, 194.10702296, 0.0, 7.421020000008866, 0.63927351063], [293.19034535, 196.15501672, 0.0, 4.527200000011362, 6.0278133318], [0.90773458918, 192.27458695, 0.0, 2.4351100000203587, 7.4049550584], [49.20283842, 191.16327995, 0.0, 2.4577700000081677, 2.0985115163], [12.886350792, 188.15542062, 0.0, 2.5107300000090618, 2.1426103071], [10.289301471, 183.13222558, 0.0, 2.289260000019567, 1.6281554516], [11.444475445, 183.10148941, 0.0, 2.3098900000040885, 1.5463477807], [6.4673855232, 180.46978348, 0.0, 2.1727300000202376, 1.2351424378], [8.2748360395, 180.2667772, 0.0, 2.191350000008242, 0.80995915647], [1.873134575, 181.17128568, 0.0, 2.1303900000057183, 1.4499176208], [27.538265845, 176.86983622, 0.0, 2.1574299999920186, 0.33516410336], [34.625798125, 176.14198521, 0.0, 2.143450000003213, 0.15518876231], [33.777527275, 176.00528296, 0.0, 2.142840000014985, 0.23549698815], [36.187489428, 176.51849002, 0.0, 2.1891800000157673, 0.12790647801], [39.404439964, 177.02483665, 0.0, 2.2388600000122096, 0.07003818117], [73.327809756, 180.4266656, 0.0, 1.7541300000157207, 0.29497896225], [74.778559159, 180.9612188, 0.0, 1.6624599999922793, 0.29426311908], [245.66961227, 2.2060121613, 0.0, 1.1928800000168849, 0.25840289062], [245.51775301, 2.1906754383, 0.0, 1.1748200000147335, 0.21746476261], [245.62056524, 2.149302387, 0.0, 1.170780000014929, 0.20413555106], [241.54508403, -0.024170230323, 0.0, -0.007790000003296882, 0.0037450856291], [240.89565367, -0.039141677256, 0.0, -0.0011400000075809658, 0.0019201328639], [240.60680144, -0.066589800793, 0.0, 0.001340000017080456, 0.0012562680267], [250.90150526, 0.015802084856, 0.0, -0.37524999998277053, 0.31836099727]], "gmp_convergence": [[160.52680271, 0.19784101445], [292.30836849, 0.14302923989], [48.307888148, 0.0014422798854], [36.440835492, 0.0033711674512], [5.654834529, 0.014097265102], [1.1555828073, 0.0013132120731], [5.6300355425, 0.0069875833571], [1.8188152515, 0.0009486725294], [6.4652855503, 0.0031057911462], [26.023094178, 0.0013777009505], [7.1248074296, 0.00070202719442], [0.85921530365, 3.0131471858e-05], [2.464000621, 0.0022417676187], [3.2565561043, 0.0024591918151], [34.0935105, 0.023655295335], [1.5460986263, 0.0044532325199], [247.29976938, 0.022427941163], [0.15263174491, 0.00087915622842], [0.11082456335, 0.00019396254979], [4.6188234811, 0.052955822511], [0.64960290841, 0.0002987516642], [0.29015342555, 0.00011179556281], [10.295033521, 0.016694154383]], "GP_hyperparam": [[0.4062371638, 0.30645242553, 5.5542112252, 7.1743113394, 1.4681995511e-09, 2.9418194421e-07], [0.52467264592, 0.27362809601, 6.5393859079, 6.3456866863, 0.46188206756, 5.2170891592], [0.58378509211, 0.28356121318, 6.1844248904, 6.1844377533, 6.6598340975, 5.5871144484], [0.63782158168, 0.26609415693, 6.4333507802, 6.216658122, 4.8028147018, 0.00098666782584], [0.65788250218, 0.30958570709, 6.103502293, 6.0101176391, 3.1212928751, 5.0644475364], [0.68655842176, 0.31079451926, 5.914437078, 5.9145256791, 1.5733539296, 6.8739306619], [0.66047182436, 0.28806009349, 5.562397499, 5.564641266, 0.23302775678, 8.7632590174], [0.79431022709, 0.33190633388, 6.0608940399, 6.0606953208, 3.2071841651, 1.1790587307], [0.86125143394, 0.33781486238, 5.7134424726, 5.8974181235, 3.3497458132, 1.261395111], [0.83418612384, 0.3224680378, 6.0911795763, 5.9776272346, 4.4967143464, 1.9841674191], [0.94285002631, 0.35796722241, 6.2232063339, 6.0236250468, 5.3555513544, 2.7024821179], [1.0596364414, 0.37607605723, 6.2031592877, 6.2034019013, 6.3837351935, 2.4478389343], [0.96749677737, 0.3733628585, 6.4033679071, 6.4016495342, 8.3203572748, 2.5480710752], [1.0539142413, 0.38742966702, 6.4344531717, 6.4307913419, 10.465634181, 0.63706399987], [1.1237897268, 0.40675881376, 6.7115994385, 6.2699519254, 10.499051716, 0.00014325505008], [0.97324899112, 0.40263468364, 7.0010268637, 6.4852453272, 11.562499025, 0.00014327825654], [0.96857311104, 0.40720809302, 6.9829204463, 6.3493641805, 11.58929971, 0.00018885033514], [0.83028282559, 0.41657354474, 7.0849347741, 6.8619466649, 12.567200132, 0.00018888701524], [0.83584580499, 0.41992316093, 6.9993769056, 6.7932242179, 10.729775967, 0.000188815232], [0.81410028609, 0.43025555552, 6.9398252416, 6.9829354318, 11.394801402, 0.000188839588], [0.73592928187, 0.37234281315, 6.5606985463, 6.5575840003, 10.322404649, 2.8815838632], [0.74440486816, 0.3902006809, 6.7000069608, 6.4246200061, 12.155508561, 0.00025090934208], [0.74473447757, 0.39604716049, 6.6899015691, 6.4314688233, 11.076470526, 0.00025083305286], [0.51533150342, 0.35291001669, 7.03682892, 7.0674837236, 9.2825605014, 0.0002507202111]], "itertime": [0.001, 0.001, 0.001, 0.002, 0.002, 0.003, 1.003, 54.982, 58.323, 55.4, 54.317, 52.576, 57.012, 55.258, 55.058, 54.538, 58.814, 55.781, 59.378, 57.593, 54.867, 56.53, 56.155, 58.312, 56.654, 58.479, 57.582, 54.572, 72.045, 59.669], "totaltime": [66.83900000000001, 133.45000000000002, 134.198, 134.982, 135.714, 136.441, 137.448, 192.434, 250.757, 306.15799999999996, 360.478, 413.056, 470.07099999999997, 525.33, 580.388, 634.9270000000001, 693.7420000000001, 749.523, 808.902, 866.498, 921.365, 977.8960000000001, 1034.054, 1092.367, 1149.021, 1207.501, 1265.084, 1319.657, 1391.704, 1451.448],