{"name": "a3c7_35", "initpts": [2, 30], "iterpts": [50], "num_tasks": 2, "obs": null, "acqtime": [62.93, 54.729, 55.537, 52.831, 52.567, 52.603, 51.007, 50.258, 55.756, 51.961, 64.822], "bestacq": [[-50.0, -50.0, 0.0, 12.40512999999919], [217.43623117, 164.82663334, 0.0, 6.104129999992438], [187.18897526, 8.6591916252, 0.0, 3.751350000005914], [52.899337537, 192.75008868, 0.0, 2.8401000000012573], [52.899337537, 192.75008868, 0.0, 2.8401000000012573], [52.899337537, 192.75008868, 0.0, 2.8401000000012573], [52.899337537, 192.75008868, 0.0, 2.8401000000012573], [52.899337537, 192.75008868, 0.0, 2.8401000000012573], [52.899337537, 192.75008868, 0.0, 2.8401000000012573], [246.11834962, -2.3941970686, 0.0, 0.07739000002038665], [246.11834962, -2.3941970686, 0.0, 0.07739000002038665], [246.11834962, -2.3941970686, 0.0, 0.07739000002038665]], "gmp": [[71.4184874, 184.13867748, 0.0, 3.24165000001085, 1.7042051413], [69.023636603, 185.60166529, 0.0, -1.100509999989299, 9.5772452634], [63.028508153, 187.60510194, 0.0, 2.2643800000078045, 12.19940328], [60.845513632, 188.54420866, 0.0, 2.7169400000129826, 0.20298926999], [60.57266546, 189.48012461, 0.0, 2.7413200000009965, 0.14071358267], [73.01924843, 186.8406059, 0.0, 2.2808099999965634, 1.8882242759], [81.363720394, 183.18724203, 0.0, 1.4621900000202004, 4.874322158], [74.509252871, 183.5850728, 0.0, 1.9177700000000186, 1.6989647352], [75.217142863, 183.27608764, 0.0, 1.8479800000204705, 1.4098385801], [231.14992522, 1.3257755589, 0.0, -0.40281999998842366, 0.57685367763], [231.13098847, 1.3873012952, 0.0, -0.41036999999778345, 0.52823044629], [231.09928344, 1.4231737615, 0.0, -0.4095800000068266, 0.4979072949]], "gmp_convergence": [[2.8063577229, 0.23959417061], [6.3210223489, 0.18566939308], [2.3764230526, 0.024971692516], [0.97487680148, 0.0013452346675], [12.723383459, 0.019812124954], [9.1091865698, 0.0375090229], [6.8660027934, 0.020239281144], [0.7723859607, 0.0031591709978], [239.62668608, 0.097776902119], [0.064374037436, 0.00032807307046], [0.047875280477, 3.3663390924e-05]], "GP_hyperparam": [[0.67505811099, 0.46093725342, 6.396954348, 6.4935160192, 1.1116011711, 0.75933546979], [0.66135004255, 0.44642015979, 7.8650170643, 6.2190600711, 11.009722806, 4.0613165942e-05], [0.67781518107, 0.47655146252, 6.2504530657, 6.2504977394, 8.82764991, 6.9013738782], [0.68678676571, 0.48952463083, 6.1999652947, 6.199876553, 8.1349346864, 10.757791654], [0.70120423447, 0.50340044783, 6.2684095909, 6.3107021663, 6.5044484084, 13.519623025], [0.66527821385, 0.45552060588, 6.5216281706, 6.5209242193, 29.747232982, 0.63513022576], [0.65447027392, 0.40908954447, 7.5723146769, 6.071491986, 33.148595562, 0.00020232817598], [0.66303045353, 0.42168216914, 7.5988101158, 6.2929003789, 32.340312687, 0.00020217877738], [0.6716674247, 0.41133277086, 7.608002728, 6.2840651916, 24.41663316, 0.00020158842131], [0.67896751337, 0.41039822344, 7.7063735831, 6.3000453489, 34.538885988, 0.00014201017385], [0.68261503265, 0.41133062343, 7.582817107, 6.3579881713, 30.788448476, 0.0001418571612], [0.69060386736, 0.4221266105, 7.7509233875, 6.5431412346, 30.035391523, 0.00044423628359]], "itertime": [0.002, 0.002, 0.002, 0.002, 0.002, 0.002, 0.002, 0.002, 0.002, 0.002, 0.002, 0.002, 0.002, 0.002, 0.002, 0.002, 0.002, 0.002, 0.002, 0.002, 0.002, 0.002, 0.002, 0.002, 0.002, 0.002, 0.002, 0.002, 0.002, 0.002, 0.002, 0.967, 64.231, 56.011, 56.507, 53.958, 53.953, 54.121, 52.581, 51.777, 57.326, 53.54, 66.492], "totaltime": [66.203, 131.835, 132.585, 133.371, 134.103, 134.829, 135.485, 136.264, 137.063, 137.79399999999998, 138.44799999999998, 139.261, 140.089, 140.789, 141.52499999999998, 142.314, 143.013, 143.767, 145.281, 146.057, 146.868, 147.656, 149.283, 150.016, 150.83499999999998, 151.629, 153.292, 154.09, 154.671, 155.325, 156.078, 157.049, 221.283, 277.297, 333.807, 387.76800000000003, 441.72400000000005, 495.84799999999996, 548.432, 600.212, 657.5409999999999, 711.0840000000001, 777.5790000000001], "boss.in": ["\n", "-----------------------------   Welcome to ....   ------------------------------\n", "                      _______  _______ _______ _______ \n", "                     |   _   \\|   _   |   _   |   _   |\n", "                     |.  1   /|.  |   |   1___|   1___|\n", "                     |.  _   \\|.  |   |____   |____   |\n", "                     |:  1    |:  1   |:  1   |:  1   |\n", "                     |::.. .  |::.. . |::.. . |::.. . |\n", "                     `-------'`-------`-------`-------'\n", "\n", "                                 Version 0.9.15                                 \n", "                              30-09-2020 17:26:07                               \n", "--------------------------------------------------------------------------------\n", "\n", "| Reading BOSS input file from: in_2D\n", "| Initializing...\n", "\n", "--------------------------------------------------------------------------------\n", "                                   INPUT FILE                                   \n", "--------------------------------------------------------------------------------\n", "# input file for alanine 2D (d4-d13)\n", "\n", "# optimization\n", "userfn       userfn_2D.py\n", "bounds       -50 310; -50 310\n", "kernel       stdp\n", "num_tasks    2\n", "initpts 2 30\n", "iterpts      50\n", "verbosity    2\n", "W_prior      gaussian\n", "W_priorparam 10.062 3.953\n", "thetaprior gamma\n", "thetapriorparam 2 0.016; 3.3678 9.0204; 3.3678 9.0204\n", "RESULTS:\n", "-5.000000000000000E+01 -5.000000000000000E+01 0 -2.030049146092371E+05 \n", "1.300000000000000E+02 1.300000000000000E+02 0 -2.030038208770180E+05 \n", "7.995768777922642E+00 2.622073804431099E+02 1 3.338490000000000E+01 \n", "1.361129454742689E+02 1.890543144761587E+02 1 2.117780000000000E+01 \n", "3.060125236296456E+02 2.014881465412536E+02 1 2.190070000000000E+01 \n", "1.791501794849083E+02 2.765201488156509E+02 1 3.580480000000000E+01 \n", "1.247841794181259E+02 1.253161024399498E+02 1 2.859680000000000E+01 \n", "-4.183478637883191E+01 2.247754273385033E+02 1 2.563460000000000E+01 \n", "4.042078442084353E+00 2.833195207672877E+02 1 3.440890000000000E+01 \n", "6.006625147242033E+01 5.607230413774668E+01 1 3.158770000000000E+01 \n", "2.824591824676401E+02 8.733497802283350E+01 1 3.651720000000000E+01 \n", "2.308857506826149E+02 -4.348500539059306E+01 1 2.974380000000000E+01 \n", "2.637560403513044E+02 3.026063286741615E+02 1 3.091960000000000E+01 \n", "1.456510836207618E+02 1.065773672830548E+02 1 3.102800000000000E+01 \n", "2.498675809883969E+02 3.205682282144933E+01 1 2.618560000000000E+01 \n", "1.964384275559904E+02 2.844634879903527E+02 1 3.586640000000000E+01 \n", "9.655150985671881E-01 2.180869479260165E+02 1 2.503030000000000E+01 \n", "6.286781825770584E+01 2.758675567459083E+01 1 2.790440000000000E+01 \n", "1.372878807686562E+02 2.505261113104165E+02 1 3.366600000000000E+01 \n", "2.649507236551389E+02 2.379301391817942E+02 1 3.297860000000000E+01 \n", "2.797861550528711E+01 2.884495225968018E+02 1 3.416710000000000E+01 \n", "8.336542981295858E+01 1.773128592134727E+02 1 1.839420000000000E+01 \n", "4.435478718055121E+01 2.490460000762928E+02 1 2.969300000000000E+01 \n", "1.225290584506745E+02 2.412753075786815E+02 1 3.141840000000000E+01 \n", "3.854856359242393E+01 1.308501719513262E+02 1 2.575160000000000E+01 \n", "1.166737728626051E+02 5.827322503129257E+01 1 3.351220000000000E+01 \n", "1.859328259558109E+02 -4.275394410189080E-01 1 1.906640000000000E+01 \n", "7.420871197166315E+01 -6.631749490748319E+00 1 2.579570000000000E+01 \n", "5.262166250345729E+01 1.288447983806136E+02 1 2.560320000000000E+01 \n", "2.674557082193111E+02 2.430468535003667E+02 1 3.344420000000000E+01 \n", "4.667018824523893E+01 -1.526921746965166E+01 1 2.677360000000000E+01 \n", "4.808449641947541E+01 9.405211147813318E+00 1 2.522940000000000E+01 \n", "--------------------------------------------------------------------------------\n", "                        