{"name": "a3c7_16", "initpts": [2, 35], "iterpts": [50], "num_tasks": 2, "obs": null, "acqtime": [54.222, 57.547, 57.625, 53.505, 55.616, 53.664, 57.104, 51.545, 56.612, 54.128, 54.427, 54.139, 52.845, 56.688, 53.915, 53.778, 54.156, 56.131, 53.658, 55.609, 57.445, 63.628, 66.979], "bestacq": [[-50.0, -50.0, 0.0, 12.40512999999919], [211.07348005, 169.23721477, 0.0, 5.286430000007385], [211.07348005, 169.23721477, 0.0, 5.286430000007385], [47.358720408, 190.36930877, 0.0, 2.6602699999930337], [47.358720408, 190.36930877, 0.0, 2.6602699999930337], [47.358720408, 190.36930877, 0.0, 2.6602699999930337], [47.358720408, 190.36930877, 0.0, 2.6602699999930337], [246.55097277, 0.56284201504, 0.0, 0.1122400000167545], [246.55097277, 0.56284201504, 0.0, 0.1122400000167545], [246.55097277, 0.56284201504, 0.0, 0.1122400000167545], [246.55097277, 0.56284201504, 0.0, 0.1122400000167545], [246.55097277, 0.56284201504, 0.0, 0.1122400000167545], [246.55097277, 0.56284201504, 0.0, 0.1122400000167545], [246.55097277, 0.56284201504, 0.0, 0.1122400000167545], [246.55097277, 0.56284201504, 0.0, 0.1122400000167545], [246.55097277, 0.56284201504, 0.0, 0.1122400000167545], [246.55097277, 0.56284201504, 0.0, 0.1122400000167545], [246.55097277, 0.56284201504, 0.0, 0.1122400000167545], [233.87537519, 2.473562882, 0.0, 0.017749999999068677], [233.87537519, 2.473562882, 0.0, 0.017749999999068677], [233.87537519, 2.473562882, 0.0, 0.017749999999068677], [233.87537519, 2.473562882, 0.0, 0.017749999999068677], [233.87537519, 2.473562882, 0.0, 0.017749999999068677], [233.87537519, 2.473562882, 0.0, 0.017749999999068677]], "gmp": [[67.711302908, 182.02945358, 0.0, 3.916720000008354, 2.2215435797], [65.10157173, 183.76995836, 0.0, -1.5334900000016205, 13.320048834], [59.652627545, 186.47360371, 0.0, 3.4435300000186544, 13.934397731], [56.01437067, 187.93579799, 0.0, 2.567700000014156, 0.29582484795], [55.626261664, 189.41250697, 0.0, 2.585980000003474, 0.21421224455], [60.409111894, 188.67017855, 0.0, 2.4578500000061467, 0.60313529432], [56.560921553, 188.08740518, 0.0, 2.5446700000029523, 0.25370121839], [242.60090657, -0.17135041741, 0.0, 0.07541000001947396, 0.078480719446], [246.62322427, -4.2225277674, 0.0, -0.04306999998516403, 0.13159915445], [246.76132933, -4.3308299644, 0.0, -0.04712999999173917, 0.12310759428], [246.90615751, -4.2510636642, 0.0, -0.04110000000218861, 0.10694907348], [242.69655878, -4.7209786938, 0.0, -0.11978000000817701, 0.13631121431], [242.34605103, -3.3426837965, 0.0, -0.047829999995883554, 0.078522563579], [247.592431, -1.4768223889, 0.0, 0.0849199999938719, 0.012723346327], [247.66646445, -1.4628897252, 0.0, 0.0853400000196416, 0.011753739777], [247.66097932, -1.4006382468, 0.0, 0.08707000000867993, 0.010293765818], [247.70437201, -1.4300726079, 0.0, 0.08646000002045184, 0.0099509704795], [246.52152866, -0.37794236497, 0.0, 0.10614000001805834, 0.0001718859448], [238.48186049, 0.9196938362, 0.0, -0.023320000007515773, 0.00071243053417], [238.51105456, 0.88090233699, 0.0, -0.024639999988721684, 0.00076752208095], [238.53966635, 0.82665877464, 0.0, -0.02573999998276122, 0.000756820048], [238.34329064, 1.2295730856, 0.0, -0.018110000004526228, 7.8739155418e-05], [237.46508182, 0.74898263258, 0.0, -0.0019699999829754233, 1.13672937e-05], [237.46245855, 0.74516723957, 0.0, -0.0022699999972246587, 1.0724631755e-05]], "gmp_convergence": [[3.1368859869, 0.30073409911], [6.082819323, 0.27462417586], [3.9210872489, 0.048326994321], [1.5268588729, 0.0010087417089], [4.8401144418, 0.0068828698438], [3.8920680503, 0.0046202115792], [264.67382773, 0.12532066044], [5.7088595656, 0.006258043335], [0.17550604971, 0.00020955172581], [0.16534166582, 0.00030886146989], [4.2357456949, 0.0039840236672], [1.4221647269, 0.0034975395196], [5.5682979039, 0.0063680948526], [0.075333072361, 1.981220239e-05], [0.062492665399, 8.1985904315e-05], [0.05243383571, 2.8552005801e-05], [1.5830655214, 0.00091228593411], [8.1437168384, 0.0059041291303], [0.048549708898, 6.0021161416e-05], [0.061326980781, 4.9954031156e-05], [0.44822244556, 0.00034149068005], [1.0011083428, 0.00071428664929], [0.0046302058058, 1.3333102136e-05]], "GP_hyperparam": [[0.58588727699, 0.48196807273, 6.0673198466, 6.454356472, 0.83364690111, 1.7360756565], [0.57495404609, 0.46205884865, 7.9610464085, 6.1998811868, 14.643125695, 3.4489394278e-07], [0.58206148425, 0.47463362426, 5.43463493, 5.6043910679, 8.05725554, 11.061002193], [0.58584844685, 0.48228924912, 5.4119172381, 5.5976441703, 9.8699530782, 12.70244925], [0.5910384375, 0.48866181558, 5.0570351064, 5.6995821763, 10.491929443, 13.266107353], [0.59851701088, 0.5006995037, 5.9850515576, 5.9363612323, 10.965170635, 13.673251719], [0.60176896588, 0.50699579713, 5.797646292, 6.1255831211, 10.176194597, 13.035823211], [0.58453789697, 0.50086311034, 6.0677788548, 6.0678850125, 25.311803995, 10.140041738], [0.58995971355, 0.49302553913, 6.7219526627, 6.7208240547, 29.64189722, 1.2054941988], [0.60036461267, 0.50628734492, 6.9072000646, 6.9069605447, 28.185068313, 2.2215616518], [0.60670571866, 0.51301301756, 7.0125450039, 7.0111387837, 26.016259501, 2.7412540092], [0.61113532186, 0.51752783089, 6.9963089628, 6.9997082707, 24.204586287, 4.0966947565], [0.62051249266, 0.53288674733, 7.572600109, 7.5475465857, 25.62015967, 0.10115189646], [0.6226833289, 0.54195949982, 8.0662870946, 7.6980938705, 26.166444828, 0.00020750177839], [0.62805535084, 0.5524321506, 8.2588678634, 7.9037579665, 25.002223443, 0.00020744061092], [0.63184981178, 0.56085608659, 8.2851920847, 8.0454744683, 24.232120448, 0.00020740195023], [0.64053360473, 0.57139979369, 8.4798242677, 8.2571676397, 24.144774368, 0.00046429230703], [0.64956129871, 0.57915059311, 8.67689207, 8.4885146385, 23.692428356, 0.00046417857807], [0.63066697244, 0.5663214262, 8.6368828343, 7.9366791847, 32.785282725, 0.00046647305734], [0.63046477239, 0.5734596357, 9.0110954887, 8.0073579454, 33.962844215, 0.00032825108344], [0.63499938667, 0.56647956273, 8.5453407973, 7.9707179103, 33.988960606, 0.00021636638872], [0.64341751263, 0.57415360176, 8.689985045, 8.1630835949, 34.358559253, 0.010563174045], [0.63125949628, 0.53703611142, 8.811378235, 7.5378095387, 37.63959464, 0.0001651136068], [0.63468694632, 0.54592882479, 9.138563317, 7.6777184215, 37.376553414, 0.0001093942252]], "itertime": [0.001, 0.001, 0.002, 0.002, 0.002, 0.002, 0.001, 0.002, 0.001, 0.002, 0.001, 0.001, 0.001, 0.001, 0.001, 0.001, 0.001, 0.001, 0.001, 0.002, 0.002, 0.002, 0.002, 0.002, 0.002, 0.002, 0.002, 0.002, 0.002, 0.002, 0.002, 0.002, 0.002, 0.002, 0.002, 0.001, 1.06, 55.839, 58.623, 58.94, 54.765, 56.715, 54.914, 58.431, 53.241, 58.243, 55.556, 56.033, 55.69, 54.618, 58.492, 55.839, 55.657, 56.244, 58.181, 55.856, 58.069, 59.791, 66.165, 69.652], "totaltime": [64.983, 129.963, 130.711, 131.497, 132.23, 132.955, 133.61, 134.388, 135.186, 135.91400000000002, 136.563, 137.371, 138.19400000000002, 138.889, 139.621, 140.405, 141.09900000000002, 141.849, 143.359, 144.13400000000001, 144.945, 145.734, 147.36100000000002, 148.09400000000002, 148.913, 149.70600000000002, 151.37, 152.168, 152.74800000000002, 153.40300000000002, 154.15500000000003, 155.39700000000002, 156.179, 156.959, 157.83100000000002, 159.42000000000002, 160.48200000000003, 216.321, 274.945, 333.886, 388.652, 445.368, 500.283, 558.7160000000001, 611.9580000000001, 670.201, 725.7570000000001, 781.7940000000001, 837.488, 892.1090000000002, 950.604, 1006.444, 1062.101, 1118.3490000000002, 1176.534, 1232.393, 1290.4640000000002, 1350.256, 1416.422, 1486.112],