{"name": "a3c7_44", "initpts": [2, 25], "iterpts": [50], "num_tasks": 2, "obs": null, "acqtime": [64.534, 52.992, 52.165, 52.514, 52.108, 52.294, 50.871, 52.49, 55.62, 55.976, 62.143, 69.101], "bestacq": [[-50.0, -50.0, 0.0, 12.40512999999919], [-50.0, -50.0, 0.0, 12.40512999999919], [-50.0, -50.0, 0.0, 12.40512999999919], [213.88994314, 164.75923257, 0.0, 6.001380000001518], [-21.554643144, 162.52558798, 0.0, 5.344780000013998], [65.231661536, 195.18276581, 0.0, 3.2124199999962], [65.231661536, 195.18276581, 0.0, 3.2124199999962], [209.79059426, 22.10143694, 0.0, 2.6813900000124704], [209.79059426, 22.10143694, 0.0, 2.6813900000124704], [209.79059426, 22.10143694, 0.0, 2.6813900000124704], [245.28835316, -4.6697095609, 0.0, 0.1650800000061281], [245.28835316, -4.6697095609, 0.0, 0.1650800000061281], [245.28835316, -4.6697095609, 0.0, 0.1650800000061281]], "gmp": [[79.542594142, 183.37805765, 0.0, 2.77113000000827, 2.4177433], [197.03154527, 11.481424718, 0.0, -0.3513800000073388, 1.5510504844], [198.24451585, 10.89843915, 0.0, -5.041540000005625, 3.2419376095], [200.1855427, 11.705482371, 0.0, -2.6719499999890104, 4.5283022525], [62.570264486, 182.4544804, 0.0, 2.6025899999949615, 26.901018773], [58.897587191, 183.40419899, 0.0, 2.622910000005504, 1.3865658881], [58.003864645, 181.30478721, 0.0, 2.4261899999983143, 1.4912956755], [59.648277426, 180.64742273, 0.0, 2.314539999992121, 1.3855467499], [205.65794848, 14.621355856, 0.0, 2.3426800000015646, 0.44510890669], [58.402938544, 180.46507949, 0.0, 2.290899999992689, 0.14187271642], [232.19904589, -0.91170212356, 0.0, -0.16930999999749474, 0.36018464022], [241.74886208, 3.2696074206, 0.0, -0.11762000000453554, 0.1403805998], [242.195913, 3.4819387468, 0.0, -0.12857000000076368, 0.1283347035]], "gmp_convergence": [[208.21168568, 0.17229513242], [1.3457970896, 0.25879615139], [2.1021189255, 0.13075023478], [219.30158487, 0.27320995808], [3.7934844013, 0.00097808652803], [2.2817251793, 0.0091960078903], [1.7709380176, 0.00499395813], [221.09608527, 0.0012285266062], [221.78408108, 0.0022034669495], [251.20235635, 0.10142670977], [10.4250822, 0.0021216648186], [0.49491323779, 0.00044664326]], "GP_hyperparam": [[0.65053711929, 0.35151069331, 5.591495769, 5.6733806036, 2.1789412908, 0.23752474139], [0.57491803671, 0.49607928518, 10.063823695, 7.2241656103, 2.0937506733e-11, 1.1100480326e-07], [0.53651543333, 0.449900278, 12.105632616, 6.2453612287, 2.0937506732e-11, 1.110046808e-07], [0.53134724567, 0.44180833981, 9.9565135601, 6.5771316135, 1.4929043789, 7.3818246193e-06], [0.63069331648, 0.47877687409, 7.0575425123, 6.9202998021, 40.612994427, 7.3873772776e-06], [0.65104223469, 0.52519440207, 7.371439882, 7.3722397403, 35.465703575, 2.8338463669], [0.65933864263, 0.54989766605, 7.6410417413, 7.6317958023, 31.324085428, 4.6349958358], [0.634023536, 0.56861734724, 8.9974171483, 8.0949513075, 28.375799404, 9.0734363914e-05], [0.64214582698, 0.58981350704, 9.240467009, 8.3884237288, 27.517428089, 7.4013416561e-05], [0.66183048111, 0.62129020382, 9.5923978918, 8.8448723074, 27.822878906, 7.6506600611e-05], [0.67294281081, 0.61458266754, 8.8266779271, 8.5861128153, 53.277748698, 7.6670538933e-05], [0.66067166021, 0.59724304573, 8.9505153036, 8.3227618055, 52.140607808, 0.00027075727768], [0.6727179745, 0.61432327245, 8.9965540823, 8.5694029769, 50.973292405, 8.7863387565e-05]], "itertime": [0.001, 0.0, 0.001, 0.001, 0.001, 0.001, 0.001, 0.001, 0.001, 0.001, 0.001, 0.0, 0.001, 0.001, 0.001, 0.001, 0.001, 0.0, 0.001, 0.0, 0.001, 0.001, 0.001, 0.001, 0.001, 0.0, 1.319, 65.691, 54.21, 53.432, 53.984, 53.335, 53.502, 52.28, 53.996, 57.027, 57.388, 64.137, 70.96], "totaltime": [65.84899999999999, 132.059, 132.804, 133.58499999999998, 134.31199999999998, 135.033, 135.685, 136.459, 137.253, 137.97799999999998, 138.627, 139.435, 140.259, 140.954, 141.685, 142.469, 143.163, 143.911, 145.42, 146.192, 146.998, 147.78, 149.402, 150.13, 150.944, 151.733, 153.053, 218.74399999999997, 272.955, 326.387, 380.37199999999996, 433.707, 487.21000000000004, 539.491, 593.487, 650.515, 707.904, 772.0409999999999, 843.0799999999999],