{"name": "a3c7_49", "initpts": [2, 50], "iterpts": [50], "num_tasks": 2, "obs": null, "acqtime": [55.22, 53.23, 52.241, 52.0, 51.103, 52.071, 51.629, 53.356, 51.82, 51.531, 55.125, 74.847], "bestacq": [[-50.0, -50.0, 0.0, 12.40512999999919], [52.726735208, 181.54889633, 0.0, 1.9573700000182725], [52.726735208, 181.54889633, 0.0, 1.9573700000182725], [52.726735208, 181.54889633, 0.0, 1.9573700000182725], [52.726735208, 181.54889633, 0.0, 1.9573700000182725], [52.726735208, 181.54889633, 0.0, 1.9573700000182725], [52.726735208, 181.54889633, 0.0, 1.9573700000182725], [52.726735208, 181.54889633, 0.0, 1.9573700000182725], [52.726735208, 181.54889633, 0.0, 1.9573700000182725], [52.726735208, 181.54889633, 0.0, 1.9573700000182725], [52.726735208, 181.54889633, 0.0, 1.9573700000182725], [236.81301403, -7.5779316179, 0.0, 0.6406000000133645], [236.81301403, -7.5779316179, 0.0, 0.6406000000133645]], "gmp": [[56.988517012, 180.71658915, 0.0, 3.473100000002887, 1.2702158038], [53.553930742, 182.80502259, 0.0, 1.9507400000002235, 0.0091090358517], [50.83249536, 183.98230365, 0.0, 1.9321800000034273, 0.036087806318], [49.753881879, 184.61684883, 0.0, 1.9134400000039022, 0.063097648502], [50.470954972, 185.6488276, 0.0, 1.8965400000161026, 0.08128042384], [50.545243556, 185.44100796, 0.0, 1.9009700000169687, 0.058836861904], [50.976670656, 185.18016156, 0.0, 1.9097400000027847, 0.049657011982], [42.657249392, 178.64272871, 0.0, 1.7547900000063237, 0.13670210407], [50.35345959, 176.40165608, 0.0, 1.845789999992121, 0.045378280169], [50.181853181, 176.2719493, 0.0, 1.839880000014091, 0.044937161685], [51.271862682, 177.42068416, 0.0, 1.8844800000078976, 0.01948786812], [234.81061873, -4.4200483232, 0.0, 0.5819199999968987, 0.024364228344], [238.65949435, 0.91176628782, 0.0, 0.04889999999431893, 0.10996506162]], "gmp_convergence": [[4.0196936539, 0.082225706205], [2.9651646225, 0.0010022204073], [1.2514210426, 0.0010124447186], [1.2566519038, 0.00091248036424], [0.22069843389, 0.00023897551258], [0.5041529365, 0.00047392420564], [10.580680437, 0.0083692154426], [8.0158628948, 0.0049150760083], [0.21511068968, 0.00031938608685], [1.5835758596, 0.002409217811], [258.365104, 0.070353974626], [6.5758718506, 0.028789417165]], "GP_hyperparam": [[0.57788826039, 0.50834000951, 6.6202162445, 7.1415184724, 0.20219900341, 1.3877228213], [0.5779798884, 0.50662217358, 7.2785836545, 6.7692379476, 6.191797538, 6.6947821244], [0.58245572881, 0.51130684502, 6.6896201007, 6.6883430671, 9.6271740865, 9.9810276959], [0.58601558271, 0.51408314346, 6.6111407851, 6.6111832518, 8.7222670048, 12.473892472], [0.58883004214, 0.51571380071, 6.5551202715, 6.5874196754, 6.9883737208, 13.689802081], [0.59338422774, 0.51930249865, 6.5244568129, 6.8362477674, 5.2464709037, 12.168193905], [0.59735794362, 0.52365743524, 6.6958041603, 6.9669379922, 5.3728263681, 12.312290994], [0.59971028254, 0.53034243592, 7.2170500288, 7.1664518878, 4.775649178, 11.682604581], [0.60710202363, 0.53536663877, 7.6597215908, 7.4593965095, 5.3990508468, 10.312905179], [0.61184240285, 0.53826009265, 7.5815738516, 7.568639986, 5.2740769457, 10.197374195], [0.61783842605, 0.54365295596, 7.9648696349, 7.8096996152, 4.361322674, 9.2253821895], [0.59263231958, 0.52558967525, 7.2448644076, 6.8641215017, 7.5258516739, 12.901437593], [0.57769592429, 0.50887065956, 7.416674442, 7.2795911808, 25.862649948, 0.006853065297]], "itertime": [0.001, 0.0, 0.001, 0.001, 0.001, 0.001, 0.001, 0.001, 0.001, 0.001, 0.001, 0.001, 0.001, 0.001, 0.001, 0.001, 0.001, 0.0, 0.0, 0.0, 0.0, 0.0, 0.0, 0.0, 0.0, 0.0, 0.001, 0.0, 0.0, 0.0, 0.0, 0.0, 0.0, 0.0, 0.0, 0.0, 0.0, 0.0, 0.0, 0.0, 0.0, 0.0, 0.001, 0.0, 0.001, 0.001, 0.001, 0.001, 0.001, 0.0, 0.001, 1.163, 56.389, 54.313, 53.585, 53.209, 52.222, 53.244, 52.989, 54.856, 53.255, 53.149, 56.616, 76.814], "totaltime": [54.791, 120.164, 120.909, 121.69000000000001, 122.417, 123.138, 123.78900000000002, 124.563, 125.357, 126.08300000000001, 126.732, 127.54, 128.363, 129.058, 129.789, 130.573, 131.267, 132.01600000000002, 133.525, 134.296, 135.102, 135.88500000000002, 137.507, 138.235, 139.049, 139.838, 141.496, 142.28900000000002, 142.865, 143.514, 144.26100000000002, 145.498, 146.274, 147.049, 147.916, 149.503, 150.269, 151.053, 151.75900000000001, 153.478, 154.276, 155.044, 155.758, 157.465, 158.227, 158.936, 159.64600000000002, 160.411, 161.442, 162.17100000000002, 162.917, 164.08100000000002, 220.471, 274.78400000000005, 328.369, 381.57800000000003, 433.80100000000004, 487.045, 540.035, 594.891, 648.1460000000001, 701.296, 757.913, 834.7270000000001],