{"name": "a3c7_34", "initpts": [2, 25], "iterpts": [50], "num_tasks": 2, "obs": null, "acqtime": [63.476, 52.924, 52.124, 52.734, 52.613, 51.01, 51.026, 52.6, 55.551, 49.759, 58.293, 63.571, 79.674], "bestacq": [[-50.0, -50.0, 0.0, 12.40512999999919], [-50.0, -50.0, 0.0, 12.40512999999919], [-50.0, -50.0, 0.0, 12.40512999999919], [-20.075309672, 162.74681061, 0.0, 5.345380000013392], [-20.075309672, 162.74681061, 0.0, 5.345380000013392], [65.886500077, 195.41306636, 0.0, 3.26089000000502], [65.886500077, 195.41306636, 0.0, 3.26089000000502], [209.75293665, 22.45822322, 0.0, 2.764980000007199], [209.75293665, 22.45822322, 0.0, 2.764980000007199], [209.75293665, 22.45822322, 0.0, 2.764980000007199], [209.75293665, 22.45822322, 0.0, 2.764980000007199], [209.75293665, 22.45822322, 0.0, 2.764980000007199], [253.03273034, -4.5707237997, 0.0, 0.2554999999993015], [253.03273034, -4.5707237997, 0.0, 0.2554999999993015]], "gmp": [[79.54107993, 183.37850269, 0.0, 2.7840199999918696, 2.4131997823], [197.03121873, 11.482047917, 0.0, -0.3513199999870267, 1.5507588592], [198.24466811, 10.898615269, 0.0, -5.04116999998223, 3.2417473438], [200.0187964, 12.381888684, 0.0, -1.1082900000037625, 3.1869936701], [62.826257138, 182.51730094, 0.0, 2.569580000010319, 26.829002325], [59.04298365, 183.42727525, 0.0, 2.642870000010589, 1.449055038], [57.066926571, 182.32024354, 0.0, 2.5268900000082795, 1.4165614201], [59.094150827, 181.36576937, 0.0, 2.4017800000146963, 1.3616122734], [205.36559091, 15.026160197, 0.0, 2.4221900000120513, 0.43218546238], [56.342355911, 180.65561348, 0.0, 2.278330000001006, 0.094122148427], [207.22314971, 6.7802516146, 0.0, 0.9482800000114366, 1.0058356388], [207.17501331, 6.3776885782, 0.0, 0.8853200000012293, 0.89635019948], [228.46590798, -0.53210893043, 0.0, -0.6640499999921303, 0.74694015683], [240.12673032, 2.716792303, 0.0, -0.13375000000814907, 0.25046340244]], "gmp_convergence": [[208.21220876, 0.17300332321], [1.3464223225, 0.25877897578], [2.3124945859, 0.21701055593], [218.55857644, 0.19024677852], [3.8911709709, 0.0035258185935], [2.2650211466, 0.0053989984733], [2.2406827349, 0.0055782890495], [221.50440123, 0.00088873146095], [222.8026938, 0.0061048995439], [230.21219646, 0.05789367195], [0.40543077274, 0.0026870064205], [22.384090279, 0.064342458886], [12.104963313, 0.021840146381]], "GP_hyperparam": [[0.6505391828, 0.35151714111, 5.5981185188, 5.6598979613, 2.0250381301, 0.39170104614], [0.57492997182, 0.49611744279, 10.063811083, 7.2242555951, 3.0274283946e-08, 2.5758404242e-07], [0.53651802298, 0.44990570378, 12.105475837, 6.2454432979, 3.0274282126e-08, 2.575833736e-07], [0.5250487243, 0.46972022723, 9.4078787369, 6.9707936968, 0.47677863522, 0.094101194074], [0.63054014182, 0.47776960089, 7.0620154529, 6.9099925282, 40.855029116, 0.0056813024528], [0.65116927225, 0.52510248887, 7.3730736072, 7.3739990849, 35.634533781, 2.8212642915], [0.66496078398, 0.55608775262, 7.6822860034, 7.6826464068, 30.240422432, 5.4939603711], [0.63650729495, 0.57015816306, 9.006847609, 8.1286228177, 27.735187921, 7.6038415605e-05], [0.64593984104, 0.59266293607, 9.2587325443, 8.4463383462, 26.756285522, 7.6023993704e-05], [0.6659911819, 0.62470064933, 9.6297524731, 8.907555765, 27.220753429, 5.1824725018e-05], [0.66014973506, 0.56885163295, 10.330044756, 8.0852087934, 31.227552535, 4.0227920541e-05], [0.67980941268, 0.60123513485, 10.884801268, 8.5015552931, 31.749015694, 0.00015307922318], [0.69336886454, 0.62822694049, 10.4669422, 8.755691575, 48.135897188, 0.00015358235228], [0.68281702808, 0.60835679544, 10.814665565, 8.4969642293, 45.802688119, 3.1936907696e-05]], "itertime": [0.002, 0.002, 0.002, 0.002, 0.002, 0.002, 0.002, 0.002, 0.002, 0.002, 0.002, 0.002, 0.002, 0.002, 0.002, 0.002, 0.002, 0.002, 0.002, 0.002, 0.002, 0.002, 0.002, 0.002, 0.002, 0.002, 1.181, 64.5, 54.007, 53.285, 54.13, 53.99, 52.333, 52.42, 53.977, 56.856, 51.219, 59.702, 65.343, 81.492], "totaltime": [75.824, 151.31300000000002, 152.06300000000002, 152.84900000000002, 153.58100000000002, 154.30700000000002, 154.96300000000002, 155.74200000000002, 156.54100000000003, 157.27200000000002, 157.92600000000004, 158.73900000000003, 159.56700000000004, 160.26700000000002, 161.00300000000004, 161.79200000000003, 162.49100000000004, 163.24500000000003, 164.75900000000001, 165.535, 166.346, 167.13400000000001, 168.761, 169.494, 170.313, 171.107, 172.292, 236.79500000000002, 290.805, 344.093, 398.226, 452.219, 504.555, 556.978, 610.958, 667.817, 719.039, 778.744, 844.1320000000001, 925.671],