{"name": "a3c7_67", "initpts": [2, 40], "iterpts": [50], "num_tasks": 2, "obs": null, "acqtime": [128.305, 106.723], "bestacq": [[-50.0, -50.0, 0.0, 12.40512999999919], [212.05908519, 168.23124606, 0.0, 5.442899999994552], [185.16181601, 12.0349291, 0.0, 3.947730000014417]], "gmp": [[63.503948176, 183.25979272, 0.0, 3.7304600000206847, 1.4439146945], [61.032091982, 185.15314991, 0.0, -1.6628400000045076, 10.872125702], [56.410178401, 187.3172922, 0.0, 2.3403899999975692, 13.657727056]], "gmp_convergence": [[3.1136593431, 0.29759433148], [5.1034887066, 0.22089206282]], "GP_hyperparam": [[0.56937094311, 0.48634867158, 6.4114029431, 6.8198447952, 0.47311562221, 1.0502325148], [0.55884006235, 0.4633453597, 8.3012170021, 6.4419965009, 11.772089036, 8.8178996546e-05], [0.56728026886, 0.47830853062, 6.6275180626, 5.6004823205, 0.98725580292, 15.178428147]], "itertime": [0.014, 0.032, 0.224, 0.026, 0.011, 0.048, 0.033, 0.018, 0.039, 0.021, 0.028, 0.012, 0.162, 0.061, 0.101, 0.018, 0.133, 0.042, 0.02, 0.017, 0.094, 0.022, 0.067, 0.017, 0.027, 0.016, 0.032, 0.011, 0.016, 0.002, 0.022, 0.009, 0.002, 0.004, 0.003, 0.002, 0.125, 0.019, 0.017, 0.042, 0.054, 1.233, 130.028, 108.023], "totaltime": [64.101, 126.879, 127.97900000000001, 128.843, 129.646, 130.48, 131.22400000000002, 132.057, 132.90800000000002, 133.674, 134.37, 135.275, 136.33, 137.104, 137.96300000000002, 138.77300000000002, 139.609, 140.409, 141.94500000000002, 142.792, 143.72, 144.538, 146.244, 147.019, 147.868, 148.683, 150.388, 151.199, 151.806, 152.477, 153.257, 154.51000000000002, 155.293, 156.07600000000002, 156.95100000000002, 158.54500000000002, 159.45, 160.257, 160.98700000000002, 162.75300000000001, 163.619, 164.857, 294.922, 402.952], "boss.in": ["\n", "-----------------------------   Welcome to ....   ------------------------------\n", "                      _______  _______ _______ _______ \n", "                     |   _   \\|   _   |   _   |   _   |\n", "                     |.  1   /|.  |   |   1___|   1___|\n", "                     |.  _   \\|.  |   |____   |____   |\n", "                     |:  1    |:  1   |:  1   |:  1   |\n", "                     |::.. .  |::.. . |::.. . |::.. . |\n", "                     `-------'`-------`-------`-------'\n", "\n", "                                 Version 0.9.15                                 \n", "                              30-09-2020 17:37:01                               \n", "--------------------------------------------------------------------------------\n", "\n", "| Reading BOSS input file from: in_2D\n", "| Initializing...\n", "\n", "--------------------------------------------------------------------------------\n", "                                   INPUT FILE                                   \n", "--------------------------------------------------------------------------------\n", "# input file for alanine 2D (d4-d13)\n", "\n", "# optimization\n", "userfn       userfn_2D.py\n", "bounds       -50 310; -50 310\n", "kernel       stdp\n", "num_tasks    2\n", "initpts 2 40\n", "iterpts      50\n", "verbosity    2\n", "W_prior      gaussian\n", "W_priorparam 10.062 3.953\n", "thetaprior gamma\n", "thetapriorparam 2 0.016; 3.3678 9.0204; 3.3678 9.0204\n", "RESULTS:\n", "-5.000000000000000E+01 -5.000000000000000E+01 0 -2.030049146092371E+05 \n", "1.300000000000000E+02 1.300000000000000E+02 0 -2.030038208770180E+05 \n", "7.995768777922642E+00 2.622073804431099E+02 1 3.338490000000000E+01 \n", "1.361129454742689E+02 1.890543144761587E+02 1 2.117780000000000E+01 \n", "3.060125236296456E+02 2.014881465412536E+02 1 2.190070000000000E+01 \n", "1.791501794849083E+02 2.765201488156509E+02 1 3.580480000000000E+01 \n", "1.247841794181259E+02 1.253161024399498E+02 1 2.859680000000000E+01 \n", "-4.183478637883191E+01 2.247754273385033E+02 1 2.563460000000000E+01 \n", "4.042078442084353E+00 2.833195207672877E+02 1 3.440890000000000E+01 \n", "6.006625147242033E+01 5.607230413774668E+01 1 3.158770000000000E+01 \n", "2.824591824676401E+02 8.733497802283350E+01 1 3.651720000000000E+01 \n", "2.308857506826149E+02 -4.348500539059306E+01 1 2.974380000000000E+01 \n", "2.637560403513044E+02 3.026063286741615E+02 1 3.091960000000000E+01 \n", "1.456510836207618E+02 1.065773672830548E+02 1 3.102800000000000E+01 \n", "2.498675809883969E+02 3.205682282144933E+01 1 2.618560000000000E+01 \n", "1.964384275559904E+02 2.844634879903527E+02 1 3.586640000000000E+01 \n", "9.655150985671881E-01 2.180869479260165E+02 1 2.503030000000000E+01 \n", "6.286781825770584E+01 2.758675567459083E+01 1 2.790440000000000E+01 \n", "1.372878807686562E+02 2.505261113104165E+02 1 3.366600000000000E+01 \n", "2.649507236551389E+02 2.379301391817942E+02 1 3.297860000000000E+01 \n", "2.797861550528711E+01 2.884495225968018E+02 1 3.416710000000000E+01 \n", "8.336542981295858E+01 1.773128592134727E+02 1 1.839420000000000E+01 \n", "4.435478718055121E+01 2.490460000762928E+02 1 2.969300000000000E+01 \n", "1.225290584506745E+02 2.412753075786815E+02 1 3.141840000000000E+01 \n", "3.854856359242393E+01 1.308501719513262E+02 1 2.575160000000000E+01 \n", "1.166737728626051E+02 5.827322503129257E+01 1 3.351220000000000E+01 \n", "1.859328259558109E+02 -4.275394410189080E-01 1 1.906640000000000E+01 \n", "7.420871197166315E+01 -6.631749490748319E+00 1 2.579570000000000E+01 \n", "5.262166250345729E+01 1.288447983806136E+02 1 2.560320000000000E+01 \n", "2.674557082193111E+02 2.430468535003667E+02 1 3.344420000000000E+01 \n", "4.667018824523893E+01 -1.526921746965166E+01 1 2.677360000000000E+01 \n", "4.808449641947541E+01 9.405211147813318E+00 1 2.522940000000000E+01 \n", "8.487681964342465E+01 4.470446811750168E+01 1 3.317520000000000E+01 \n", "2.303139647789993E+02 2.308909357399831E+01 1 2.282250000000000E+01 \n", "2.106756354562393E+02 2.989816893896850E+02 1 3.422330000000000E+01 \n", "6.829869411641627E+01 1.185473678300517E+02 1 2.804840000000000E+01 \n", "2.790626604264436E+02 5.144421391314951E+01 1 3.193420000000000E+01 \n", "2.778661713866254E+01 2.137531156270966E+02 1 2.290650000000000E+01 \n", "8.650902988358379E+01 1.258747300439346E+02 1 2.728940000000000E+01 \n", "2.332915131633856E+02 1.110176283813885E+00 1 1.999250000000000E+01 \n", "2.256877640627427E+02 6.690465402502554E+01 1 3.462510000000000E+01 \n", "2.053024558193834E+02 1.560099979658911E+01 1 1.926250000000000E+01 \n", "--------------------------------------------------------------------------------\n", "                               SIMULATION OPTIONS                               \n", "--------------------------------------------------------------------------------\n", "|| File input/output \n", "ipfile         in_2D\n", "userfn         userfn_2D.py\n", "outfile        boss.out\n", "rstfile        boss.rst\n", "\n", "|| Key settings \n", "num_tasks         2\n", "bounds         -5.000E+01 3.100E+02;    -5.000E+01 3.100E+02\n", "kerntype       stdp stdp\n", "yrange         -5.000E+01 3.100E+02;    -5.000E+01 3.100E+02\n", "noise          1.000E-12\n", "initpts    2 40    iterpts   50\n", "gm_tol         none\n", "verbosity      2\n", "\n", "|| Data acquisition \n", "acqfn                elcb\n", "acqtol               1.000E-03\n", "\n"], "bounds": [], "kernel": ["stdp"], "thetapriorparam": [[9.0204], [9.0204]], "yrange": ["-5.000E+01", "3.100E+02;", "-5.000E+01", "3.100E+02"], "thetainit": ["1.000E+00", "3.142E-01"], "tasks": 2, "dim": 2,