{"name": "a3c7_3", "initpts": [2, 20], "iterpts": [50], "num_tasks": 2, "obs": null, "acqtime": [60.892, 55.283, 53.517, 53.028, 53.427, 54.013, 53.89, 53.473, 51.254, 56.785, 52.98, 56.452, 52.967, 57.0, 56.868, 52.944, 55.942, 57.371, 56.081, 55.392], "bestacq": [[-50.0, -50.0, 0.0, 12.40512999999919], [-0.58474256198, 165.8253315, 0.0, 5.0950900000170805], [-0.58474256198, 165.8253315, 0.0, 5.0950900000170805], [81.778617617, 193.91749624, 0.0, 3.526030000008177], [81.778617617, 193.91749624, 0.0, 3.526030000008177], [81.778617617, 193.91749624, 0.0, 3.526030000008177], [81.778617617, 193.91749624, 0.0, 3.526030000008177], [81.778617617, 193.91749624, 0.0, 3.526030000008177], [81.778617617, 193.91749624, 0.0, 3.526030000008177], [81.778617617, 193.91749624, 0.0, 3.526030000008177], [72.790063241, 166.74926192, 0.0, 2.9192500000062864], [72.790063241, 166.74926192, 0.0, 2.9192500000062864], [238.69255362, -9.4060342315, 0.0, 0.8616099999926519], [238.69255362, -9.4060342315, 0.0, 0.8616099999926519], [265.43414105, -6.1572355385, 0.0, 0.8147999999928288], [265.43414105, -6.1572355385, 0.0, 0.8147999999928288], [265.43414105, -6.1572355385, 0.0, 0.8147999999928288], [265.43414105, -6.1572355385, 0.0, 0.8147999999928288], [265.43414105, -6.1572355385, 0.0, 0.8147999999928288], [265.43414105, -6.1572355385, 0.0, 0.8147999999928288], [225.18485314, 5.212010812, 0.0, 0.1875]], "gmp": [[80.302372038, 180.00735287, 0.0, 2.6527899999928195, 3.0458370297], [78.846138417, 182.49409709, 0.0, 1.6099500000127591, 8.4675320093], [66.663816082, 181.84512013, 0.0, 3.4027599999972153, 5.6039756669], [68.593812723, 184.32174132, 0.0, 3.063850000005914, 0.64518492421], [-40.605692782, 191.6246091, 0.0, 2.8916100000205915, 4.4202417395], [76.671951094, 183.35696186, 0.0, 3.0563600000168663, 0.63593764641], [77.037552696, 180.47077044, 0.0, 2.651750000019092, 1.1065358556], [78.430323894, 179.65024514, 0.0, 2.4270700000051875, 1.3631047017], [87.297596632, 179.68035574, 0.0, 2.2957100000057835, 1.278189573], [86.648941516, 179.66642585, 0.0, 2.3155600000172853, 1.0947346369], [82.65328209, 178.33032457, 0.0, 2.141109999996843, 0.15697550585], [86.43591251, 178.54186904, 0.0, 2.112220000009984, 0.21596203678], [241.49419849, -7.3799768814, 0.0, 0.8102099999960046, 0.052058639884], [241.91222868, -7.5472131502, 0.0, 0.807120000012219, 0.052153701788], [252.40039663, -7.0292832814, 0.0, 0.2220800000068266, 0.018606144307], [252.21398196, -6.3543452373, 0.0, 0.2162700000044424, 0.023309741191], [252.07336938, -6.0560536666, 0.0, 0.2171000000089407, 0.024545715929], [252.1686731, -6.1824159885, 0.0, 0.22984000001451932, 0.021381677871], [251.92109977, -5.5007641106, 0.0, 0.21889000001829118, 0.0086341202559], [246.44800386, -1.6565536938, 0.0, 0.09979000000748783, 0.014522317728], [235.25809939, 1.3279404793, 0.0, 0.02793999999994412, 0.0083900896297]], "gmp_convergence": [[2.8817552226, 0.057542118702], [12.199596245, 0.098924637781], [3.1398311344, 0.01870075069], [109.44342776, 0.0095038602117], [117.56870223, 0.0090906604585], [2.9092551397, 0.019056831396], [1.6165003477, 0.010968992683], [8.867323861, 0.0062143668036], [0.64880467145, 0.00095377248444], [4.2131295827, 0.0081501364767], [3.7885411378, 0.00134801255], [242.09503267, 0.05906720883], [0.45024127836, 0.00013856053973], [10.500948441, 0.025672617814], [0.7002083907, 0.00025244863422], [0.32977228272, 3.6005177526e-05], [0.15827266182, 0.00054698104068], [0.72521847607, 0.00046391585708], [6.6882533247, 0.0049926420858], [11.581069366, 0.0029736417734]], "GP_hyperparam": [[0.71613440607, 0.36294681712, 5.6287717247, 5.2944842154, 1.5684357351, 1.8935401596], [0.71041100359, 0.36985635001, 5.4187802213, 5.4375637813, 11.153523543, 0.52652929791], [0.70720918471, 0.36323782624, 4.0216784768, 5.3724863747, 8.6242182216, 0.00038806081368], [0.71269101652, 0.37615513918, 3.9331461896, 5.5256084158, 11.774986169, 0.0003882806554], [0.72196087936, 0.37013130043, 3.5662550671, 5.474980401, 12.638414691, 0.00038831544873], [0.70837158528, 0.35895236914, 3.1397182917, 5.3527459949, 13.879164876, 3.3215387352e-05], [0.71210613996, 0.40189489948, 5.0799830779, 5.6068021095, 15.812160766, 3.8582715838], [0.70177611406, 0.37055038809, 5.0092684543, 5.4050588387, 14.056880197, 2.3425100018], [0.74040969566, 0.38074796733, 5.3047373438, 5.3392706158, 13.937372318, 5.1081090438], [0.74488240679, 0.3866643797, 5.1484755383, 5.4719548927, 12.730558095, 4.0576880041], [0.77285549914, 0.42176800013, 5.763425737, 5.7636995863, 12.218386946, 6.1491163245], [0.78862984433, 0.41265352635, 5.4146039745, 5.6605486219, 12.266527796, 6.2283084605], [0.7113976503, 0.48464310757, 7.2122599965, 6.6716312237, 24.133776907, 0.00010196228615], [0.73361571985, 0.50627413193, 7.4810806178, 6.9359943758, 25.117255687, 0.00010197082631], [0.7575443353, 0.54049528206, 8.6863835015, 7.3983878366, 26.71343286, 6.3964135151e-05], [0.73135344337, 0.58525066819, 8.8982458886, 7.9391375213, 24.228755829, 0.000106292637], [0.74468591449, 0.59742176647, 9.1852536197, 8.030432018, 24.21478291, 0.00010629182225], [0.76390969717, 0.61271328484, 9.3162632119, 8.2723171491, 25.418248095, 0.00010630163613], [0.77314231663, 0.64093803938, 9.6810050947, 8.6480562802, 24.99902773, 6.4132861768e-05], [0.75878990224, 0.4947545513, 8.5594467492, 7.2357331967, 30.968211944, 6.4163118984e-05], [0.73579778042, 0.52723937404, 9.7411311341, 7.4206926296, 36.250832364, 6.418727487e-05]], "itertime": [0.001, 0.001, 0.001, 0.001, 0.001, 0.001, 0.001, 0.001, 0.001, 0.001, 0.001, 0.001, 0.001, 0.001, 0.001, 0.001, 0.001, 0.001, 0.001, 0.001, 0.001, 1.767, 62.01, 56.749, 54.674, 54.304, 54.723, 55.143, 55.396, 54.801, 52.793, 58.176, 54.437, 58.256, 54.861, 58.75, 58.756, 54.516, 57.776, 59.441, 58.056, 57.398], "totaltime": [66.07000000000001, 131.755, 132.5, 133.281, 134.008, 134.72899999999998, 135.38, 136.155, 136.949, 137.675, 138.324, 139.132, 139.955, 140.65, 141.382, 142.166, 142.86, 143.609, 145.119, 145.89000000000001, 146.696, 148.464, 210.475, 267.225, 321.9, 376.204, 430.928, 486.072, 541.4680000000001, 596.269, 649.063, 707.239, 761.68, 819.936, 874.797, 933.548, 992.305, 1046.821, 1104.598, 1164.0390000000002, 1222.096, 1279.4969999999998],