{"name": "a3c7_4", "initpts": [2, 25], "iterpts": [50], "num_tasks": 2, "obs": null, "acqtime": [62.653, 53.699, 52.614, 52.771, 52.399, 53.045, 51.407, 52.426, 56.298, 53.286, 56.814, 53.468, 56.125, 51.104, 56.61, 53.782, 53.174, 54.999, 56.874, 54.318, 68.472, 81.381], "bestacq": [[-50.0, -50.0, 0.0, 12.40512999999919], [-50.0, -50.0, 0.0, 12.40512999999919], [-50.0, -50.0, 0.0, 12.40512999999919], [213.88968505, 164.75937694, 0.0, 6.001480000006268], [-21.559547579, 162.52495399, 0.0, 5.344890000007581], [65.211431692, 195.19353984, 0.0, 3.214030000002822], [65.211431692, 195.19353984, 0.0, 3.214030000002822], [209.81514868, 22.106621322, 0.0, 2.6825100000132807], [209.81514868, 22.106621322, 0.0, 2.6825100000132807], [209.81514868, 22.106621322, 0.0, 2.6825100000132807], [209.81514868, 22.106621322, 0.0, 2.6825100000132807], [244.96643117, -4.6125350053, 0.0, 0.16169999999692664], [244.96643117, -4.6125350053, 0.0, 0.16169999999692664], [244.96643117, -4.6125350053, 0.0, 0.16169999999692664], [244.96643117, -4.6125350053, 0.0, 0.16169999999692664], [244.96643117, -4.6125350053, 0.0, 0.16169999999692664], [244.96643117, -4.6125350053, 0.0, 0.16169999999692664], [244.96643117, -4.6125350053, 0.0, 0.16169999999692664], [244.96643117, -4.6125350053, 0.0, 0.16169999999692664], [244.96643117, -4.6125350053, 0.0, 0.16169999999692664], [236.05067703, 3.3015715776, 0.0, 0.04287000000476837], [236.67667526, 0.44693006463, 0.0, 0.0029300000169314444], [236.67667526, 0.44693006463, 0.0, 0.0029300000169314444]], "gmp": [[79.527629189, 183.38235137, 0.0, 2.8541499999992084, 2.3894940868], [197.03348698, 11.482739856, 0.0, -0.35353999998187646, 1.551603211], [198.24630352, 10.899131006, 0.0, -5.043119999987539, 3.2426237013], [200.18690161, 11.707518853, 0.0, -2.6718300000065938, 4.5246162087], [62.569252367, 182.45399256, 0.0, 2.60331999999471, 26.908083516], [58.893931054, 183.40404053, 0.0, 2.623909999994794, 1.3871815682], [57.991966161, 181.31273041, 0.0, 2.4285300000046846, 1.4905152057], [59.649880232, 180.64581567, 0.0, 2.315130000002682, 1.3860939346], [205.66297778, 14.623677003, 0.0, 2.3428300000086892, 0.4459496467], [58.408813555, 180.46257426, 0.0, 2.2914199999941047, 0.14208245915], [58.832546254, 180.17497874, 0.0, 2.267680000019027, 0.13722460814], [232.56912356, -0.96210421181, 0.0, -0.13735000000451691, 0.27945993019], [227.39146036, -2.7649933427, 0.0, -0.42603000000235625, 0.33752850393], [227.14371296, -2.8638251899, 0.0, -0.43142000000807457, 0.30438343196], [237.07907496, 0.54742077504, 0.0, 0.0058000000135507435, 0.11448722824], [237.03682682, 0.57220145033, 0.0, 0.004199999995762482, 0.10644092285], [236.20085823, 0.74197327247, 0.0, -0.03363999997964129, 0.12415256914], [244.38552614, -2.6919896281, 0.0, 0.14087000000290573, 0.0039161563671], [237.2470356, 1.019581969, 0.0, 0.009120000002440065, 0.0017442469402], [237.69042118, 1.0449174056, 0.0, 0.003129999997327104, 0.0010797138151], [237.82390155, 0.92529129561, 0.0, 0.009669999999459833, 5.467510835e-05], [237.49201525, 0.76352517977, 0.0, 4.0000013541430235e-05, 5.9559790158e-07], [237.48350427, 0.7646439061, 0.0, 7.000000914558768e-05, 5.826274271e-07]], "gmp_convergence": [[208.22368514, 0.17699539238], [1.3459284015, 0.25876403993], [2.1022397207, 0.13084438608], [219.3011073, 0.27323649853], [3.7961266983, 0.00099139243506], [2.277524688, 0.0091333397021], [1.7870238758, 0.0050719848098], [221.09539837, 0.0012089982074], [221.77991055, 0.0021880215532], [0.51211383582, 0.00099773813582], [250.98812943, 0.098281888769], [5.4825728862, 0.011744329601], [0.26673302439, 0.00021637524955], [10.50466644, 0.017518806419], [0.048979450777, 6.322392859e-05], [0.8530333914, 0.0014953819359], [8.8758599598, 0.0068121578271], [8.0457324682, 0.0050737797854], [0.44410883947, 0.0002280661245], [0.17924122002, 0.00024625513911], [0.36921103609, 0.00035901719287], [0.0085841908609, 1.2873735231e-06]], "GP_hyperparam": [[0.65053759995, 0.35161251775, 5.6310935588, 5.5915808115, 1.2319712793, 1.1756139418], [0.57490474452, 0.49608441217, 10.06494427, 7.2242376545, 6.3886275719e-08, 1.727818128e-08], [0.53650000968, 0.44988930856, 12.106048934, 6.2452876088, 6.3886267723e-08, 1.7278178303e-08], [0.53136520145, 0.44185353783, 9.9571202075, 6.5780733375, 1.4895912162, 0.00010911909918], [0.63069775089, 0.47876493084, 7.0568156155, 6.9202178273, 40.623258443, 0.00011034038145], [0.65106865391, 0.52520791458, 7.3718748404, 7.3712871563, 35.446789524, 2.8538389692], [0.65923157173, 0.54966313912, 7.6284519862, 7.6276186179, 31.290601394, 4.6483559407], [0.63400603592, 0.56861521219, 8.9973382694, 8.0950405295, 28.379719914, 1.1246333228e-06], [0.64212479849, 0.58978831384, 9.2399409189, 8.3880905075, 27.521352374, 1.1246301863e-06], [0.66179463555, 0.62120248383, 9.5917907181, 8.8439130367, 27.812810591, 7.2878630551e-05], [0.67379559663, 0.64029367673, 9.7644895293, 9.1399824859, 27.379775699, 0.00076876111445], [0.6887957067, 0.63774539576, 8.912690876, 8.9368063896, 52.139503953, 0.035767196513], [0.69679091762, 0.64009557715, 9.4770261116, 8.9757621843, 49.796349851, 0.0002689660154], [0.71494632741, 0.66480982015, 9.8674885155, 9.3321328178, 49.883903503, 0.00013860903513], [0.68093942422, 0.58392918564, 10.021537245, 8.2852165634, 46.617905193, 0.00013843154679], [0.69441550952, 0.59021816321, 10.070250321, 8.4187388461, 46.691150835, 1.3399370452e-05], [0.68943367603, 0.5559805685, 8.8407120688, 8.1445885984, 45.026538578, 1.3398795012e-05], [0.70401503854, 0.59189022821, 9.6454703684, 8.5304242755, 49.365332063, 1.3399402851e-05], [0.72460602059, 0.59064209391, 10.404087403, 8.6891944937, 48.660202157, 3.7408541794e-05], [0.7356428105, 0.60588686862, 10.691774075, 8.934553208, 48.778608294, 3.6916896994e-05], [0.74507767088, 0.6173667033, 10.895683939, 9.1259589852, 48.850929043, 6.892582612e-05], [0.74764968489, 0.61722550507, 10.818091348, 9.285273441, 49.798312554, 4.6994058803e-05], [0.75244690306, 0.61629048589, 10.583460191, 9.2014316965, 54.289833014, 4.7000747478e-05]], "itertime": [0.001, 0.001, 0.001, 0.001, 0.001, 0.001, 0.001, 0.001, 0.001, 0.001, 0.001, 0.001, 0.001, 0.001, 0.001, 0.001, 0.001, 0.001, 0.001, 0.001, 0.001, 0.001, 0.001, 0.001, 0.001, 0.001, 2.007, 63.821, 54.88, 54.094, 54.125, 53.722, 54.306, 52.888, 53.871, 57.586, 54.814, 58.332, 54.972, 57.718, 52.706, 58.256, 55.428, 54.889, 56.887, 58.76, 56.094, 70.381, 83.472], "totaltime": [75.58600000000001, 150.784, 151.529, 152.31, 153.037, 153.758, 154.41, 155.184, 155.978, 156.704, 157.35400000000004, 158.162, 158.985, 159.681, 160.41200000000003, 161.19600000000003, 161.89000000000001, 162.639, 164.14800000000002, 164.919, 165.72500000000002, 166.50800000000004, 168.131, 168.859, 169.673, 170.46200000000002, 172.47, 236.291, 291.172, 345.26800000000003, 399.39300000000003, 453.116, 507.424, 560.313, 614.1850000000001, 671.771, 726.586, 784.918, 839.8919999999999, 897.611, 950.318, 1008.576, 1064.005, 1118.8940000000002, 1175.7810000000002, 1234.5420000000001, 1290.6360000000002, 1361.018, 1444.5690000000002],