{"name": "a3c7_39", "initpts": [2, 50], "iterpts": [50], "num_tasks": 2, "obs": null, "acqtime": [68.572, 54.955, 52.742, 53.172, 53.131, 51.692, 52.568, 53.15, 51.03, 54.195, 67.425, 86.318, 102.346], "bestacq": [[-50.0, -50.0, 0.0, 12.40512999999919], [52.729071276, 181.54926813, 0.0, 1.9573700000182725], [52.729071276, 181.54926813, 0.0, 1.9573700000182725], [52.729071276, 181.54926813, 0.0, 1.9573700000182725], [52.729071276, 181.54926813, 0.0, 1.9573700000182725], [52.729071276, 181.54926813, 0.0, 1.9573700000182725], [52.729071276, 181.54926813, 0.0, 1.9573700000182725], [52.729071276, 181.54926813, 0.0, 1.9573700000182725], [52.729071276, 181.54926813, 0.0, 1.9573700000182725], [52.729071276, 181.54926813, 0.0, 1.9573700000182725], [52.729071276, 181.54926813, 0.0, 1.9573700000182725], [52.729071276, 181.54926813, 0.0, 1.9573700000182725], [241.16227462, -7.1858859204, 0.0, 0.4540100000158418], [241.16227462, -7.1858859204, 0.0, 0.4540100000158418]], "gmp": [[56.990033793, 180.71547949, 0.0, 3.4553799999994226, 1.2734047113], [53.607228243, 182.78326972, 0.0, 1.9507699999958277, 0.0092669176065], [50.874890965, 183.96131767, 0.0, 1.9327400000183843, 0.03546113284], [49.808664395, 184.59986374, 0.0, 1.9142200000060257, 0.062212540339], [50.493519589, 185.63997294, 0.0, 1.8968999999924563, 0.081019478264], [50.535629205, 185.44505166, 0.0, 1.90079000001424, 0.059015975922], [42.168721365, 178.25999053, 0.0, 1.72497999999905, 0.16196905483], [42.555608771, 178.12372466, 0.0, 1.735000000015134, 0.14682924119], [42.201156092, 177.99441277, 0.0, 1.7184000000124797, 0.14276623585], [48.791725896, 179.6056087, 0.0, 1.9079800000181422, 0.0094439132542], [52.866158111, 177.20748961, 0.0, 1.8796600000059698, 0.012632865363], [53.277961998, 176.81501834, 0.0, 1.8654000000096858, 0.015192271797], [237.83074583, -4.572537064, 0.0, 0.40679999999701977, 0.022415627485], [233.2999437, 0.29198719342, 0.0, 0.08960000000661239, 0.0088869812717]], "gmp_convergence": [[3.9647357835, 0.081267173897], [2.9754770982, 0.00097413299758], [1.242811405, 0.00099996184541], [1.2453328028, 0.0009354576092], [0.19941796861, 0.00021010397799], [11.028610532, 0.00949626203], [0.41018319258, 0.00054160257089], [0.37730394357, 0.00089674269554], [6.7846564145, 0.010239418158], [4.7277873307, 0.0015292758291], [0.56887269379, 0.00077061109205], [258.76857474, 0.078781764462], [6.647688635, 0.017132524121]], "GP_hyperparam": [[0.57785243545, 0.50830590276, 6.6149256424, 7.1575595184, 0.41455468472, 1.1390804019], [0.57794674521, 0.50658729199, 7.1154562878, 6.9519056084, 9.0468025061, 4.1593415692], [0.58234489063, 0.51120634031, 6.4986558395, 6.9004249851, 12.47956648, 7.0248583137], [0.5858760598, 0.51395204384, 6.4268412569, 6.8110365298, 11.372572694, 9.7017397903], [0.58875375088, 0.51564246436, 6.450162951, 6.6981750696, 8.4623852211, 12.166945868], [0.5934060379, 0.51933374001, 6.5588398039, 6.799161399, 4.7734136582, 12.697115374], [0.59459080379, 0.52531740688, 7.1670620647, 6.9606632088, 4.2968537146, 12.131070909], [0.59957374967, 0.53051389313, 7.3262884446, 7.13196995, 4.3210640711, 12.154193385], [0.60375985557, 0.53241425351, 7.1450806626, 7.2160484985, 4.2951027862, 12.146366712], [0.61220161599, 0.53993619575, 7.9564472115, 7.5481229018, 3.453954426, 11.11592901], [0.61783250084, 0.54505434646, 7.9276330703, 8.0863869215, 8.7928973663, 5.2749495722], [0.61582541635, 0.54474844354, 8.0300240744, 8.070587948, 8.5671727996, 5.0502424878], [0.59171355537, 0.52894487413, 7.1117192288, 7.2469184207, 11.728124516, 8.1493595074], [0.58338556811, 0.52974723285, 6.8108208937, 6.8720621013, 9.7201122806, 12.366286009]], "itertime": [0.001, 0.0, 0.001, 0.001, 0.001, 0.001, 0.001, 0.001, 0.001, 0.001, 0.0, 0.001, 0.001, 0.001, 0.001, 0.001, 0.001, 0.0, 0.001, 0.001, 0.0, 0.0, 0.001, 0.0, 0.001, 0.0, 0.0, 0.001, 0.0, 0.0, 0.001, 0.001, 0.0, 0.0, 0.0, 0.0, 0.0, 0.0, 0.0, 0.0, 0.0, 0.0, 0.0, 0.0, 0.0, 0.0, 0.0, 0.0, 0.0, 0.0, 0.0, 1.38, 69.742, 56.066, 53.773, 54.452, 54.47, 53.218, 53.869, 54.389, 52.382, 55.655, 68.929, 87.991, 104.122], "totaltime": [73.86, 147.29699999999997, 148.04199999999997, 148.82299999999998, 149.551, 150.272, 150.922, 151.69699999999997, 152.48999999999998, 153.21599999999998, 153.865, 154.674, 155.49699999999999, 156.19199999999998, 156.92199999999997, 157.706, 158.4, 159.149, 160.65800000000002, 161.42899999999997, 162.23499999999999, 163.018, 164.64, 165.368, 166.18200000000002, 166.97099999999998, 168.629, 169.422, 169.998, 170.647, 171.395, 172.63199999999998, 173.408, 174.183, 175.04899999999998, 176.636, 177.402, 178.186, 178.892, 180.611, 181.409, 182.177, 182.89100000000002, 184.598, 185.35999999999999, 186.069, 186.779, 187.544, 188.57500000000002, 189.30400000000003, 190.05, 191.431, 261.173, 317.24, 371.014, 425.466, 479.937, 533.156, 587.026, 641.4150000000001, 693.798, 749.4540000000001, 818.3840000000001, 906.4119999999999, 1010.554],