{"name": "a3c7_32", "initpts": [2, 15], "iterpts": [50], "num_tasks": 2, "obs": null, "acqtime": [64.686, 53.839, 55.593, 52.222, 52.906, 52.991, 53.242, 53.267, 55.318, 50.788, 60.891, 54.225], "bestacq": [[-50.0, -50.0, 0.0, 12.40512999999919], [218.22622547, 198.05611964, 0.0, 6.663390000001527], [218.22622547, 198.05611964, 0.0, 6.663390000001527], [30.929403585, 178.68931253, 0.0, 2.7969199999934062], [30.929403585, 178.68931253, 0.0, 2.7969199999934062], [30.929403585, 178.68931253, 0.0, 2.7969199999934062], [30.929403585, 178.68931253, 0.0, 2.7969199999934062], [30.929403585, 178.68931253, 0.0, 2.7969199999934062], [30.929403585, 178.68931253, 0.0, 2.7969199999934062], [30.929403585, 178.68931253, 0.0, 2.7969199999934062], [30.929403585, 178.68931253, 0.0, 2.7969199999934062], [87.502956369, 182.58323832, 0.0, 2.6782400000083726], [87.502956369, 182.58323832, 0.0, 2.6782400000083726]], "gmp": [[138.38432796, 193.17636722, 0.0, 4.889880000002449, 3.4390017238], [304.59585607, 194.00625764, 0.0, 5.627680000005057, 5.0767851873], [283.44955338, 195.08811934, 0.0, 6.3041099999973085, 2.3661935241], [-9.0845485856, 188.54489245, 0.0, 2.322409999993397, 3.9772773204], [-6.9769534314, 183.36315076, 0.0, 2.152220000018133, 3.0897569658], [-7.5088524376, 183.33305755, 0.0, 2.111430000019027, 0.95808261545], [-5.3847198464, 182.62502106, 0.0, 2.1651500000152737, 0.73199402391], [11.576890024, 174.15395027, 0.0, 2.588099999993574, 0.24006961609], [13.000168226, 178.97749497, 0.0, 2.741230000014184, 0.082475132684], [22.566651949, 178.81347868, 0.0, 2.7889300000097137, 0.011898934373], [24.753990755, 178.90757604, 0.0, 2.792379999998957, 0.0071451262008], [69.752204827, 179.71004639, 0.0, 2.5340699999942444, 0.029134768143], [73.704561837, 179.79513633, 0.0, 2.5838700000022072, 0.020293812313]], "gmp_convergence": [[166.21359991, 0.048098451026], [21.17395906, 0.044097934145], [292.60727029, 0.25957368857], [5.5939614066, 0.011094903616], [0.5327496169, 0.002659407577], [2.2390299085, 0.0035020992603], [18.959305096, 0.027572966933], [5.0291454788, 0.0099828542131], [9.5678896402, 0.0031095260938], [2.1893618628, 0.00022509697341], [45.005368884, 0.016839479063], [3.9532728501, 0.0032464924721]], "GP_hyperparam": [[0.85104113394, 0.37620617737, 5.6343968785, 5.1520593837, 2.1491049451, 1.393734743], [0.83130158355, 0.38898113365, 4.101858213, 5.3439920069, 7.4048880578, 0.00015730880901], [0.80366509108, 0.37591075489, 3.6157195125, 5.2555180756, 4.4591124943, 0.00015726505926], [0.77269867714, 0.41694941018, 5.5083453101, 5.5081007698, 11.40869369, 1.0517422216], [0.80379607409, 0.42062502431, 5.1343229205, 5.5369612294, 12.65918986, 1.5996178896], [0.86647744733, 0.44750035923, 5.4186087533, 5.4230669192, 11.262601768, 6.2004632751], [0.86257684906, 0.43065253066, 4.4337075705, 5.2271964496, 10.96307837, 6.0134705371], [0.93321456513, 0.35692563946, 3.1209357166, 5.1656677481, 16.273137485, 0.00051443675452], [1.0539985607, 0.26792032897, 2.0471399836, 4.5664950065, 12.594182552, 0.00051388190413], [1.1267559584, 0.27622918861, 1.8871119212, 4.6559405842, 13.349795356, 0.00051362690277], [1.1305354118, 0.30830689771, 2.4592013043, 4.8673444969, 12.902830305, 0.00051343553592], [1.1363390993, 0.34593359894, 2.9724129947, 5.1652408901, 16.115036594, 0.00015397662323], [1.1871539261, 0.34274409874, 2.801004383, 5.1686449602, 16.148579123, 9.3067611218e-05]], "itertime": [0.001, 0.0, 0.001, 0.001, 0.001, 0.001, 0.001, 0.001, 0.001, 0.0, 0.001, 0.0, 0.001, 0.001, 0.001, 0.001, 0.986, 65.913, 55.046, 56.91, 53.28, 54.0, 54.036, 54.676, 54.86, 57.125, 52.379, 62.626, 56.123], "totaltime": [63.809000000000005, 126.578, 127.32300000000001, 128.10399999999998, 128.831, 129.552, 130.203, 130.977, 131.77100000000002, 132.49699999999999, 133.14600000000002, 133.954, 134.777, 135.472, 136.203, 136.987, 137.973, 203.887, 258.93399999999997, 315.844, 369.125, 423.125, 477.16099999999994, 531.838, 586.699, 643.825, 696.205, 758.831, 814.9830000000001],