{"name": "a3c7_7", "initpts": [2, 40], "iterpts": [50], "num_tasks": 2, "obs": null, "acqtime": [63.995, 57.026, 57.311, 53.729, 53.81, 53.755, 57.068, 53.33, 53.001, 56.794, 55.372, 53.066, 55.503, 56.854, 56.195, 52.964, 57.221, 50.966, 54.684, 55.473, 62.186], "bestacq": [[-50.0, -50.0, 0.0, 12.40512999999919], [212.06092841, 168.2319422, 0.0, 5.443120000010822], [185.16654306, 12.034273512, 0.0, 3.9467600000207312], [46.884979188, 188.40739225, 0.0, 2.472940000006929], [46.884979188, 188.40739225, 0.0, 2.472940000006929], [46.884979188, 188.40739225, 0.0, 2.472940000006929], [46.884979188, 188.40739225, 0.0, 2.472940000006929], [263.87374695, 1.9441726683, 0.0, 1.2240500000189058], [263.87374695, 1.9441726683, 0.0, 1.2240500000189058], [263.87374695, 1.9441726683, 0.0, 1.2240500000189058], [263.87374695, 1.9441726683, 0.0, 1.2240500000189058], [263.87374695, 1.9441726683, 0.0, 1.2240500000189058], [263.87374695, 1.9441726683, 0.0, 1.2240500000189058], [230.86407374, 11.978641307, 0.0, 0.866600000008475], [230.86407374, 11.978641307, 0.0, 0.866600000008475], [230.86407374, 11.978641307, 0.0, 0.866600000008475], [230.86407374, 11.978641307, 0.0, 0.866600000008475], [245.15612537, -1.1962261956, 0.0, 0.052980000007664785], [245.15612537, -1.1962261956, 0.0, 0.052980000007664785], [245.15612537, -1.1962261956, 0.0, 0.052980000007664785], [234.85783076, 2.0488255009, 0.0, 0.009510000003501773], [234.85783076, 2.0488255009, 0.0, 0.009510000003501773]], "gmp": [[63.50177409, 183.25994314, 0.0, 3.73631999999634, 1.4426270059], [61.039279574, 185.15382055, 0.0, -1.6655399999872316, 10.880560247], [56.412870265, 187.31425816, 0.0, 2.3366300000052433, 13.686195862], [54.409508995, 188.42484952, 0.0, 2.405400000017835, 0.2273560586], [53.743872296, 189.33811361, 0.0, 2.416270000016084, 0.17609610589], [57.693276702, 187.89872587, 0.0, 2.322470000013709, 0.43348484462], [55.33417371, 187.75169894, 0.0, 2.3795399999944493, 0.20999737294], [261.8315278, -0.75092078406, 0.0, 1.1688500000163913, 0.059817778602], [262.49461457, -1.1862381138, 0.0, 1.1555600000137929, 0.05659283227], [263.97830242, -1.2714470356, 0.0, 1.1571200000180397, 0.041165612376], [264.62380683, -1.3825213022, 0.0, 1.1516500000143424, 0.040728951367], [253.39332162, -2.7795323505, 0.0, 0.8986800000129733, 0.079061848326], [253.1267976, -2.6908009877, 0.0, 0.8956400000024587, 0.071931190291], [238.68693726, 3.4340826573, 0.0, 0.4512700000195764, 0.032853036167], [237.41807849, 3.3892069615, 0.0, 0.4478499999968335, 0.031167608218], [237.05753629, 3.4254982946, 0.0, 0.4547100000199862, 0.027994123586], [236.98152944, 3.3970816072, 0.0, 0.4528600000194274, 0.026512169552], [242.92282469, 0.83224875292, 0.0, 0.022580000018933788, 0.0012877740436], [242.62764954, 0.87241062444, 0.0, 0.01946999999927357, 0.0015062441498], [242.77432986, 0.81565133627, 0.0, 0.022140000015497208, 0.0013464203353], [239.90375394, 1.4527577289, 0.0, -0.03284999998868443, 0.00051277821516], [237.81192646, 0.60848061102, 0.0, -0.0043500000028871, 4.1198957879e-05]], "gmp_convergence": [[3.1065496717, 0.29806639775], [5.1059919466, 0.22083360248], [2.2906046278, 0.0037948434509], [1.130098888, 0.00059962341338], [4.2035261657, 0.0051757691671], [2.3636801486, 0.0031277972207], [279.59684349, 0.06374606385], [0.79321197996, 0.00070532161229], [1.4861326286, 8.2691693446e-05], [0.65499117744, 0.00028469873672], [11.317041926, 0.012907991226], [0.28090623065, 0.00015822396312], [15.685144763, 0.022663993636], [1.2696520784, 0.00017473044816], [0.36236410226, 0.00034860599828], [0.081145232149, 9.3314280565e-05], [6.4712716556, 0.021341778246], [0.29789485488, 0.00015513295818], [0.15727915168, 0.00013229681963], [2.9404269564, 0.0026873087309], [2.2557805846, 0.001376531414]], "GP_hyperparam": [[0.56938045107, 0.48635703547, 6.4140712679, 6.8137853329, 0.39387352602, 1.1397731653], [0.55879149861, 0.46333404841, 8.3023682419, 6.4413980105, 11.779047438, 0.0016108327792], [0.56731078618, 0.47836397235, 6.5939778263, 5.6335479131, 1.5029611444, 14.821847195], [0.57047095389, 0.48311039394, 6.361905379, 5.5377175462, 2.8589342109, 17.283424026], [0.57511748419, 0.48766400186, 6.084348354, 5.5921971156, 3.6542149478, 18.294750023], [0.58093306711, 0.49908949482, 6.1638606755, 6.8127054426, 15.048585542, 6.2578824948], [0.58506804697, 0.50481869148, 6.8309702833, 6.1210354022, 2.7301764913, 17.248925948], [0.58338706451, 0.50982586838, 7.1675913565, 6.5301921808, 11.420738286, 12.501912772], [0.58548399259, 0.5119510145, 7.339459551, 6.6737215203, 10.436468319, 11.153491], [0.58969996769, 0.52011537698, 7.0829147449, 7.378903512, 16.779116708, 3.5746539368], [0.59956440539, 0.52791363117, 7.3684556025, 7.6163421943, 16.630013173, 3.4772777954], [0.59674210673, 0.52990691437, 7.2656493215, 7.2671542958, 12.762484924, 8.912396768], [0.60008598402, 0.53370504404, 7.4724250555, 7.4633965338, 10.999335033, 7.1346453022], [0.588199983, 0.5332880992, 6.9166187734, 7.0653875458, 10.407779536, 11.283508999], [0.58667837071, 0.54002966594, 7.3878086111, 7.2410877134, 10.973587437, 9.9828277405], [0.5903001492, 0.551236701, 7.5813648628, 7.5089615364, 10.596927418, 9.5965406386], [0.59884252633, 0.55784054296, 7.7453669277, 7.6858426872, 10.716517468, 9.7118808988], [0.58784365787, 0.52658200235, 7.6536612646, 7.1327464713, 14.106210911, 8.1255776688], [0.58955482948, 0.52895653956, 7.7357367101, 7.4351765169, 20.673366427, 3.9257035322], [0.59677952376, 0.53005043162, 7.5796784113, 7.5798155202, 21.111027071, 3.4078103639], [0.60039581792, 0.53048710306, 8.2136833439, 7.8034434868, 25.848653494, 0.00024982138043], [0.60002395403, 0.54353015775, 8.5698572524, 7.8465780049, 34.144489148, 8.6403661223e-05]], "itertime": [0.001, 0.001, 0.001, 0.001, 0.001, 0.001, 0.001, 0.001, 0.001, 0.001, 0.001, 0.001, 0.001, 0.001, 0.001, 0.001, 0.001, 0.001, 0.001, 0.001, 0.001, 0.001, 0.001, 0.001, 0.001, 0.001, 0.001, 0.001, 0.001, 0.001, 0.001, 0.001, 0.001, 0.001, 0.001, 0.001, 0.002, 0.001, 0.001, 0.001, 0.0, 1.685, 65.205, 58.335, 58.555, 55.02, 55.184, 54.92, 58.47, 54.857, 54.37, 58.26, 56.873, 54.518, 57.058, 58.521, 57.9, 54.636, 58.837, 52.711, 56.624, 57.758, 64.657], "totaltime": [54.818999999999996, 120.19200000000001, 120.937, 121.718, 122.44500000000001, 123.166, 123.81800000000001, 124.592, 125.386, 126.11200000000001, 126.762, 127.57000000000001, 128.393, 129.089, 129.82, 130.60399999999998, 131.298, 132.047, 133.556, 134.327, 135.13299999999998, 135.917, 137.539, 138.267, 139.08100000000002, 139.87, 141.529, 142.322, 142.899, 143.54700000000003, 144.29500000000002, 145.532, 146.308, 147.083, 147.95, 149.537, 150.304, 151.08800000000002, 151.79399999999998, 153.513, 154.311, 155.997, 221.203, 279.539, 338.09399999999994, 393.115, 448.29999999999995, 503.221, 561.6919999999999, 616.55, 670.9209999999999, 729.188, 786.0609999999999, 840.5799999999999, 897.639, 956.16, 1014.0609999999999, 1068.698, 1127.535, 1180.2470000000003, 1236.871, 1294.63, 1359.288],