{"name": "a3c7_88", "initpts": [2, 45], "iterpts": [50], "num_tasks": 2, "obs": null, "acqtime": [75.627], "bestacq": [[-50.0, -50.0, 0.0, 12.40512999999919], [42.928252373, 178.05611392, 0.0, 2.256410000001779]], "gmp": [[59.454681977, 181.54766, 0.0, 3.3949399999983143, 1.7588797316], [57.34279695, 184.51418768, 0.0, 1.8217799999983981, 1.0554069593]], "gmp_convergence": [[3.6414756466, 0.084969600228]], "GP_hyperparam": [[0.5461083259, 0.4804506355, 6.348211801, 6.6416532063, 0.50972675176, 1.1346849688], [0.54406447308, 0.47505821196, 6.7295957309, 6.4185733173, 9.8039868803, 3.221338991]], "itertime": [0.065, 0.044, 0.088, 0.018, 0.113, 0.072, 0.043, 0.088, 0.03, 0.059, 0.027, 0.075, 0.017, 0.073, 0.078, 0.096, 0.212, 0.056, 0.022, 0.017, 0.032, 0.035, 0.15, 0.135, 0.052, 0.036, 0.066, 0.068, 0.081, 0.015, 0.036, 0.024, 0.065, 0.121, 0.019, 0.028, 0.051, 0.176, 0.103, 0.029, 0.028, 0.046, 0.036, 0.088, 0.042, 0.034, 1.47, 77.061], "totaltime": [75.908, 151.24, 152.147, 152.983, 153.84300000000002, 154.67600000000002, 155.437, 156.38, 157.247, 158.053, 158.81600000000003, 159.82600000000002, 160.74900000000002, 161.57600000000002, 162.48200000000003, 163.45600000000002, 164.46500000000003, 165.93900000000002, 167.54100000000003, 168.365, 169.35500000000002, 170.75300000000001, 172.61100000000002, 173.609, 174.72899999999998, 175.60600000000002, 177.36700000000002, 178.27500000000003, 179.025, 179.73200000000003, 180.55800000000002, 181.883, 182.76500000000001, 183.758, 184.69400000000002, 186.35600000000002, 187.30400000000003, 188.41500000000002, 189.33800000000002, 191.181, 192.03300000000002, 192.92100000000002, 193.81600000000003, 195.75700000000003, 196.614, 197.43900000000002, 199.187, 276.293], "boss.in": ["\n", "-----------------------------   Welcome to ....   ------------------------------\n", "                      _______  _______ _______ _______ \n", "                     |   _   \\|   _   |   _   |   _   |\n", "                     |.  1   /|.  |   |   1___|   1___|\n", "                     |.  _   \\|.  |   |____   |____   |\n", "                     |:  1    |:  1   |:  1   |:  1   |\n", "                     |::.. .  |::.. . |::.. . |::.. . |\n", "                     `-------'`-------`-------`-------'\n", "\n", "                                 Version 0.9.15                                 \n", "                              30-09-2020 17:36:31                               \n", "--------------------------------------------------------------------------------\n", "\n", "| Reading BOSS input file from: in_2D\n", "| Initializing...\n", "\n", "--------------------------------------------------------------------------------\n", "                                   INPUT FILE                                   \n", "--------------------------------------------------------------------------------\n", "# input file for alanine 2D (d4-d13)\n", "\n", "# optimization\n", "userfn       userfn_2D.py\n", "bounds       -50 310; -50 310\n", "kernel       stdp\n", "num_tasks    2\n", "initpts 2 45\n", "iterpts      50\n", "verbosity    2\n", "W_prior      gaussian\n", "W_priorparam 10.062 3.953\n", "thetaprior gamma\n", "thetapriorparam 2 0.016; 3.3678 9.0204; 3.3678 9.0204\n", "RESULTS:\n", "-5.000000000000000E+01 -5.000000000000000E+01 0 -2.030049146092371E+05 \n", "1.300000000000000E+02 1.300000000000000E+02 0 -2.030038208770180E+05 \n", "7.995768777922642E+00 2.622073804431099E+02 1 3.338490000000000E+01 \n", "1.361129454742689E+02 1.890543144761587E+02 1 2.117780000000000E+01 \n", "3.060125236296456E+02 2.014881465412536E+02 1 2.190070000000000E+01 \n", "1.791501794849083E+02 2.765201488156509E+02 1 3.580480000000000E+01 \n", "1.247841794181259E+02 1.253161024399498E+02 1 2.859680000000000E+01 \n", "-4.183478637883191E+01 2.247754273385033E+02 1 2.563460000000000E+01 \n", "4.042078442084353E+00 2.833195207672877E+02 1 3.440890000000000E+01 \n", "6.006625147242033E+01 5.607230413774668E+01 1 3.158770000000000E+01 \n", "2.824591824676401E+02 8.733497802283350E+01 1 3.651720000000000E+01 \n", "2.308857506826149E+02 -4.348500539059306E+01 1 2.974380000000000E+01 \n", "2.637560403513044E+02 3.026063286741615E+02 1 3.091960000000000E+01 \n", "1.456510836207618E+02 1.065773672830548E+02 1 3.102800000000000E+01 \n", "2.498675809883969E+02 3.205682282144933E+01 1 2.618560000000000E+01 \n", "1.964384275559904E+02 2.844634879903527E+02 1 3.586640000000000E+01 \n", "9.655150985671881E-01 2.180869479260165E+02 1 2.503030000000000E+01 \n", "6.286781825770584E+01 2.758675567459083E+01 1 2.790440000000000E+01 \n", "1.372878807686562E+02 2.505261113104165E+02 1 3.366600000000000E+01 \n", "2.649507236551389E+02 2.379301391817942E+02 1 3.297860000000000E+01 \n", "2.797861550528711E+01 2.884495225968018E+02 1 3.416710000000000E+01 \n", "8.336542981295858E+01 1.773128592134727E+02 1 1.839420000000000E+01 \n", "4.435478718055121E+01 2.490460000762928E+02 1 2.969300000000000E+01 \n", "1.225290584506745E+02 2.412753075786815E+02 1 3.141840000000000E+01 \n", "3.854856359242393E+01 1.308501719513262E+02 1 2.575160000000000E+01 \n", "1.166737728626051E+02 5.827322503129257E+01 1 3.351220000000000E+01 \n", "1.859328259558109E+02 -4.275394410189080E-01 1 1.906640000000000E+01 \n", "7.420871197166315E+01 -6.631749490748319E+00 1 2.579570000000000E+01 \n", "5.262166250345729E+01 1.288447983806136E+02 1 2.560320000000000E+01 \n", "2.674557082193111E+02 2.430468535003667E+02 1 3.344420000000000E+01 \n", "4.667018824523893E+01 -1.526921746965166E+01 1 2.677360000000000E+01 \n", "4.808449641947541E+01 9.405211147813318E+00 1 2.522940000000000E+01 \n", "8.487681964342465E+01 4.470446811750168E+01 1 3.317520000000000E+01 \n", "2.303139647789993E+02 2.308909357399831E+01 1 2.282250000000000E+01 \n", "2.106756354562393E+02 2.989816893896850E+02 1 3.422330000000000E+01 \n", "6.829869411641627E+01 1.185473678300517E+02 1 2.804840000000000E+01 \n", "2.790626604264436E+02 5.144421391314951E+01 1 3.193420000000000E+01 \n", "2.778661713866254E+01 2.137531156270966E+02 1 2.290650000000000E+01 \n", "8.650902988358379E+01 1.258747300439346E+02 1 2.728940000000000E+01 \n", "2.332915131633856E+02 1.110176283813885E+00 1 1.999250000000000E+01 \n", "2.256877640627427E+02 6.690465402502554E+01 1 3.462510000000000E+01 \n", "2.053024558193834E+02 1.560099979658911E+01 1 1.926250000000000E+01 \n", "-8.241506396954662E+00 7.326720099477214E+01 1 3.690860000000000E+01 \n", "1.871068644968076E+00 5.691101065076231E+01 1 3.555420000000000E+01 \n", "2.244125767993092E+02 -1.340023024281137E+01 1 2.128580000000000E+01 \n", "2.101048380655265E+02 1.331768320667908E+02 1 3.067710000000000E+01 \n", "2.931432389674040E+02 1.743520208261042E+02 1 2.178480000000000E+01 \n", "--------------------------------------------------------------------------------\n", "                               SIMULATION OPTIONS                               \n", "--------------------------------------------------------------------------------\n", "|| File input/output \n", "ipfile         in_2D\n", "userfn         userfn_2D.py\n", "outfile        boss.out\n", "rstfile        boss.rst\n", "\n", "|| Key settings \n", "num_tasks         2\n", "bounds         -5.000E+01 3.100E+02;    -5.000E+01 3.100E+02\n", "kerntype       stdp stdp\n", "yrange         -5.000E+01 3.100E+02;    -5.000E+01 3.100E+02\n", "noise          1.000E-12\n", "initpts    2 45    iterpts   50\n", "gm_tol         none\n", "verbosity      2\n"], "bounds": [], "kernel": ["stdp"], "thetapriorparam": [[9.0204], [9.0204]], "yrange": ["-5.000E+01", "3.100E+02;", "-5.000E+01", "3.100E+02"], "thetainit": ["1.000E+00", "3.142E-01"], "tasks": 2, "dim": 2,