{"name": "a3c7_58", "initpts": [2, 45], "iterpts": [50], "num_tasks": 2, "obs": null, "acqtime": [70.131, 54.951, 54.866, 54.587, 53.472, 54.715, 55.088, 53.248, 57.724, 63.693, 83.111, 69.896, 66.356], "bestacq": [[-50.0, -50.0, 0.0, 12.40512999999919], [42.922249911, 178.06017523, 0.0, 2.2566400000068825], [42.922249911, 178.06017523, 0.0, 2.2566400000068825], [42.922249911, 178.06017523, 0.0, 2.2566400000068825], [42.922249911, 178.06017523, 0.0, 2.2566400000068825], [42.922249911, 178.06017523, 0.0, 2.2566400000068825], [42.922249911, 178.06017523, 0.0, 2.2566400000068825], [42.922249911, 178.06017523, 0.0, 2.2566400000068825], [42.922249911, 178.06017523, 0.0, 2.2566400000068825], [42.922249911, 178.06017523, 0.0, 2.2566400000068825], [235.15524862, -8.7015419883, 0.0, 0.8906300000089686], [235.15524862, -8.7015419883, 0.0, 0.8906300000089686], [235.15524862, -8.7015419883, 0.0, 0.8906300000089686], [235.15524862, -8.7015419883, 0.0, 0.8906300000089686]], "gmp": [[59.453371377, 181.54881447, 0.0, 3.4312300000165123, 1.7487441348], [57.475108236, 184.51444288, 0.0, 1.815629999997327, 1.0770978348], [52.489548778, 185.68212029, 0.0, 1.984710000018822, 0.84439056483], [51.404423859, 186.42785955, 0.0, 1.9931800000194926, 0.81221397945], [52.288877574, 187.57691464, 0.0, 1.9330300000146963, 0.95128443149], [51.541951651, 186.96991551, 0.0, 1.964399999997113, 0.67938502504], [39.766099198, 181.6679894, 0.0, 2.204250000009779, 0.068440670721], [40.3880112, 181.4598222, 0.0, 2.212759999994887, 0.054051795659], [39.715850834, 181.4942265, 0.0, 2.2071600000199396, 0.057368989917], [43.747049538, 182.98638977, 0.0, 2.17337000000407, 0.046240015165], [232.4725273, -3.7462075194, 0.0, 0.7620100000058301, 0.058213938468], [234.21275002, -4.3366928609, 0.0, 0.7847100000071805, 0.043896132506], [234.74126293, -3.1564880558, 0.0, 0.6948299999930896, 0.061611434972], [235.63761109, -3.4263208696, 0.0, 0.7023000000044703, 0.056584585875]], "gmp_convergence": [[3.5648950784, 0.087261780134], [5.1204759195, 0.0091325086875], [1.3166712336, 0.00045747610537], [1.4500296412, 0.0032488759849], [0.96246884417, 0.0016944655924], [12.914376541, 0.01295492494], [0.65582628755, 0.00045960005589], [0.67304027623, 0.0003023668838], [4.2985013896, 0.0018250575877], [265.49269076, 0.076230650203], [1.8376746397, 0.0012259551545], [1.2931393097, 0.0040247343988], [0.93608213912, 0.00033143073459]], "GP_hyperparam": [[0.54614182843, 0.4805019935, 6.3561867346, 6.6116754272, 0.1270916779, 1.5523255497], [0.54405934751, 0.47501861317, 6.5562778925, 6.6177822112, 12.587387873, 0.60748379947], [0.54852999194, 0.48144825287, 6.4895393616, 5.7751520461, 5.7541079429, 13.240014841], [0.55202921973, 0.48460831846, 6.2600416559, 5.7917676638, 6.7078423179, 14.313080467], [0.55426419027, 0.48607107137, 5.9472965535, 5.947320533, 8.2764906424, 13.024474519], [0.55894140269, 0.49095825081, 5.8702824293, 6.2099882382, 6.6357297431, 11.601048516], [0.56264446634, 0.50133938607, 6.1458910807, 6.1455084825, 2.7213710519, 15.381280034], [0.5666238231, 0.50667871231, 6.2958870672, 6.296383755, 2.7984404994, 15.421231048], [0.57102832981, 0.50958100477, 6.1432182374, 6.4018281099, 2.6598401948, 15.317230121], [0.58020290169, 0.5144884407, 6.6832454769, 6.713592689, 1.5942986598, 14.02565035], [0.55861889453, 0.49875384997, 6.0230271271, 6.023596002, 6.07884173, 15.406587404], [0.56497300124, 0.50640087706, 6.8206278397, 6.321476488, 5.2227827483, 14.319963792], [0.57264017893, 0.50418737373, 7.1546885988, 6.9646529186, 10.028592255, 6.5401236942], [0.57876456117, 0.50564903855, 7.4696965459, 7.0329282429, 10.126814586, 6.5950579329]], "itertime": [0.001, 0.001, 0.001, 0.001, 0.001, 0.001, 0.001, 0.001, 0.001, 0.001, 0.001, 0.001, 0.001, 0.001, 0.001, 0.001, 0.001, 0.001, 0.001, 0.001, 0.001, 0.001, 0.001, 0.001, 0.001, 0.001, 0.001, 0.001, 0.001, 0.001, 0.001, 0.001, 0.001, 0.001, 0.001, 0.001, 0.001, 0.001, 0.001, 0.001, 0.001, 0.001, 0.001, 0.001, 0.001, 0.001, 1.286, 71.108, 56.353, 56.048, 55.858, 54.799, 56.227, 56.447, 54.807, 59.257, 65.401, 84.866, 72.321, 68.389], "totaltime": [65.884, 131.37099999999998, 132.117, 132.898, 133.626, 134.34799999999998, 134.999, 135.774, 136.569, 137.296, 137.946, 138.754, 139.578, 140.274, 141.005, 141.789, 142.483, 143.233, 144.742, 145.513, 146.31900000000002, 147.103, 148.725, 149.453, 150.267, 151.056, 152.715, 153.508, 154.085, 154.734, 155.483, 156.722, 157.5, 158.27499999999998, 159.142, 160.73, 161.49599999999998, 162.28, 162.987, 164.70600000000002, 165.505, 166.273, 166.988, 168.695, 169.457, 170.167, 171.453, 242.563, 298.92, 354.972, 410.834, 465.637, 521.868, 578.3190000000001, 633.13, 692.391, 757.794, 842.847, 915.214, 983.808],