{"name": "a3c7_21", "initpts": [2, 10], "iterpts": [50], "num_tasks": 2, "obs": null, "acqtime": [56.479, 53.033, 54.66, 52.746, 56.216, 53.775, 56.927, 52.806, 54.033, 57.285, 54.251, 52.589, 54.305, 54.868, 55.098, 52.711, 53.545, 53.899, 54.597, 52.251, 52.982, 88.908, 70.316, 71.061], "bestacq": [[-50.0, -50.0, 0.0, 12.40512999999919], [38.435507969, 185.56204892, 0.0, 2.57506000000285], [38.435507969, 185.56204892, 0.0, 2.57506000000285], [38.435507969, 185.56204892, 0.0, 2.57506000000285], [38.435507969, 185.56204892, 0.0, 2.57506000000285], [38.435507969, 185.56204892, 0.0, 2.57506000000285], [38.435507969, 185.56204892, 0.0, 2.57506000000285], [38.435507969, 185.56204892, 0.0, 2.57506000000285], [38.435507969, 185.56204892, 0.0, 2.57506000000285], [38.435507969, 185.56204892, 0.0, 2.57506000000285], [38.435507969, 185.56204892, 0.0, 2.57506000000285], [38.435507969, 185.56204892, 0.0, 2.57506000000285], [38.435507969, 185.56204892, 0.0, 2.57506000000285], [38.435507969, 185.56204892, 0.0, 2.57506000000285], [38.435507969, 185.56204892, 0.0, 2.57506000000285], [38.435507969, 185.56204892, 0.0, 2.57506000000285], [38.435507969, 185.56204892, 0.0, 2.57506000000285], [38.435507969, 185.56204892, 0.0, 2.57506000000285], [38.435507969, 185.56204892, 0.0, 2.57506000000285], [236.26602819, 8.8762436857, 0.0, 0.545140000001993], [236.26602819, 8.8762436857, 0.0, 0.545140000001993], [236.26602819, 8.8762436857, 0.0, 0.545140000001993], [236.26602819, 8.8762436857, 0.0, 0.545140000001993], [242.17774883, -4.016684571, 0.0, 0.1362000000081025], [242.17774883, -4.016684571, 0.0, 0.1362000000081025]], "gmp": [[130.95018429, 192.13157307, 0.0, 5.912880000018049, 3.5623717226], [38.435507969, 185.56204892, 0.0, 2.57506000000285, 1.0002009798e-08], [-2.7651654411, 191.72450761, 0.0, 2.227310000016587, 5.9091728557], [21.543891564, 191.46111384, 0.0, 2.3697099999990314, 1.1616548325], [5.5670916744, 184.43801479, 0.0, 1.9903500000073109, 2.4257180796], [7.3913528478, 184.4689848, 0.0, 2.0218600000080187, 1.0013841058], [0.80333978991, 184.95870512, 0.0, 1.972200000018347, 2.120344867], [39.205448905, 175.58252498, 0.0, 2.100910000008298, 0.54870281939], [46.328836927, 179.86895117, 0.0, 2.323690000019269, 0.27968712282], [47.189073377, 180.17708184, 0.0, 2.336460000020452, 0.27180509], [53.615323885, 179.69983928, 0.0, 2.236030000000028, 0.11488045858], [52.627648653, 179.53345386, 0.0, 2.2421599999943282, 0.090070050414], [52.760951294, 179.56893658, 0.0, 2.2470099999918602, 0.079607503584], [37.110386949, 179.36856301, 0.0, 2.3399700000009034, 0.062781827453], [60.41726982, 184.11075784, 0.0, 2.285410000011325, 0.064332131587], [60.886025018, 184.06426811, 0.0, 2.2723800000094343, 0.082545727663], [70.482924915, 185.41565126, 0.0, 2.2563000000081956, 0.12434268888], [69.507424941, 185.84576112, 0.0, 2.2722000000067055, 0.11743549235], [70.282779842, 185.82818142, 0.0, 2.229670000000624, 0.10344929226], [239.04121579, 3.3157435174, 0.0, 0.38826000000699423, 0.11424881622], [233.62640857, 5.8166276054, 0.0, 0.45668999999179505, 0.017768855955], [230.93316977, 3.3792638211, 0.0, 0.0920099999930244, 0.024170606156], [240.91598809, -0.53941068357, 0.0, 0.05125000001862645, 0.014307932168], [240.95310507, -0.48207910518, 0.0, 0.06079000001773238, 0.00050142308637], [240.98013747, -0.47638989984, 0.0, 0.059970000002067536, 0.00043527212426]], "gmp_convergence": [[92.74763599, 0.21759773897], [41.658989265, 0.022670047854], [24.310483927, 0.0092829683458], [17.452279365, 0.024731242968], [1.8245240393, 0.002054588757], [6.6061896766, 0.0024181354197], [39.530175037, 0.0061239599554], [8.3136097095, 0.010686062984], [0.91375667438, 0.00063008087676], [6.443947242, 0.0048124140219], [1.0015919684, 0.00029087314372], [0.13794425514, 0.00023357054796], [15.65184698, 0.0043935548174], [23.784431904, 0.0025345896336], [0.47105491258, 0.00059738501182], [9.6915800598, 0.00075371557343], [1.0661119484, 0.00076727186601], [0.77555416813, 0.0020211635816], [248.5763458, 0.085318207098], [5.9644411621, 0.0031354278628], [3.6323928015, 0.016725167899], [10.724396084, 0.0018416340645], [0.068297733594, 0.00042435095397], [0.027624581495, 3.5948555042e-05]], "GP_hyperparam": [[0.66174655316, 0.34913334385, 5.5222127961, 5.5204453273, 0.19663772902, 3.8332847598], [0.69483424586, 0.34655696208, 6.4483976471, 5.598318311, 18.058111668, 6.8039249751e-05], [0.68445456605, 0.35878126891, 5.3456334798, 5.3449833292, 11.632723608, 4.9451571085], [0.6995242392, 0.3534240692, 4.0808223339, 5.5839344895, 11.436117575, 0.00016414773302], [0.73687038303, 0.36744461681, 4.2905463903, 5.7063098291, 12.103398347, 0.0001641571868], [0.79608974807, 0.39352225149, 4.2055960057, 5.8357760559, 12.823178755, 0.00016416743443], [0.74289620314, 0.39657364724, 5.864076069, 6.1215378369, 10.813531446, 0.00016411532984], [0.75365425291, 0.40566061314, 6.0507302516, 6.0510842953, 9.1146881745, 4.446482948], [0.8239452918, 0.37166484071, 5.7055875705, 5.731001946, 12.202616377, 2.1279070577], [0.7976845349, 0.3876617145, 5.9111845009, 5.7992745988, 8.6229280427, 2.4631933852], [0.87940743026, 0.41320765953, 6.0839337716, 6.0830589122, 12.707599085, 0.38445283404], [0.93728584116, 0.42860810808, 6.153384594, 6.1504108581, 13.499676253, 0.26936122659], [0.94969498706, 0.44099033971, 6.1695592202, 6.1436851866, 12.482895477, 0.0087098326718], [1.0043690204, 0.43884436566, 6.1384711938, 6.0158340247, 15.178007274, 0.00089042461109], [0.85320828548, 0.43411519656, 6.068969089, 6.0072491584, 14.84749882, 0.00089015131274], [0.83443408612, 0.43415541587, 6.1734354938, 5.8000458868, 19.994315841, 0.00021098916001], [0.98728797952, 0.34899610703, 6.4656020731, 5.173309737, 23.935829283, 8.1779688722e-05], [1.0178665508, 0.34213440957, 6.4323127296, 4.9955162027, 25.117965591, 8.1788544208e-05], [1.0430736829, 0.36944942559, 6.8331031991, 5.0405918205, 29.984869896, 1.4355207691e-05], [0.7371929924, 0.49314015619, 7.9531601593, 6.3212793005, 26.03071402, 1.4353608064e-05], [0.76002311557, 0.49558319684, 7.8698372575, 6.3208743238, 28.475957197, 1.4354127519e-05], [0.73830670538, 0.44793123904, 7.8058482947, 5.949928243, 27.821466932, 1.4353562927e-05], [0.74705219705, 0.47385696732, 8.7259926004, 6.1404299075, 30.999334118, 1.4354323758e-05], [0.76518595325, 0.496750431, 9.1269038827, 6.306976841, 32.617170443, 1.3828539297e-05], [0.76727195412, 0.52390159093, 9.5644365953, 6.5589754229, 32.79494092, 4.0309087789e-05]], "itertime": [0.001, 0.002, 0.001, 0.001, 0.002, 0.002, 0.002, 0.002, 0.002, 0.002, 0.001, 0.975, 57.851, 54.232, 55.988, 53.818, 57.226, 54.992, 58.361, 53.975, 55.381, 58.834, 55.672, 54.11, 56.002, 56.857, 57.185, 54.636, 55.533, 56.043, 56.648, 54.132, 54.995, 91.173, 72.625, 73.092], "totaltime": [65.69, 131.29199999999997, 132.03799999999998, 132.82199999999997, 133.55299999999997, 134.278, 134.934, 135.71399999999997, 136.512, 137.242, 137.894, 138.87099999999998, 196.72499999999997, 250.95999999999998, 306.94999999999993, 360.77, 417.996, 472.989, 531.351, 585.326, 640.708, 699.5419999999999, 755.2139999999999, 809.325, 865.328, 922.185, 979.3709999999999, 1034.01, 1089.546, 1145.589, 1202.2379999999998, 1256.37, 1311.368, 1402.542, 1475.291, 1548.625],