{"name": "a3c7_48", "initpts": [2, 45], "iterpts": [50], "num_tasks": 2, "obs": null, "acqtime": [55.16, 53.811, 50.815, 51.264, 52.14, 51.962, 54.236, 51.407, 51.158, 53.52, 50.238, 62.884], "bestacq": [[-50.0, -50.0, 0.0, 12.40512999999919], [42.92996607, 178.05849573, 0.0, 2.2563800000061747], [42.92996607, 178.05849573, 0.0, 2.2563800000061747], [42.92996607, 178.05849573, 0.0, 2.2563800000061747], [42.92996607, 178.05849573, 0.0, 2.2563800000061747], [42.92996607, 178.05849573, 0.0, 2.2563800000061747], [42.92996607, 178.05849573, 0.0, 2.2563800000061747], [42.92996607, 178.05849573, 0.0, 2.2563800000061747], [42.92996607, 178.05849573, 0.0, 2.2563800000061747], [42.92996607, 178.05849573, 0.0, 2.2563800000061747], [235.10186799, -8.8939924525, 0.0, 0.9267700000200421], [235.10186799, -8.8939924525, 0.0, 0.9267700000200421], [235.10186799, -8.8939924525, 0.0, 0.9267700000200421]], "gmp": [[59.45322219, 181.54891048, 0.0, 3.436329999996815, 1.7472901636], [57.172980942, 184.51619677, 0.0, 1.8298899999936111, 1.0255058609], [52.591096341, 185.67431665, 0.0, 1.981839999993099, 0.86132923601], [51.527026511, 186.42353682, 0.0, 1.9904399999941234, 0.82717060799], [52.32929485, 187.57520824, 0.0, 1.9318199999979697, 0.96139930206], [51.624841483, 186.96097682, 0.0, 1.9627400000172202, 0.68566386437], [39.851119712, 181.7040286, 0.0, 2.203780000010738, 0.06843032501], [43.464436157, 182.95714131, 0.0, 2.1777400000137277, 0.053666977006], [44.401106609, 182.68619094, 0.0, 2.1813900000124704, 0.043752088202], [44.074781739, 182.85121885, 0.0, 2.177590000006603, 0.043335425912], [233.0946562, -3.4420575321, 0.0, 0.7754200000199489, 0.068355607243], [234.66992084, -4.0938117663, 0.0, 0.7998599999991711, 0.052282279096], [235.11081643, -2.912230485, 0.0, 0.6975000000093132, 0.071757942753]], "gmp_convergence": [[3.742230363, 0.08676702123], [4.725982242, 0.0082074929845], [1.3013744525, 0.00046411847022], [1.403560313, 0.0031659158419], [0.93463082787, 0.0016697229743], [12.894030746, 0.01301947806], [3.8244407676, 0.0014067739218], [0.97507211824, 0.0001970149946], [0.36568036906, 0.00020492443337], [265.39347725, 0.075733979632], [1.7047704403, 0.0013198604215], [1.2611594878, 0.0045455409433]], "GP_hyperparam": [[0.54613606491, 0.48052046495, 6.3575048386, 6.6072248687, 0.070521437503, 1.6138805076], [0.54404658711, 0.4750606011, 6.9449395005, 6.1801814738, 6.1679857588, 6.2297322552], [0.54853718509, 0.48145450133, 6.2050161779, 6.0669116046, 9.8330063884, 9.7748393914], [0.55194526701, 0.48451448519, 5.962815771, 6.0990107419, 10.664786836, 10.60225149], [0.55416820663, 0.48597770168, 5.7613844144, 6.1422406486, 10.65027308, 10.612945434], [0.55905282898, 0.49108322304, 5.7103854039, 6.409595885, 8.7259033542, 9.1252757913], [0.56252459716, 0.50115509017, 5.9539729223, 6.3408753403, 5.0973182946, 12.85056862], [0.57051921822, 0.5051797261, 6.4050549026, 6.4052630738, 2.3861415722, 14.238144076], [0.5742476348, 0.51067478659, 6.6463455577, 6.5518959164, 2.4206470169, 14.271542359], [0.57974618501, 0.51518711571, 6.6296557904, 6.7182428303, 2.182194481, 14.009692925], [0.55948440378, 0.50017914948, 6.0861768228, 5.9174670392, 4.6535661858, 17.139400503], [0.56539895435, 0.50770179027, 6.8452409251, 6.2249726903, 3.7402668198, 15.916650449], [0.57392434127, 0.50520393891, 7.0552447499, 7.0838362984, 11.426879967, 5.3526604409]], "itertime": [0.001, 0.0, 0.001, 0.0, 0.0, 0.0, 0.0, 0.0, 0.0, 0.0, 0.001, 0.001, 0.001, 0.001, 0.0, 0.0, 0.0, 0.001, 0.001, 0.001, 0.0, 0.0, 0.001, 0.001, 0.0, 0.0, 0.001, 0.001, 0.001, 0.0, 0.0, 0.0, 0.001, 0.001, 0.0, 0.001, 0.001, 0.0, 0.001, 0.0, 0.001, 0.0, 0.001, 0.001, 0.0, 0.0, 1.246, 56.186, 55.017, 51.965, 52.513, 53.352, 53.312, 55.764, 52.615, 52.543, 55.028, 51.77, 64.855], "totaltime": [66.094, 131.72799999999998, 132.47199999999998, 133.253, 133.98, 134.701, 135.352, 136.12599999999998, 136.92, 137.646, 138.295, 139.10299999999998, 139.926, 140.62099999999998, 141.35199999999998, 142.136, 142.82999999999998, 143.579, 145.088, 145.85899999999998, 146.665, 147.448, 149.07, 149.798, 150.612, 151.40099999999998, 153.059, 153.852, 154.428, 155.077, 155.825, 157.06199999999998, 157.838, 158.613, 159.47899999999998, 161.067, 161.83299999999997, 162.61599999999999, 163.322, 165.041, 165.839, 166.607, 167.321, 169.028, 169.79, 170.499, 171.746, 227.932, 282.949, 334.915, 387.428, 440.781, 494.093, 549.857, 602.4730000000001, 655.017, 710.0450000000001, 761.816, 826.672],