{"name": "a3c7_1", "initpts": [2, 10], "iterpts": [50], "num_tasks": 2, "obs": null, "acqtime": [71.37, 59.991, 55.672, 58.401, 63.079, 60.033, 58.985, 58.792, 58.361, 62.831, 56.269, 57.509, 60.062, 57.149, 62.745, 58.525, 55.129, 58.484, 100.119], "bestacq": [[-50.0, -50.0, 0.0, 12.40512999999919], [38.434511793, 185.5548362, 0.0, 2.5746499999950174], [38.434511793, 185.5548362, 0.0, 2.5746499999950174], [38.434511793, 185.5548362, 0.0, 2.5746499999950174], [38.434511793, 185.5548362, 0.0, 2.5746499999950174], [38.434511793, 185.5548362, 0.0, 2.5746499999950174], [38.434511793, 185.5548362, 0.0, 2.5746499999950174], [38.434511793, 185.5548362, 0.0, 2.5746499999950174], [38.434511793, 185.5548362, 0.0, 2.5746499999950174], [38.434511793, 185.5548362, 0.0, 2.5746499999950174], [38.434511793, 185.5548362, 0.0, 2.5746499999950174], [38.434511793, 185.5548362, 0.0, 2.5746499999950174], [38.434511793, 185.5548362, 0.0, 2.5746499999950174], [38.434511793, 185.5548362, 0.0, 2.5746499999950174], [38.434511793, 185.5548362, 0.0, 2.5746499999950174], [38.434511793, 185.5548362, 0.0, 2.5746499999950174], [38.434511793, 185.5548362, 0.0, 2.5746499999950174], [38.434511793, 185.5548362, 0.0, 2.5746499999950174], [38.434511793, 185.5548362, 0.0, 2.5746499999950174], [246.36223599, 0.78183136163, 0.0, 0.11543999999412335]], "gmp": [[130.94988393, 192.13194985, 0.0, 5.917430000001332, 3.5587292325], [38.434511793, 185.5548362, 0.0, 2.5746499999950174, 1.0002016904e-08], [-2.7724388344, 191.72373619, 0.0, 2.2265100000076927, 5.9117354125], [21.529360192, 191.46228693, 0.0, 2.368799999996554, 1.1644787013], [5.5535776861, 184.4363818, 0.0, 1.9897099999943748, 2.4286984464], [7.3856434312, 184.4680483, 0.0, 2.021470000006957, 1.0027713396], [34.071683418, 176.22557483, 0.0, 2.1616199999989476, 0.3316885872], [38.23349806, 175.70918594, 0.0, 2.112280000001192, 0.53348244198], [43.556851092, 180.00219607, 0.0, 2.3559499999973923, 0.2017478566], [44.398451699, 180.27364836, 0.0, 2.369570000009844, 0.19100090822], [52.522254375, 179.77775328, 0.0, 2.2633700000005774, 0.10947636516], [51.516155064, 179.6400135, 0.0, 2.2701499999966472, 0.084919672091], [51.618504651, 179.6756011, 0.0, 2.275179999996908, 0.074596585612], [35.225973404, 179.47798965, 0.0, 2.3509800000174437, 0.06199822151], [60.536630875, 184.16889003, 0.0, 2.2593700000143144, 0.068087009401], [60.828592253, 184.00751805, 0.0, 2.241890000004787, 0.094779728575], [72.111734833, 185.72042474, 0.0, 2.2195000000065193, 0.17120146095], [72.812901631, 186.17049075, 0.0, 2.2250800000038, 0.17203759981], [74.088875544, 186.53764386, 0.0, 2.2084000000031665, 0.14900288782], [254.09049427, -4.5470941481, 0.0, -0.12906999999540858, 0.074217434642]], "gmp_convergence": [[92.748867944, 0.21792113156], [41.666150614, 0.022695789269], [24.303205378, 0.0092763322706], [17.452477465, 0.024713777697], [1.8323393958, 0.0020709009119], [27.929967759, 0.0091363813048], [4.1937284839, 0.0023543611445], [6.8387150437, 0.011692359635], [0.88429516025, 0.00067224251537], [8.1389238755, 0.0050889874461], [1.015484154, 0.00032134595121], [0.10836011788, 0.00024269500644], [16.393722304, 0.0035830640334], [25.741676869, 0.0042566576279], [0.3335901141, 0.00080034723169], [11.412421121, 0.0010445755018], [0.83318322697, 0.00026799757826], [1.3277465229, 0.00078906320707], [262.51468501, 0.10628390799]], "GP_hyperparam": [[0.66172642455, 0.34913867614, 5.5250583106, 5.51436168, 0.1286642251, 3.9017779657], [0.69483720037, 0.34654035683, 6.4486015753, 5.5980540344, 18.063007785, 7.9061010519e-05], [0.68445861149, 0.35878922274, 5.3456036948, 5.345442398, 11.639537023, 4.939350465], [0.69944407578, 0.35336892369, 4.0796965168, 5.5836239007, 11.444092881, 0.00030093098428], [0.7368240123, 0.36739392539, 4.290092076, 5.7059905308, 12.112054276, 0.00030096276605], [0.79602381842, 0.39343687867, 4.2047957775, 5.8350600439, 12.829361391, 0.00030099707358], [0.80143855753, 0.38588395978, 4.0180575917, 5.8781612968, 14.694742305, 0.00030107016018], [0.75905095975, 0.40485242189, 6.0976045078, 5.9778123293, 8.4909248043, 4.9908875477], [0.82981104948, 0.37380709574, 5.7133028241, 5.7127410267, 12.134012024, 2.2542017147], [0.80401346126, 0.38883113623, 5.8355516818, 5.8349680101, 9.3780778021, 1.8450279956], [0.88831803027, 0.41442894616, 6.0691499486, 6.0665038616, 12.987888036, 0.26410592053], [0.94809021152, 0.43038299656, 6.1449195378, 6.1331331711, 13.777241283, 0.1889318215], [0.96151900129, 0.442297059, 6.1611872424, 6.1159969509, 12.645824149, 0.010086908088], [1.0190649451, 0.44198408647, 6.158047317, 6.014028604, 15.158217465, 0.010351497272], [0.8378774159, 0.43357251294, 6.0431935312, 6.0011179927, 14.69637986, 0.0092321220167], [0.80855150085, 0.43297122122, 6.1709149762, 5.7874314232, 20.691498262, 0.00085163227977], [0.95584228658, 0.3239169285, 6.1466202206, 5.1910010744, 22.919911794, 0.00085357288793], [1.0090254151, 0.31211320005, 6.1277107106, 4.9894676976, 23.175293199, 0.00029234412213], [1.0913637026, 0.33521790215, 6.7191155719, 5.0661331576, 28.56313936, 4.2604482288e-05], [0.75136089426, 0.53760396344, 9.0352851551, 6.576121243, 26.119792463, 2.4783918036e-05]], "itertime": [0.001, 0.001, 0.001, 0.001, 0.001, 0.001, 0.001, 0.001, 0.001, 0.001, 0.001, 1.279, 72.829, 61.099, 57.195, 59.491, 64.07, 61.454, 60.543, 60.067, 59.931, 64.651, 57.881, 59.285, 62.032, 59.732, 64.574, 60.321, 57.401, 60.357, 102.662], "totaltime": [75.986, 151.47, 152.215, 152.997, 153.72400000000002, 154.445, 155.097, 155.871, 156.66500000000002, 157.39100000000002, 158.041, 159.32, 232.15000000000003, 293.25, 350.445, 409.937, 474.007, 535.461, 596.005, 656.073, 716.004, 780.656, 838.538, 897.824, 959.856, 1019.589, 1084.164, 1144.485, 1201.887, 1262.245, 1364.908],