{"name": "a3c7_53", "initpts": [2, 20], "iterpts": [50], "num_tasks": 2, "obs": null, "acqtime": [65.302, 55.512, 53.842, 57.058, 54.89, 55.72, 55.487, 54.241, 55.931, 58.483], "bestacq": [[-50.0, -50.0, 0.0, 12.40512999999919], [-50.0, -50.0, 0.0, 12.40512999999919], [-50.0, -50.0, 0.0, 12.40512999999919], [-4.9384615995, 166.61747025, 0.0, 4.993710000009742], [-4.9384615995, 166.61747025, 0.0, 4.993710000009742], [77.644463206, 189.91035813, 0.0, 2.81950000001234], [77.644463206, 189.91035813, 0.0, 2.81950000001234], [77.644463206, 189.91035813, 0.0, 2.81950000001234], [77.644463206, 189.91035813, 0.0, 2.81950000001234], [77.644463206, 189.91035813, 0.0, 2.81950000001234], [73.092331291, 167.62399502, 0.0, 2.812839999998687]], "gmp": [[-50.0, -50.0, 0.0, 12.40512999999919, 1.0001999584e-08], [83.056682884, 177.0070937, 0.0, 2.576650000002701, 0.00087289543543], [82.288106826, 177.85429162, 0.0, 6.010470000008354, 0.0026357924023], [73.197471532, 178.77284172, 0.0, 2.936870000005001, 2.5720087566], [69.257782624, 178.64713192, 0.0, 3.2453000000095926, 2.6598188636], [72.512291851, 181.78628286, 0.0, 2.4467400000139605, 0.25778553599], [73.22499566, 182.1914606, 0.0, 2.4881900000036694, 0.24876655373], [74.120413921, 180.63947368, 0.0, 2.3550800000084564, 0.33996548345], [79.853928688, 180.7062718, 0.0, 2.350399999995716, 0.2829901492], [80.330777029, 179.53011679, 0.0, 2.1507299999939278, 0.4251229952], [78.972299467, 178.52276276, 0.0, 2.039329999999609, 0.049943124533]], "gmp_convergence": [[263.12791841, 0.54232062728], [1.1438765125, 0.18947267228], [9.1369242273, 0.16115969289], [3.9416940073, 0.015897052224], [4.5217362775, 0.03843550158], [0.8198266405, 0.0019303127376], [1.7917693117, 0.0060500763792], [5.733903868, 0.0002070497344], [1.2691433881, 0.0090916204506], [1.6912195102, 0.0049403317797]], "GP_hyperparam": [[0.65629873405, 0.34657875161, -1.2529715415, 4.8118915273, 1.961123752e-15, 7.9740948738e-08], [0.74691361219, 0.33064009338, 5.9728736711, 5.259914192, 3.6028496423e-07, 1.1970559366e-09], [0.73195929122, 0.28895515937, 3.8541204446, 5.0243160519, 3.6028534726e-07, 1.1970559421e-09], [0.72842943345, 0.36926216222, 5.2922810267, 5.2138936568, 1.3387534012, 2.3029190425], [0.73562517954, 0.35654770023, 4.7406774035, 5.1403816055, 2.5195835844, 1.5339275137], [0.73299125304, 0.40104916121, 5.1926866779, 5.5187656203, 3.9547754601, 2.4845076142], [0.75100533651, 0.3971085366, 5.0665952238, 5.4422416715, 5.0164965607, 3.4658999916], [0.76173300397, 0.39002408655, 4.9048616229, 5.4014611491, 6.1445119672, 4.3674630436], [0.79853558548, 0.40674868322, 5.0290473185, 5.6538391186, 7.017312122, 5.0691170792], [0.80690804505, 0.34361775601, 4.6279474453, 5.0951117458, 5.6988198383, 3.9196462139], [0.83002059637, 0.37115936614, 4.9556336081, 5.3351246262, 6.2766874556, 5.2767805277]], "itertime": [0.001, 0.001, 0.001, 0.001, 0.001, 0.001, 0.001, 0.001, 0.001, 0.001, 0.001, 0.001, 0.001, 0.001, 0.0, 0.001, 0.001, 0.001, 0.001, 0.001, 0.001, 1.366, 66.447, 56.938, 55.042, 58.403, 56.254, 57.082, 56.703, 55.633, 57.682, 60.006], "totaltime": [65.874, 130.64899999999997, 131.39399999999998, 132.17499999999998, 132.902, 133.623, 134.27499999999998, 135.04899999999998, 135.843, 136.569, 137.219, 138.027, 138.85, 139.545, 140.27599999999998, 141.06, 141.754, 142.504, 144.013, 144.784, 145.58999999999997, 146.956, 213.403, 270.342, 325.385, 383.789, 440.044, 497.126, 553.829, 609.463, 667.145, 727.1519999999999], "boss.in": ["\n", "-----------------------------   Welcome to ....   ------------------------------\n", "                      _______  _______ _______ _______ \n", "                     |   _   \\|   _   |   _   |   _   |\n", "                     |.  1   /|.  |   |   1___|   1___|\n", "                     |.  _   \\|.  |   |____   |____   |\n", "                     |:  1    |:  1   |:  1   |:  1   |\n", "                     |::.. .  |::.. . |::.. . |::.. . |\n", "                     `-------'`-------`-------`-------'\n", "\n", "                                 Version 0.9.15                                 \n", "                              30-09-2020 17:26:07                               \n", "--------------------------------------------------------------------------------\n", "\n", "| Reading BOSS input file from: in_2D\n", "| Initializing...\n", "\n", "--------------------------------------------------------------------------------\n", "                                   INPUT FILE                                   \n", "--------------------------------------------------------------------------------\n", "# input file for alanine 2D (d4-d13)\n", "\n", "# optimization\n", "userfn       userfn_2D.py\n", "bounds       -50 310; -50 310\n", "kernel       stdp\n", "num_tasks    2\n", "initpts 2 20\n", "iterpts      50\n", "verbosity    2\n", "W_prior      gaussian\n", "W_priorparam 10.062 3.953\n", "thetaprior gamma\n", "thetapriorparam 2 0.016; 3.3678 9.0204; 3.3678 9.0204\n", "RESULTS:\n", "-5.000000000000000E+01 -5.000000000000000E+01 0 -2.030049146092371E+05 \n", "1.300000000000000E+02 1.300000000000000E+02 0 -2.030038208770180E+05 \n", "7.995768777922642E+00 2.622073804431099E+02 1 3.338490000000000E+01 \n", "1.361129454742689E+02 1.890543144761587E+02 1 2.117780000000000E+01 \n", "3.060125236296456E+02 2.014881465412536E+02 1 2.190070000000000E+01 \n", "1.791501794849083E+02 2.765201488156509E+02 1 3.580480000000000E+01 \n", "1.247841794181259E+02 1.253161024399498E+02 1 2.859680000000000E+01 \n", "-4.183478637883191E+01 2.247754273385033E+02 1 2.563460000000000E+01 \n", "4.042078442084353E+00 2.833195207672877E+02 1 3.440890000000000E+01 \n", "6.006625147242033E+01 5.607230413774668E+01 1 3.158770000000000E+01 \n", "2.824591824676401E+02 8.733497802283350E+01 1 3.651720000000000E+01 \n", "2.308857506826149E+02 -4.348500539059306E+01 1 2.974380000000000E+01 \n", "2.637560403513044E+02 3.026063286741615E+02 1 3.091960000000000E+01 \n", "1.456510836207618E+02 1.065773672830548E+02 1 3.102800000000000E+01 \n", "2.498675809883969E+02 3.205682282144933E+01 1 2.618560000000000E+01 \n", "1.964384275559904E+02 2.844634879903527E+02 1 3.586640000000000E+01 \n", "9.655150985671881E-01 2.180869479260165E+02 1 2.503030000000000E+01 \n", "6.286781825770584E+01 2.758675567459083E+01 1 2.790440000000000E+01 \n", "1.372878807686562E+02 2.505261113104165E+02 1 3.366600000000000E+01 \n", "2.649507236551389E+02 2.379301391817942E+02 1 3.297860000000000E+01 \n", "2.797861550528711E+01 2.884495225968018E+02 1 3.416710000000000E+01 \n", "8.336542981295858E+01 1.773128592134727E+02 1 1.839420000000000E+01 \n", "--------------------------------------------------------------------------------\n", "                               SIMULATION OPTIONS                               \n", "--------------------------------------------------------------------------------\n", "|| File input/output \n", "ipfile         in_2D\n", "userfn         userfn_2D.py\n", "outfile        boss.out\n", "rstfile        boss.rst\n", "\n", "|| Key settings \n", "num_tasks         2\n", "bounds         -5.000E+01 3.100E+02;    -5.000E+01 3.100E+02\n", "kerntype       stdp stdp\n", "yrange         -5.000E+01 3.100E+02;    -5.000E+01 3.100E+02\n", "noise          1.000E-12\n", "initpts    2 20    iterpts   50\n", "gm_tol         none\n", "verbosity      2\n", "\n", "|| Data acquisition \n", "acqfn                elcb\n", "acqtol               1.000E-03\n", "\n", "|| GP hyperparameters \n", "thetainit       1.000E+00 3.142E-01\n", "thetabounds     none\n", "thetaprior      gamma\n", "thetapriorpar   2.000E+00 1.600E-02;    3.368E+00 9.020E+00;    3.368E+00 9.020E+00\n", "\n", "|| Hyperparameter optimization\n", "updatefreq   1  initupdate      True\n", "updateoffset 0  updaterestarts  2\n", "\n", "\n", "--------------------------------------------------------------------------------\n", "                              INITIAL DATAPOINT 1                               \n", 