{"name": "a3c7_33", "initpts": [2, 20], "iterpts": [50], "num_tasks": 2, "obs": null, "acqtime": [50.522, 51.98, 50.953, 53.713, 51.442, 52.516, 52.707, 51.799, 51.536, 55.747, 51.912, 58.114, 57.36, 71.752], "bestacq": [[-50.0, -50.0, 0.0, 12.40512999999919], [-50.0, -50.0, 0.0, 12.40512999999919], [-50.0, -50.0, 0.0, 12.40512999999919], [-4.9514635467, 166.61278279, 0.0, 4.9944200000027195], [-4.9514635467, 166.61278279, 0.0, 4.9944200000027195], [77.64696704, 189.91232584, 0.0, 2.8199100000201724], [77.64696704, 189.91232584, 0.0, 2.8199100000201724], [77.64696704, 189.91232584, 0.0, 2.8199100000201724], [77.64696704, 189.91232584, 0.0, 2.8199100000201724], [77.64696704, 189.91232584, 0.0, 2.8199100000201724], [59.125584542, 168.74744856, 0.0, 2.535390000004554], [59.125584542, 168.74744856, 0.0, 2.535390000004554], [59.125584542, 168.74744856, 0.0, 2.535390000004554], [59.125584542, 168.74744856, 0.0, 2.535390000004554], [239.71913474, -5.8881696391, 0.0, 0.33647999999811873]], "gmp": [[-50.0, -50.0, 0.0, 12.40512999999919, 1.0002000028e-08], [83.057164456, 177.00727717, 0.0, 2.572409999993397, 0.00087200079627], [82.285254478, 177.85109372, 0.0, 6.0068000000028405, 0.0026229877571], [73.207030455, 178.77130239, 0.0, 2.9370700000145007, 2.571476252], [69.278474589, 178.64972341, 0.0, 3.2445100000186358, 2.6606039316], [72.506411046, 181.78806958, 0.0, 2.4471600000106264, 0.25771927191], [73.217497163, 182.19276379, 0.0, 2.488550000009127, 0.24871271716], [74.1090944, 180.64105038, 0.0, 2.355570000014268, 0.33972100223], [77.111304059, 179.71047803, 0.0, 2.1876800000027288, 0.47858512262], [72.541584849, 180.57606716, 0.0, 2.3328500000061467, 0.3207637667], [66.665484469, 178.08637003, 0.0, 1.9854200000117999, 0.041693661257], [62.936501531, 178.19917202, 0.0, 2.031780000019353, 0.049498016892], [62.756721832, 178.22760978, 0.0, 2.036920000013197, 0.044101196354], [62.144363832, 178.31263846, 0.0, 2.043980000016745, 0.014081111085], [242.42979556, -5.8784968884, 0.0, 0.3157000000064727, 0.01518584139]], "gmp_convergence": [[263.12832022, 0.54255504474], [1.1436220484, 0.18950488613], [9.1247430315, 0.16094164596], [3.9304366988, 0.01584436775], [4.5020873485, 0.038373256863], [0.8181814418, 0.0019273586022], [1.7896257056, 0.0060432402605], [3.1431238802, 0.0078337425845], [4.6509760487, 0.006598542997], [6.3817824701, 0.015366764213], [3.7306886817, 0.0020258926358], [0.1820149622, 0.00022696401823], [0.61823312566, 0.00030589909515], [257.73864909, 0.073273089681]], "GP_hyperparam": [[0.65631894734, 0.34656359228, -1.2529960901, 4.81200259, 9.0628641386e-18, 7.0714000262e-07], [0.74686300962, 0.33066205866, 5.9750437601, 5.2597103918, 3.8224874967e-18, 9.6102284888e-08], [0.73203967579, 0.2889278997, 3.8558925122, 5.0239200893, 3.8224874967e-18, 9.6102320591e-08], [0.72842161054, 0.36923627553, 5.3120382815, 5.1942955513, 1.1278571772, 2.5046103324], [0.7356589516, 0.35665148355, 4.8582278401, 5.0203103866, 1.4151203195, 2.7711118498], [0.73303688671, 0.40116923504, 5.3386057234, 5.3711473984, 2.4274211686, 4.1152315214], [0.75108076687, 0.39725827261, 5.2246914943, 5.2827715905, 3.4092801942, 5.2086481688], [0.76183900257, 0.3902694372, 5.0765680154, 5.2273515315, 4.4673749753, 6.2666884508], [0.77739440645, 0.33579820842, 4.6088837272, 4.879069969, 4.140920692, 4.1557498783], [0.78276547289, 0.37100549927, 4.7924938448, 5.2045627428, 5.0736820243, 4.9627114199], [0.80344328399, 0.39973457624, 5.1706155524, 5.4981674226, 6.1444929506, 5.8969482873], [0.7931902247, 0.41275087745, 5.0481457636, 5.6072722201, 6.6740394792, 6.3572033656], [0.79813406301, 0.42397498265, 5.0236207648, 5.7330102114, 6.1883233524, 6.0157071541], [0.82244385006, 0.46250272332, 5.8099861903, 5.8120066087, 2.1127611276, 12.197690018], [0.7165995127, 0.50674372261, 6.8752779099, 6.8753405288, 17.015624976, 1.1510455818]], "itertime": [0.001, 0.0, 0.001, 0.001, 0.0, 0.0, 0.0, 0.001, 0.001, 0.0, 0.0, 0.001, 0.001, 0.001, 0.001, 0.001, 0.001, 0.0, 0.0, 0.001, 0.0, 1.043, 51.732, 53.255, 51.998, 54.889, 52.67, 53.619, 53.911, 53.541, 53.06, 57.237, 53.426, 59.654, 59.378, 73.761], "totaltime": [66.819, 133.428, 134.173, 134.954, 135.681, 136.401, 137.05200000000002, 137.826, 138.62, 139.346, 139.995, 140.803, 141.626, 142.321, 143.05200000000002, 143.836, 144.53, 145.279, 146.788, 147.559, 148.365, 149.40800000000002, 201.14000000000001, 254.39600000000002, 306.394, 361.284, 413.954, 467.574, 521.485, 575.0269999999999, 628.087, 685.324, 738.75, 798.405, 857.803, 931.574],