{"name": "a3c7_6", "initpts": [2, 35], "iterpts": [50], "num_tasks": 2, "obs": null, "acqtime": [63.844, 57.035, 57.362, 53.327, 53.852, 53.116, 56.586, 51.772, 56.526, 53.785, 52.031, 54.531, 52.74, 52.236, 56.234, 53.864, 54.974, 57.684, 55.299, 52.807, 87.141, 58.038], "bestacq": [[-50.0, -50.0, 0.0, 12.40512999999919], [211.06760775, 169.24154098, 0.0, 5.285720000014408], [211.06760775, 169.24154098, 0.0, 5.285720000014408], [47.349698854, 190.36068738, 0.0, 2.6596800000115763], [47.349698854, 190.36068738, 0.0, 2.6596800000115763], [47.349698854, 190.36068738, 0.0, 2.6596800000115763], [47.349698854, 190.36068738, 0.0, 2.6596800000115763], [246.48456904, 0.57134469611, 0.0, 0.11071999999694526], [246.48456904, 0.57134469611, 0.0, 0.11071999999694526], [246.48456904, 0.57134469611, 0.0, 0.11071999999694526], [246.48456904, 0.57134469611, 0.0, 0.11071999999694526], [246.48456904, 0.57134469611, 0.0, 0.11071999999694526], [246.48456904, 0.57134469611, 0.0, 0.11071999999694526], [246.48456904, 0.57134469611, 0.0, 0.11071999999694526], [246.48456904, 0.57134469611, 0.0, 0.11071999999694526], [246.48456904, 0.57134469611, 0.0, 0.11071999999694526], [246.48456904, 0.57134469611, 0.0, 0.11071999999694526], [246.48456904, 0.57134469611, 0.0, 0.11071999999694526], [246.48456904, 0.57134469611, 0.0, 0.11071999999694526], [246.48456904, 0.57134469611, 0.0, 0.11071999999694526], [246.48456904, 0.57134469611, 0.0, 0.11071999999694526], [246.48456904, 0.57134469611, 0.0, 0.11071999999694526], [246.48456904, 0.57134469611, 0.0, 0.11071999999694526]], "gmp": [[67.693339424, 182.03424696, 0.0, 3.9808000000193715, 2.1984110272], [65.100811587, 183.77010884, 0.0, -1.5349299999943469, 13.319100496], [59.662105997, 186.46863745, 0.0, 3.4356299999926705, 13.960563082], [56.031246391, 187.92872047, 0.0, 2.5666999999957625, 0.29790549088], [55.60041524, 189.41539119, 0.0, 2.585720000002766, 0.21274484593], [60.320518733, 188.69986705, 0.0, 2.4603000000061, 0.5923594986], [56.48278876, 188.10790611, 0.0, 2.546040000015637, 0.24875909485], [242.57284545, -0.16930479966, 0.0, 0.0744600000034552, 0.077255489639], [246.58546007, -4.2203376358, 0.0, -0.04490000000805594, 0.13159536855], [246.70275146, -4.3357590242, 0.0, -0.049469999998109415, 0.1236394883], [242.72435053, -4.8143068176, 0.0, -0.12744999999995343, 0.15242653727], [248.60417576, -1.0794901055, 0.0, 0.08631000001332723, 0.016472756392], [248.5648766, -0.99828354506, 0.0, 0.08812000000034459, 0.014072470321], [248.64183309, -0.93050669535, 0.0, 0.08855000001494773, 0.012645707304], [248.34514632, -1.079414135, 0.0, 0.08915000001434237, 0.01281314322], [248.11617459, -1.0325025427, 0.0, 0.09155000001192093, 0.010351313049], [248.06283452, -0.980493684, 0.0, 0.09275000001071021, 0.0090746485376], [237.40614576, 3.2786185809, 0.0, -0.06291999999666587, 0.0045280028149], [236.499039, 0.3368843173, 0.0, -0.10048999998252839, 0.0064994206104], [236.40008632, 0.36661176473, 0.0, -0.10605999999097548, 0.006123048721], [235.99383324, 0.57516399225, 0.0, -0.11449000000720844, 0.0073316981373], [236.04132655, 0.54904850997, 0.0, -0.11436999999568798, 0.0068446048208], [236.1488082, 0.51394092906, 0.0, -0.11142999998992309, 0.0065839323045]], "gmp_convergence": [[3.1200027358, 0.3043497726], [6.0713734132, 0.27426826656], [3.9134363316, 0.047946106301], [1.5478389163, 0.0010495250977], [4.7740288835, 0.0067371774216], [3.8831159, 0.0045628663057], [264.72215122, 0.12543957808], [5.7019245074, 0.0063046808955], [0.16455809625, 0.00023575571202], [4.0070789739, 0.0039742268073], [6.9657160882, 0.010872489775], [0.090216018235, 9.1597935111e-05], [0.10254756355, 2.173872257e-05], [0.33195852458, 3.0304781587e-05], [0.23372794312, 0.00012185958195], [0.074498893252, 6.0355541597e-05], [11.476282169, 0.0076879570488], [3.0784156906, 0.0018309585076], [0.10332160294, 0.00026978978154], [0.45665697745, 0.00041026448541], [0.054199933626, 5.7449118559e-06], [0.11307009548, 0.00014335690521]], "GP_hyperparam": [[0.58597790182, 0.48213480761, 6.0827227671, 6.4005773857, 0.17563976564, 2.4747214583], [0.57493049365, 0.46206376763, 7.9614646274, 6.1996147285, 14.641166497, 0.00016141464681], [0.58200274249, 0.47453188914, 5.3357742852, 5.7093865326, 9.1773592871, 9.8393956584], [0.58577627352, 0.48216720014, 5.3049610006, 5.7088027919, 11.045719677, 11.405225054], [0.5912889403, 0.48907111323, 5.3595444055, 5.3914883827, 7.3532896889, 16.819168485], [0.59858140282, 0.50082891009, 6.2538059377, 5.6698053519, 7.4255308832, 16.82608323], [0.60191893612, 0.50724602959, 6.0572330578, 5.8597906241, 6.9554253418, 16.328645783], [0.58454186816, 0.50085343073, 6.0675939927, 6.0676454526, 25.314676499, 10.143366387], [0.58993787522, 0.49297281663, 6.720957731, 6.7203563464, 29.649068194, 1.2003016268], [0.60030937946, 0.50612275874, 6.999241331, 6.8012385898, 26.698012457, 3.6447213263], [0.60524175994, 0.51103988113, 6.8861594743, 6.8860281001, 25.98124173, 3.7769667256], [0.60468396848, 0.52326919597, 7.6755918334, 7.2908860665, 31.301537811, 0.075372792346], [0.61043741294, 0.52869827388, 7.7343997784, 7.4118818638, 29.938265383, 0.00032941311921], [0.61282846465, 0.53703763809, 7.7350850071, 7.5339510989, 28.404028459, 0.00032922473832], [0.6186205227, 0.54897420631, 8.3997384978, 7.6921315637, 29.88729199, 0.0003293751127], [0.62665938841, 0.56563038443, 8.9174211921, 7.9968581469, 29.162229297, 8.5590407443e-05], [0.63255367651, 0.57370313737, 8.971938906, 8.1568953798, 28.839801645, 9.1726390371e-05], [0.64109531525, 0.57019513767, 9.3683496316, 8.2277995861, 31.459261033, 9.1749846507e-05], [0.63647026998, 0.5637360184, 9.4316255965, 7.9011831674, 39.399823983, 4.6100304639e-05], [0.63981716166, 0.55260485597, 8.793838705, 7.8133011637, 39.3734302, 0.00010376524281], [0.6180765849, 0.52411559516, 8.0936727012, 7.2474870406, 38.041855253, 0.00010374074239], [0.6243881888, 0.53045446343, 8.1096037721, 7.3569191984, 38.139418076, 0.00023470661973], [0.62788453064, 0.5433668217, 8.4658666106, 7.5440773636, 37.731982171, 0.00010481414896]], "itertime": [0.001, 0.001, 0.001, 0.001, 0.001, 0.001, 0.001, 0.001, 0.001, 0.001, 0.001, 0.001, 0.001, 0.001, 0.001, 0.001, 0.001, 0.001, 0.001, 0.001, 0.001, 0.001, 0.001, 0.001, 0.001, 0.001, 0.001, 0.001, 0.001, 0.001, 0.001, 0.001, 0.0, 0.001, 0.001, 0.001, 1.772, 65.219, 58.141, 58.611, 54.498, 54.939, 54.521, 58.061, 53.563, 57.837, 55.34, 53.678, 56.561, 54.589, 54.123, 58.078, 55.89, 57.018, 59.609, 57.72, 55.095, 89.432, 60.474], "totaltime": [66.882, 133.37, 134.115, 134.897, 135.624, 136.345, 136.997, 137.771, 138.565, 139.291, 139.94, 140.748, 141.572, 142.267, 142.998, 143.78199999999998, 144.476, 145.22500000000002, 146.734, 147.505, 148.312, 149.095, 150.717, 151.445, 152.25900000000001, 153.048, 154.707, 155.5, 156.077, 156.726, 157.474, 158.711, 159.48700000000002, 160.262, 161.12900000000002, 162.716, 164.488, 229.707, 287.849, 346.461, 400.96, 455.90000000000003, 510.42300000000006, 568.4839999999999, 622.047, 679.885, 735.2249999999999, 788.906, 845.4680000000001, 900.058, 954.182, 1012.261, 1068.152, 1125.171, 1184.7800000000002, 1242.501, 1297.597, 1387.03, 1447.621],