{"name": "a3c7_5", "initpts": [2, 30], "iterpts": [50], "num_tasks": 2, "obs": null, "acqtime": [63.749, 56.246, 56.952, 53.521, 53.462, 53.09, 51.803, 51.394, 56.018, 52.658, 56.868, 52.898, 53.337, 54.715, 55.201, 51.92, 56.575, 52.683, 54.018, 55.141, 67.72, 87.145], "bestacq": [[-50.0, -50.0, 0.0, 12.40512999999919], [217.38714076, 164.82234012, 0.0, 6.103470000001835], [187.18224905, 8.6556320522, 0.0, 3.752780000009807], [52.963432596, 192.74556881, 0.0, 2.8384399999922607], [52.963432596, 192.74556881, 0.0, 2.8384399999922607], [52.963432596, 192.74556881, 0.0, 2.8384399999922607], [52.963432596, 192.74556881, 0.0, 2.8384399999922607], [52.963432596, 192.74556881, 0.0, 2.8384399999922607], [52.963432596, 192.74556881, 0.0, 2.8384399999922607], [246.09176638, -2.395216445, 0.0, 0.07713000001967885], [246.09176638, -2.395216445, 0.0, 0.07713000001967885], [246.09176638, -2.395216445, 0.0, 0.07713000001967885], [246.09176638, -2.395216445, 0.0, 0.07713000001967885], [246.09176638, -2.395216445, 0.0, 0.07713000001967885], [246.09176638, -2.395216445, 0.0, 0.07713000001967885], [246.09176638, -2.395216445, 0.0, 0.07713000001967885], [246.09176638, -2.395216445, 0.0, 0.07713000001967885], [246.09176638, -2.395216445, 0.0, 0.07713000001967885], [246.09176638, -2.395216445, 0.0, 0.07713000001967885], [246.09176638, -2.395216445, 0.0, 0.07713000001967885], [246.09176638, -2.395216445, 0.0, 0.07713000001967885], [246.09176638, -2.395216445, 0.0, 0.07713000001967885], [246.09176638, -2.395216445, 0.0, 0.07713000001967885]], "gmp": [[71.378591761, 184.14419738, 0.0, 3.337660000019241, 1.6807109878], [69.021011687, 185.60153525, 0.0, -1.1022799999918789, 9.5803823022], [63.074293877, 187.58949633, 0.0, 2.223740000015823, 12.270231845], [60.843558079, 188.54276633, 0.0, 2.7164000000047963, 0.20062316546], [60.63634041, 189.46095036, 0.0, 2.7392800000088755, 0.14161630429], [73.012613559, 186.84172967, 0.0, 2.282520000007935, 1.8780104155], [81.354381131, 183.18615928, 0.0, 1.4664000000047963, 4.8543362876], [74.533410039, 183.58251786, 0.0, 1.9184999999997672, 1.6972108381], [75.243228497, 183.2749003, 0.0, 1.8487400000158232, 1.4087997914], [231.13757077, 1.32318315, 0.0, -0.40258999998332, 0.57586652201], [231.11851487, 1.3846449072, 0.0, -0.4101000000082422, 0.52737575974], [231.08725379, 1.4201380669, 0.0, -0.4093099999881815, 0.49691174524], [230.78637708, 1.3040357097, 0.0, -0.43750999998883344, 0.50465179807], [230.79910738, 1.294300584, 0.0, -0.43822999999974854, 0.45373061585], [234.83830529, 2.4694593881, 0.0, -0.23053000000072643, 0.28977368399], [237.0564739, 1.2886993198, 0.0, -0.0957699999853503, 0.01328721391], [238.08668077, 1.0458984092, 0.0, -0.04640999998082407, 0.01052524915], [237.9822056, 1.0835332143, 0.0, -0.04962000000523403, 0.0099522518732], [238.49537914, 1.0155316669, 0.0, -0.03469000000040978, 0.0080640874491], [240.27107679, 0.89929526023, 0.0, 0.004650000017136335, 0.0036360565268], [238.41771004, 1.2055343024, 0.0, -0.023599999985890463, 0.0010115387185], [237.78588475, 0.83379425188, 0.0, -0.007240000006277114, 0.00016088958922], [237.78437433, 0.83003866258, 0.0, -0.009159999986877665, 0.00013955417622]], "gmp_convergence": [[2.7716452649, 0.24498918124], [6.2702027065, 0.18352446507], [2.4258824981, 0.027184420396], [0.94127630137, 0.0012622824587], [12.650393436, 0.019650800617], [9.1075946924, 0.037393639086], [6.8324773508, 0.020084447174], [0.77360894816, 0.003158074562], [239.60274065, 0.097798775209], [0.064348076566, 0.00032608492342], [0.047297141488, 3.3566982582e-05], [0.32250046737, 0.0011978124456], [0.016026014489, 3.0009940161e-05], [4.2066754041, 0.0085886018294], [2.5128601936, 0.0054769557003], [1.0584320849, 0.0020264841147], [0.11104701651, 0.00013023938727], [0.51765943851, 0.00060095375141], [1.779497973, 0.0015673711011], [1.8784969169, 0.001110993063], [0.73307153062, 0.00063624511955], [0.0040479389403, 7.3993639417e-05]], "GP_hyperparam": [[0.67525871096, 0.4613202162, 6.4199348325, 6.4225198999, 0.11499488307, 1.7711125788], [0.66136157657, 0.44645260286, 7.8674018841, 6.2197725569, 11.010757623, 0.0017921137035], [0.67771672929, 0.47638816317, 6.0441615265, 6.4835459007, 11.70400959, 3.8628368135], [0.68681021112, 0.48956639934, 6.2010117927, 6.2007093675, 8.1367164999, 10.758042662], [0.70100227257, 0.50315550077, 6.106527032, 6.4783973494, 8.6196610045, 11.266446935], [0.66524463685, 0.4555153062, 6.5211155584, 6.5198571235, 29.751293394, 0.64551080983], [0.65441976566, 0.40911471411, 7.5701964704, 6.0714202924, 33.128059838, 7.6072483738e-05], [0.66301171147, 0.42168020495, 7.5988690177, 6.2927493209, 32.335150756, 7.6051461625e-05], [0.67161926236, 0.41135317468, 7.607752494, 6.2840665645, 24.41571426, 5.3613782161e-05], [0.67886870734, 0.41042591396, 7.7053476539, 6.2996731314, 34.5434222, 5.3651334699e-05], [0.68253134246, 0.41135575844, 7.5821172968, 6.3576541415, 30.799937211, 5.3629521693e-05], [0.69055587275, 0.42214655702, 7.7495045615, 6.5429437066, 30.042656619, 6.9076796056e-05], [0.6763839907, 0.43561781101, 7.3944895927, 6.6151572832, 31.114691064, 6.9078727459e-05], [0.69251524366, 0.43575616211, 7.3858974844, 6.7318815314, 29.859353573, 6.9067855295e-05], [0.70781198381, 0.43806262822, 7.612555487, 6.8761300052, 30.141997673, 0.00011678904517], [0.72234499713, 0.45305743621, 7.8612155692, 7.1399556509, 31.68107656, 0.00011680371391], [0.71297100403, 0.47878882242, 8.469935426, 7.2833646728, 34.957760281, 6.493560175e-05], [0.73088749053, 0.48133884832, 8.5636690762, 7.4683297724, 34.392799026, 6.9300643131e-05], [0.74614715524, 0.49619894351, 8.8268605774, 7.7275445723, 35.927541885, 6.9304334529e-05], [0.76990780866, 0.5149169239, 9.1185620334, 8.0862510277, 40.31876187, 6.9325593479e-05], [0.78655043918, 0.51187389522, 9.3433228413, 8.2104399865, 38.942145955, 6.9310693075e-05], [0.79225025524, 0.51807577992, 9.4186878468, 8.3095337944, 40.335616285, 2.8854054003e-05], [0.80992737419, 0.51196553733, 8.9942321819, 8.4716630759, 40.970184874, 0.0001028005871]], "itertime": [0.001, 0.001, 0.001, 0.001, 0.001, 0.001, 0.001, 0.001, 0.001, 0.001, 0.001, 0.001, 0.001, 0.001, 0.001, 0.001, 0.001, 0.001, 0.001, 0.001, 0.001, 0.001, 0.001, 0.001, 0.001, 0.001, 0.001, 0.001, 0.001, 0.001, 0.001, 1.593, 64.971, 57.342, 58.124, 54.58, 54.929, 54.861, 53.451, 52.948, 57.588, 54.143, 58.438, 54.708, 55.011, 56.556, 57.154, 54.057, 58.582, 54.843, 56.203, 57.323, 70.14, 89.474], "totaltime": [65.843, 132.054, 132.79899999999998, 133.57999999999998, 134.307, 135.028, 135.68, 136.45399999999998, 137.248, 137.974, 138.623, 139.43099999999998, 140.254, 140.94899999999998, 141.68099999999998, 142.46499999999997, 143.159, 143.90800000000002, 145.417, 146.188, 146.994, 147.777, 149.399, 150.128, 150.942, 151.731, 153.38899999999998, 154.182, 154.759, 155.40800000000002, 156.156, 157.749, 222.721, 280.06399999999996, 338.188, 392.769, 447.69899999999996, 502.55999999999995, 556.0129999999999, 608.962, 666.5509999999999, 720.694, 779.1329999999999, 833.842, 888.8539999999999, 945.41, 1002.5649999999999, 1056.623, 1115.205, 1170.048, 1226.252, 1283.575, 1353.716, 1443.219],