{"name": "a3c7_17", "initpts": [2, 40], "iterpts": [50], "num_tasks": 2, "obs": null, "acqtime": [54.238, 57.175, 57.331, 54.736, 54.527, 54.274, 57.304, 52.881, 57.321, 55.099, 56.132, 54.196, 56.123, 57.849, 56.135, 57.092, 53.872, 52.659, 57.594, 55.111, 53.898, 63.916, 69.153], "bestacq": [[-50.0, -50.0, 0.0, 12.40512999999919], [212.07343093, 168.23025636, 0.0, 5.443579999991925], [185.16030633, 12.037087518, 0.0, 3.947760000010021], [46.932681721, 188.37922937, 0.0, 2.4689800000051036], [46.932681721, 188.37922937, 0.0, 2.4689800000051036], [46.932681721, 188.37922937, 0.0, 2.4689800000051036], [46.932681721, 188.37922937, 0.0, 2.4689800000051036], [264.01616312, 1.9175785648, 0.0, 1.2337700000207406], [264.01616312, 1.9175785648, 0.0, 1.2337700000207406], [264.01616312, 1.9175785648, 0.0, 1.2337700000207406], [264.01616312, 1.9175785648, 0.0, 1.2337700000207406], [264.01616312, 1.9175785648, 0.0, 1.2337700000207406], [264.01616312, 1.9175785648, 0.0, 1.2337700000207406], [230.95595997, 12.018309947, 0.0, 0.8756500000017695], [230.95595997, 12.018309947, 0.0, 0.8756500000017695], [230.95595997, 12.018309947, 0.0, 0.8756500000017695], [245.04207303, -0.83123893752, 0.0, 0.05188000001362525], [245.04207303, -0.83123893752, 0.0, 0.05188000001362525], [245.04207303, -0.83123893752, 0.0, 0.05188000001362525], [245.04207303, -0.83123893752, 0.0, 0.05188000001362525], [233.40938368, 1.5424033351, 0.0, 0.016910000005736947], [233.40938368, 1.5424033351, 0.0, 0.016910000005736947], [233.40938368, 1.5424033351, 0.0, 0.016910000005736947], [233.40938368, 1.5424033351, 0.0, 0.016910000005736947]], "gmp": [[63.503624281, 183.2598081, 0.0, 3.731520000001183, 1.4436409962], [61.031703168, 185.15342594, 0.0, -1.6603699999977835, 10.868783691], [56.473147856, 187.26597838, 0.0, 2.2526899999938905, 13.971103705], [54.541352144, 188.38896994, 0.0, 2.3995600000198465, 0.23533304808], [53.880530663, 189.31378694, 0.0, 2.410600000002887, 0.18241244443], [57.570434134, 187.93531664, 0.0, 2.3236200000101235, 0.41979851521], [55.486184042, 187.68751535, 0.0, 2.3727599999983795, 0.21770453526], [261.99997759, -0.80397479961, 0.0, 1.177640000008978, 0.060518659548], [262.63293543, -1.2252845696, 0.0, 1.1645000000135042, 0.057325227906], [262.98025456, -1.2933118432, 0.0, 1.163670000009006, 0.051686718018], [264.51232768, -1.366691593, 0.0, 1.1636400000134017, 0.039621001392], [253.24105928, -2.7729139627, 0.0, 0.901769999996759, 0.080997299864], [252.99251735, -2.684090768, 0.0, 0.8986100000038277, 0.073620493329], [238.78899622, 3.4014288294, 0.0, 0.4546200000040699, 0.033040093921], [238.68483913, 3.4373606282, 0.0, 0.46157000001403503, 0.030373169478], [238.37106809, 3.4514448043, 0.0, 0.4648999999917578, 0.027750987479], [243.0506077, 1.0000940268, 0.0, 0.026530000002821907, 0.0010170391103], [243.0112201, 0.97845109599, 0.0, 0.026840000005904585, 0.000958122275], [242.66877936, 0.97344266913, 0.0, 0.02478000000701286, 0.0011513173142], [243.99328576, -0.12731147652, 0.0, 0.048150000016903505, 9.3559415485e-06], [237.68114574, 0.6686371842, 0.0, -0.00016999998479150236, 5.6016437076e-05], [237.70698732, 0.66277411016, 0.0, -0.0008399999933317304, 5.4288660896e-05], [237.66397725, 0.69594250619, 0.0, -0.00018999999156221747, 5.3920020326e-05], [237.6718519, 0.6888362919, 0.0, -0.0003600000054575503, 5.1129517478e-05]], "gmp_convergence": [[3.1138693776, 0.29751689254], [5.0242715226, 0.2159167565], [2.2344898097, 0.0081040412677], [1.1366492531, 0.00060968691992], [3.938980579, 0.0047997385465], [2.098929232, 0.0026903128335], [279.60148209, 0.06287170918], [0.76035356648, 0.00069697373959], [0.35391847937, 4.2922580957e-05], [1.5338294069, 1.5717013879e-06], [11.358651009, 0.013349402408], [0.26393683819, 0.00016512799974], [15.452299538, 0.022644597649], [0.110180733, 0.0003519537229], [0.31408697773, 0.00016737033518], [5.2827276641, 0.021638046267], [0.044942177911, 1.5101475634e-05], [0.34247736208, 0.0001019563208], [1.7222011714, 0.0011410521661], [6.3621258958, 0.0023286607472], [0.026498362851, 3.230742832e-05], [0.054313981842, 3.1265108837e-05], [0.010606997162, 8.2640530617e-06]], "GP_hyperparam": [[0.56937182381, 0.48635039012, 6.4116354059, 6.8188878177, 0.46117949858, 1.0636798255], [0.55883530756, 0.46333661574, 8.2995375118, 6.4418658093, 11.768402369, 4.2165191026e-05], [0.56730955056, 0.47847152244, 6.1268180972, 6.1239238746, 8.3805053025, 9.0412900968], [0.57034651775, 0.4830077186, 5.808285258, 6.0991998143, 10.155691217, 10.663372744], [0.5747684103, 0.48724059705, 5.5103268388, 6.1828157658, 10.61553496, 11.130927444], [0.58114790864, 0.49937939494, 6.4887990331, 6.457398388, 10.673908849, 11.131890853], [0.58476197188, 0.50445956596, 6.3269871767, 6.6335748958, 9.9090890053, 10.503269896], [0.58342800578, 0.50978411644, 6.8628862808, 6.8629430725, 16.382597243, 7.9922511317], [0.58554065269, 0.51200064134, 7.0403523549, 6.9883795529, 15.275969384, 6.8241098817], [0.5954251484, 0.51963382177, 7.2452010768, 7.2345963346, 15.112301732, 6.6613256321], [0.59947490139, 0.52787273001, 7.4874392085, 7.4607485055, 14.313046183, 5.8414524461], [0.5966215767, 0.5297553013, 7.2497342905, 7.2500326136, 12.592159158, 9.1078086963], [0.6000725701, 0.53370899953, 7.4636444709, 7.4516899193, 10.826151589, 7.3273302112], [0.58851405764, 0.5335306966, 6.9856909367, 6.9854963098, 9.1706206118, 12.558741073], [0.5916959893, 0.54259695015, 7.1540846164, 7.1555674683, 7.7471358497, 13.148655614], [0.60004805158, 0.55048120214, 7.3859171379, 7.3842568895, 7.1829690067, 13.359418725], [0.58791324449, 0.51826341304, 6.8360180959, 7.4633582767, 19.460083163, 2.0287636244], [0.59555580065, 0.52428511454, 7.0108905683, 7.6127938914, 19.459121422, 2.0347971983], [0.592737232, 0.52985890959, 7.5976242251, 7.5090017673, 21.173827106, 3.39300252], [0.59752833141, 0.54013068293, 7.5811629073, 7.5810587841, 21.252538948, 5.3675176242], [0.59291404691, 0.53995156802, 8.642212129, 7.7239421444, 34.07087392, 5.7796436343e-05], [0.59715957561, 0.54307544544, 8.6494351756, 7.8217783028, 34.983643911, 5.779877655e-05], [0.59520065703, 0.54275837107, 8.7115787803, 7.7972414651, 34.355446243, 5.7794498507e-05], [0.60043316492, 0.54653483487, 8.720557576, 7.8827480895, 34.341678315, 5.7794378991e-05]], "itertime": [0.001, 0.002, 0.001, 0.001, 0.002, 0.002, 0.002, 0.002, 0.002, 0.002, 0.001, 0.001, 0.001, 0.001, 0.001, 0.001, 0.001, 0.001, 0.001, 0.001, 0.001, 0.002, 0.002, 0.002, 0.002, 0.002, 0.002, 0.002, 0.002, 0.002, 0.002, 0.002, 0.002, 0.002, 0.002, 0.002, 0.002, 0.001, 0.001, 0.001, 0.001, 1.085, 55.698, 58.579, 58.749, 56.038, 55.96, 55.622, 58.654, 54.168, 58.682, 56.519, 57.807, 55.737, 57.722, 59.684, 57.873, 58.867, 55.656, 54.475, 59.553, 57.632, 55.841, 66.41, 71.207], "totaltime": [65.859, 130.634, 131.38, 132.164, 132.896, 133.62099999999998, 134.277, 135.05599999999998, 135.85299999999998, 136.583, 137.23499999999999, 138.045, 138.868, 139.563, 140.29399999999998, 141.07799999999997, 141.772, 142.522, 144.031, 144.803, 145.60999999999999, 146.397, 148.024, 148.757, 149.576, 150.37, 152.033, 152.831, 153.412, 154.066, 154.81900000000002, 156.061, 156.84199999999998, 157.62199999999999, 158.49399999999997, 160.08599999999998, 160.85699999999997, 161.644, 162.351, 164.072, 164.87099999999998, 165.956, 221.65699999999998, 280.236, 338.985, 395.024, 450.985, 506.60799999999995, 565.2629999999999, 619.432, 678.1139999999999, 734.6329999999999, 792.444, 848.1819999999999, 905.9039999999999, 965.5889999999999, 1023.4639999999999, 1082.332, 1137.99, 1192.469, 1252.0230000000001, 1309.659, 1365.5010000000002, 1431.9120000000003, 1503.178],