{"name": "a3c7_51", "initpts": [2, 10], "iterpts": [50], "num_tasks": 2, "obs": null, "acqtime": [70.265, 54.978, 57.351, 54.733, 58.315, 58.457, 55.079, 55.689, 53.729, 56.859, 78.578], "bestacq": [[-50.0, -50.0, 0.0, 12.40512999999919], [38.451043632, 185.55935654, 0.0, 2.5742100000206847], [38.451043632, 185.55935654, 0.0, 2.5742100000206847], [38.451043632, 185.55935654, 0.0, 2.5742100000206847], [38.451043632, 185.55935654, 0.0, 2.5742100000206847], [38.451043632, 185.55935654, 0.0, 2.5742100000206847], [38.451043632, 185.55935654, 0.0, 2.5742100000206847], [38.451043632, 185.55935654, 0.0, 2.5742100000206847], [38.451043632, 185.55935654, 0.0, 2.5742100000206847], [38.451043632, 185.55935654, 0.0, 2.5742100000206847], [38.451043632, 185.55935654, 0.0, 2.5742100000206847], [38.451043632, 185.55935654, 0.0, 2.5742100000206847]], "gmp": [[130.97630482, 192.12874371, 0.0, 5.736709999997402, 3.6956940359], [38.451043632, 185.55935654, 0.0, 2.5742100000206847, 1.0001995587e-08], [-2.9975608314, 191.73754338, 0.0, 2.2237700000114273, 5.9637073597], [21.531498037, 191.4654764, 0.0, 2.3683400000154506, 1.1660678769], [5.5599140586, 184.4382718, 0.0, 1.9889400000101887, 2.4310871223], [7.3977791579, 184.47063419, 0.0, 2.020879999996396, 1.0033693993], [34.08865514, 176.23008503, 0.0, 2.160990000003949, 0.33199259506], [34.113808894, 175.97270655, 0.0, 2.1482799999939743, 0.30888627899], [33.944270108, 176.34720566, 0.0, 2.163109999994049, 0.26573178065], [34.897607189, 179.86922179, 0.0, 2.3717199999955483, 0.050709930402], [42.329027088, 179.45649936, 0.0, 2.3200400000205263, 0.036154810351], [41.478502139, 179.46219174, 0.0, 2.328219999995781, 0.027091054588]], "gmp_convergence": [[92.758184579, 0.20616800513], [41.906524606, 0.022846043806], [24.530567653, 0.0094251238516], [17.449157549, 0.024733871149], [1.8381500068, 0.0020821275237], [27.934020679, 0.009134161681], [0.25860470073, 0.00082877291687], [0.41108756234, 0.00096715059016], [3.6487599509, 0.01359903562], [7.4428718602, 0.0033686397747], [0.85054399768, 0.0005328948658]], "GP_hyperparam": [[0.66224302521, 0.34892159079, 5.3791678202, 5.7867153907, 3.1296411993, 0.71710994156], [0.69483005048, 0.34654830932, 6.4489009579, 5.5983451746, 18.06155294, 4.8776360783e-05], [0.68429275817, 0.35847507423, 4.9348119967, 5.7778740883, 15.866072053, 4.8772979053e-05], [0.69942688018, 0.35336661914, 4.0795383665, 5.5837806474, 11.452471979, 4.8766726892e-05], [0.7368483056, 0.36735798234, 4.2903182049, 5.7058157841, 12.119374354, 4.8767560146e-05], [0.79604649498, 0.39337701779, 4.2048604056, 5.8346281655, 12.835310942, 4.8768459492e-05], [0.8014367663, 0.38579030595, 4.0173876989, 5.8772904772, 14.700284912, 4.8770377409e-05], [0.79463542792, 0.39140722958, 4.0911550861, 5.9052698226, 11.325881957, 4.8766237423e-05], [0.79914421452, 0.37317986915, 3.6511899834, 5.6742936703, 9.9688388172, 4.8764678883e-05], [0.88135758219, 0.33530002995, 3.1901805768, 5.2639173024, 10.952487526, 4.8765057073e-05], [1.0275833131, 0.35037693136, 3.3887677425, 5.2526648228, 12.496107735, 4.8766021809e-05], [1.1238490031, 0.36562639152, 3.3869016039, 5.2977063424, 13.105090257, 4.8766186501e-05]], "itertime": [0.001, 0.001, 0.001, 0.001, 0.001, 0.001, 0.001, 0.001, 0.001, 0.001, 0.001, 1.142, 71.671, 56.136, 58.73, 56.024, 59.405, 59.651, 56.19, 57.085, 55.275, 58.396, 80.172], "totaltime": [67.738, 139.242, 139.988, 140.769, 141.496, 142.21699999999998, 142.869, 143.643, 144.437, 145.163, 145.812, 146.95499999999998, 218.627, 274.76300000000003, 333.494, 389.519, 448.925, 508.576, 564.767, 621.8530000000001, 677.1289999999999, 735.5260000000001, 815.6980000000001], "boss.in": ["\n", "-----------------------------   Welcome to ....   ------------------------------\n", "                      _______  _______ _______ _______ \n", "                     |   _   \\|   _   |   _   |   _   |\n", "                     |.  1   /|.  |   |   1___|   1___|\n", "                     |.  _   \\|.  |   |____   |____   |\n", "                     |:  1    |:  1   |:  1   |:  1   |\n", "                     |::.. .  |::.. . |::.. . |::.. . |\n", "                     `-------'`-------`-------`-------'\n", "\n", "                                 Version 0.9.15                                 \n", "                              30-09-2020 17:26:07                               \n", "--------------------------------------------------------------------------------\n", "\n", "| Reading BOSS input file from: in_2D\n", "| Initializing...\n", "\n", "--------------------------------------------------------------------------------\n", "                                   INPUT FILE                                   \n", "--------------------------------------------------------------------------------\n", "# input file for alanine 2D (d4-d13)\n", "\n", "# optimization\n", "userfn       userfn_2D.py\n", "bounds       -50 310; -50 310\n", "kernel       stdp\n", "num_tasks    2\n", "initpts 2 10\n", "iterpts      50\n", "verbosity    2\n", "W_prior      gaussian\n", "W_priorparam 10.062 3.953\n", "thetaprior gamma\n", "thetapriorparam 2 0.016; 3.3678 9.0204; 3.3678 9.0204\n", "RESULTS:\n", "-5.000000000000000E+01 -5.000000000000000E+01 0 -2.030049146092371E+05 \n", "1.300000000000000E+02 1.300000000000000E+02 0 -2.030038208770180E+05 \n", "7.995768777922642E+00 2.622073804431099E+02 1 3.338490000000000E+01 \n", "1.361129454742689E+02 1.890543144761587E+02 1 2.117780000000000E+01 \n", "3.060125236296456E+02 2.014881465412536E+02 1 2.190070000000000E+01 \n", "1.791501794849083E+02 2.765201488156509E+02 1 3.580480000000000E+01 \n", "1.247841794181259E+02 1.253161024399498E+02 1 2.859680000000000E+01 \n", "-4.183478637883191E+01 2.247754273385033E+02 1 2.563460000000000E+01 \n", "4.042078442084353E+00 2.833195207672877E+02 1 3.440890000000000E+01 \n", "6.006625147242033E+01 5.607230413774668E+01 1 3.158770000000000E+01 \n", "2.824591824676401E+02 8.733497802283350E+01 1 3.651720000000000E+01 \n", "2.308857506826149E+02 -4.348500539059306E+01 1 2.974380000000000E+01 \n", "--------------------------------------------------------------------------------\n", "                               SIMULATION OPTIONS                               \n", "--------------------------------------------------------------------------------\n", "|| File input/output \n", "ipfile         in_2D\n", "userfn         userfn_2D.py\n", "outfile        boss.out\n", "rstfile        boss.rst\n", "\n", "|| Key settings \n", "num_tasks         2\n", "bounds         -5.000E+01 3.100E+02;    -5.000E+01 3.100E+02\n", "kerntype       stdp stdp\n", "yrange         -5.000E+01 3.100E+02;    -5.000E+01 3.100E+02\n", "noise          1.000E-12\n", "initpts    2 10    iterpts   50\n", "gm_tol         none\n", "verbosity      2\n", "\n", "|| Data acquisition \n", "acqfn                elcb\n", "acqtol               1.000E-03\n", "\n", "|| GP hyperparameters \n", "thetainit       1.000E+00 3.142E-01\n", "thetabounds     none\n", "thetaprior      gamma\n", "thetapriorpar   2.000E+00 1.600E-02;    3.368E+00 9.020E+00;    3.368E+00 9.020E+00\n", "\n", "|| Hyperparameter optimization\n", "updatefreq   1  initupdate      True\n", "updateoffset 0  updaterestarts  2\n", "\n", "\n", "--------------------------------------------------------------------------------\n", "                              INITIAL DATAPOINT 1                               \n", "--------------------------------------------------------------------------------\n", "| Data point added to dataset (x i y): \n", " -5.0000000000E+01 -5.0000000000E+01  0.0000000000E+00      -2.0300491461E+05\n", "\n", "| Total ensemble size: 1\n", "| Next sampling location (x_next, i_next):\n", "  1.3000000000E+02  1.3000000000E+02  0.0000000000E+00\n", "\n", "Iteration time [s]:    0.001        Total time [s]:    0.080\n", "\n", "--------------------------------------------------------------------------------\n", "                              INITIAL 