{"name": "a3c7_63", "initpts": [2, 20], "iterpts": [50], "num_tasks": 2, "obs": null, "acqtime": [], "bestacq": [[-50.0, -50.0, 0.0, 12.40512999999919]], "gmp": [[80.298556811, 180.00881405, 0.0, 2.692269999999553, 3.0277786871]], "gmp_convergence": [], "GP_hyperparam": [[0.71615106567, 0.36294050033, 5.6487240162, 5.2562083471, 1.1013764308, 2.2984391523]], "itertime": [0.021, 0.028, 0.033, 0.017, 0.091, 0.025, 0.042, 0.085, 0.007, 0.017, 0.043, 0.02, 0.021, 0.045, 0.039, 0.186, 0.066, 0.06, 0.134, 0.107, 0.07, 1.209], "totaltime": [66.439, 132.16099999999997, 133.01399999999998, 133.87199999999999, 134.796, 135.595, 136.38299999999998, 137.309, 138.158, 138.958, 139.683, 140.54199999999997, 141.416, 142.17, 143.06799999999998, 144.06, 144.935, 145.853, 147.501, 148.38799999999998, 149.26999999999998, 150.481], "boss.in": ["\n", "-----------------------------   Welcome to ....   ------------------------------\n", "                      _______  _______ _______ _______ \n", "                     |   _   \\|   _   |   _   |   _   |\n", "                     |.  1   /|.  |   |   1___|   1___|\n", "                     |.  _   \\|.  |   |____   |____   |\n", "                     |:  1    |:  1   |:  1   |:  1   |\n", "                     |::.. .  |::.. . |::.. . |::.. . |\n", "                     `-------'`-------`-------`-------'\n", "\n", "                                 Version 0.9.15                                 \n", "                              30-09-2020 17:36:30                               \n", "--------------------------------------------------------------------------------\n", "\n", "| Reading BOSS input file from: in_2D\n", "| Initializing...\n", "\n", "--------------------------------------------------------------------------------\n", "                                   INPUT FILE                                   \n", "--------------------------------------------------------------------------------\n", "# input file for alanine 2D (d4-d13)\n", "\n", "# optimization\n", "userfn       userfn_2D.py\n", "bounds       -50 310; -50 310\n", "kernel       stdp\n", "num_tasks    2\n", "initpts 2 20\n", "iterpts      50\n", "verbosity    2\n", "W_prior      gaussian\n", "W_priorparam 10.062 3.953\n", "thetaprior gamma\n", "thetapriorparam 2 0.016; 3.3678 9.0204; 3.3678 9.0204\n", "RESULTS:\n", "-5.000000000000000E+01 -5.000000000000000E+01 0 -2.030049146092371E+05 \n", "1.300000000000000E+02 1.300000000000000E+02 0 -2.030038208770180E+05 \n", "7.995768777922642E+00 2.622073804431099E+02 1 3.338490000000000E+01 \n", "1.361129454742689E+02 1.890543144761587E+02 1 2.117780000000000E+01 \n", "3.060125236296456E+02 2.014881465412536E+02 1 2.190070000000000E+01 \n", "1.791501794849083E+02 2.765201488156509E+02 1 3.580480000000000E+01 \n", "1.247841794181259E+02 1.253161024399498E+02 1 2.859680000000000E+01 \n", "-4.183478637883191E+01 2.247754273385033E+02 1 2.563460000000000E+01 \n", "4.042078442084353E+00 2.833195207672877E+02 1 3.440890000000000E+01 \n", "6.006625147242033E+01 5.607230413774668E+01 1 3.158770000000000E+01 \n", "2.824591824676401E+02 8.733497802283350E+01 1 3.651720000000000E+01 \n", "2.308857506826149E+02 -4.348500539059306E+01 1 2.974380000000000E+01 \n", "2.637560403513044E+02 3.026063286741615E+02 1 3.091960000000000E+01 \n", "1.456510836207618E+02 1.065773672830548E+02 1 3.102800000000000E+01 \n", "2.498675809883969E+02 3.205682282144933E+01 1 2.618560000000000E+01 \n", "1.964384275559904E+02 2.844634879903527E+02 1 3.586640000000000E+01 \n", "9.655150985671881E-01 2.180869479260165E+02 1 2.503030000000000E+01 \n", "6.286781825770584E+01 2.758675567459083E+01 1 2.790440000000000E+01 \n", "1.372878807686562E+02 2.505261113104165E+02 1 3.366600000000000E+01 \n", "2.649507236551389E+02 2.379301391817942E+02 1 3.297860000000000E+01 \n", "2.797861550528711E+01 2.884495225968018E+02 1 3.416710000000000E+01 \n", "8.336542981295858E+01 1.773128592134727E+02 1 1.839420000000000E+01 \n", "--------------------------------------------------------------------------------\n", "                               SIMULATION OPTIONS                               \n", "--------------------------------------------------------------------------------\n", "|| File input/output \n", "ipfile         in_2D\n", "userfn         userfn_2D.py\n", "outfile        boss.out\n", "rstfile        boss.rst\n", "\n", "|| Key settings \n", "num_tasks         2\n", "bounds         -5.000E+01 3.100E+02;    -5.000E+01 3.100E+02\n", "kerntype       stdp stdp\n", "yrange         -5.000E+01 3.100E+02;    -5.000E+01 3.100E+02\n", "noise          1.000E-12\n", "initpts    2 20    iterpts   50\n", "gm_tol         none\n", "verbosity      2\n", "\n", "|| Data acquisition \n", "acqfn                elcb\n", "acqtol               1.000E-03\n", "\n", "|| GP hyperparameters \n", "thetainit       1.000E+00 3.142E-01\n", "thetabounds     none\n", "thetaprior      gamma\n", "thetapriorpar   2.000E+00 1.600E-02;    3.368E+00 9.020E+00;    3.368E+00 9.020E+00\n", "\n", "|| Hyperparameter optimization\n", "updatefreq   1  initupdate      True\n", "updateoffset 0  updaterestarts  2\n", "\n", "\n", "--------------------------------------------------------------------------------\n", "                              INITIAL DATAPOINT 1                               \n", "--------------------------------------------------------------------------------\n", "| Data point added to dataset (x i y): \n", " -5.0000000000E+01 -5.0000000000E+01  0.0000000000E+00      -2.0300491461E+05\n", "\n", "| Total ensemble size: 1\n", "| Next sampling location (x_next, i_next):\n", "  1.3000000000E+02  1.3000000000E+02  0.0000000000E+00\n"], "bounds": [], "kernel": ["stdp"], "thetapriorparam": [[9.0204], [9.0204]], "yrange": ["-5.000E+01", "3.100E+02;", "-5.000E+01", "3.100E+02"], "thetainit": ["1.000E+00", "3.142E-01"], "tasks": 2, "dim": 2, "xy": [[-50.0, -50.0, 0.0, 12.40512999999919], [130.0, 130.0, 0.0, 13.498859999992419], [7.9957687779, 262.20738044, 1.0, 203033.22314000002], [136.11294547, 189.05431448, 1.0, 203021.01604000002], [306.01252363, 201.48814654, 1.0, 203021.73894], [179.15017948, 276.52014882, 1.0, 203035.64304000002], [124.78417942, 125.31610244, 1.0, 203028.43504], [-41.834786379, 224.77542734, 1.0, 203025.47284], [4.0420784421, 283.31952077, 1.0, 203034.24714000002], [60.066251472, 56.072304138, 1.0, 203031.42594000002], [282.45918247, 87.334978023, 1.0, 203036.35544], [230.88575068, -43.485005391, 1.0, 203029.58204], [263.75604035, 302.60632867, 1.0, 203030.75784], [145.65108362, 106.57736728, 1.0, 203030.86624], [249.86758099, 32.056822821, 1.0, 203026.02384], [196.43842756, 284.46348799, 1.0, 203035.70464], [0.96551509857, 218.08694793, 1.0, 203024.86854000002], [62.867818258, 27.586755675, 1.0, 203027.74264], [137.28788077, 250.52611131, 1.0, 203033.50424], [264.95072366, 237.93013918, 1.0, 203032.81684], [27.978615505, 288.4495226, 1.0, 203034.00534], [83.365429813, 177.31285921, 1.0, 203018.23244000002]], "truemin": [[237.3953097, 0.69994242467, -203017.31974], [59.804689512, 180.14625058, 17.4815]], "modeltime": [], "tolerance_levels": [5, 2, 1, 0.5, 0.2, 0.1, 0.05, 0.02, 0.01, 0.005, 0.002, 0.001], "iterations_to_gmp_convergence": [0, null, null, null, null, null, null, null, null, null, null, null], "totaltime_to_gmp_convergence": [150.481, null, null, null, null, null, null, null, null, null, null, null], "observations_to_gmp_convergence": [21, null, null, null, null, null, null, null, null, null, null, null], "B": [[60.63718563011838, 59.53580919931838, 59.53580919931838, 61.83424835161838]]}