{"name": "a3c7_29", "initpts": [2, 50], "iterpts": [50], "num_tasks": 2, "obs": null, "acqtime": [68.28, 54.868, 52.766, 53.071, 52.473, 52.715, 53.101, 52.068, 54.369, 52.543, 71.993], "bestacq": [[-50.0, -50.0, 0.0, 12.40512999999919], [52.724886007, 181.55275123, 0.0, 1.9573700000182725], [52.724886007, 181.55275123, 0.0, 1.9573700000182725], [52.724886007, 181.55275123, 0.0, 1.9573700000182725], [52.724886007, 181.55275123, 0.0, 1.9573700000182725], [52.724886007, 181.55275123, 0.0, 1.9573700000182725], [52.724886007, 181.55275123, 0.0, 1.9573700000182725], [52.724886007, 181.55275123, 0.0, 1.9573700000182725], [52.724886007, 181.55275123, 0.0, 1.9573700000182725], [52.724886007, 181.55275123, 0.0, 1.9573700000182725], [52.724886007, 181.55275123, 0.0, 1.9573700000182725], [52.724886007, 181.55275123, 0.0, 1.9573700000182725]], "gmp": [[56.987714579, 180.71716897, 0.0, 3.4823900000192225, 1.2689333625], [53.633654812, 182.77272277, 0.0, 1.9508000000205357, 0.0093464816915], [50.895727106, 183.95159448, 0.0, 1.9330900000059046, 0.035041453688], [49.874634995, 184.57973522, 0.0, 1.9152800000156276, 0.061073598655], [50.527447781, 185.62657637, 0.0, 1.8975900000077672, 0.080400807347], [50.590784177, 185.42442686, 0.0, 1.901769999996759, 0.058257597138], [50.977608094, 185.18051224, 0.0, 1.9098400000075344, 0.049576679026], [42.654249567, 178.64036776, 0.0, 1.7546199999924283, 0.1368527999], [42.305543715, 178.53094495, 0.0, 1.7394900000072084, 0.13214311575], [50.431559962, 176.06460667, 0.0, 1.8334500000055414, 0.046531096449], [51.628100849, 177.23993533, 0.0, 1.880059999995865, 0.019997466843], [52.017508903, 176.77464878, 0.0, 1.865170000004582, 0.023703201992]], "gmp_convergence": [[3.9338299815, 0.082724101729], [2.9809372051, 0.00095664670339], [1.1988285534, 0.00096189463912], [1.2337102238, 0.00095571144275], [0.21183938102, 0.00022610413512], [0.45730414965, 0.00043554333116], [10.585451666, 0.0083837079945], [0.3654710959, 0.00081676925249], [8.4920530243, 0.0050745972039], [1.677232113, 0.0025173775524], [0.60673734849, 0.00080414864138]], "GP_hyperparam": [[0.57789846993, 0.50835224243, 6.6194114648, 7.136390416, 0.13525093009, 1.466822111], [0.57793396106, 0.50657339422, 7.0399898742, 7.04017106, 10.354625893, 2.9115164451], [0.5822896499, 0.51115380837, 6.409561168, 7.0048221849, 13.800060906, 5.5383778124], [0.58570020562, 0.5138221849, 6.214083262, 7.0569296305, 14.39115132, 6.1822099311], [0.58865892856, 0.51556534137, 6.3145395965, 6.8496617733, 10.359846824, 10.052015958], [0.59315755626, 0.5190992192, 6.296161583, 7.0864254341, 8.3312253666, 8.5361793586], [0.59735889564, 0.52366024167, 6.680617464, 6.9840233783, 5.5959209011, 12.071514564], [0.59971368717, 0.53034764101, 7.2038267589, 7.1822508348, 5.0023264898, 11.454607424], [0.60387896529, 0.53228968157, 7.0257370025, 7.2678874366, 4.9160136221, 11.413727184], [0.61183793175, 0.53809817726, 7.6436294339, 7.5154465827, 4.5085206434, 10.956299096], [0.61794031541, 0.543619099, 8.0340286785, 7.7642084336, 3.6123802022, 9.9484001679], [0.61547057846, 0.54297966411, 8.111058253, 7.7367650083, 3.4037798737, 9.6787356903]], "itertime": [0.001, 0.0, 0.001, 0.001, 0.001, 0.001, 0.001, 0.001, 0.0, 0.001, 0.0, 0.0, 0.001, 0.001, 0.0, 0.001, 0.0, 0.0, 0.0, 0.0, 0.0, 0.0, 0.001, 0.0, 0.001, 0.0, 0.0, 0.0, 0.0, 0.0, 0.0, 0.0, 0.0, 0.0, 0.0, 0.0, 0.0, 0.0, 0.001, 0.001, 0.001, 0.0, 0.001, 0.0, 0.0, 0.0, 0.0, 0.0, 0.0, 0.0, 0.0, 1.132, 69.6, 55.905, 54.108, 54.493, 53.796, 54.143, 54.427, 53.457, 55.808, 53.942, 73.477], "totaltime": [63.894000000000005, 126.58200000000001, 127.32700000000001, 128.108, 128.835, 129.556, 130.207, 130.981, 131.775, 132.501, 133.15, 133.958, 134.781, 135.476, 136.207, 136.99099999999999, 137.684, 138.433, 139.942, 140.713, 141.519, 142.30200000000002, 143.924, 144.65200000000002, 145.466, 146.255, 147.913, 148.70600000000002, 149.282, 149.931, 150.67900000000003, 151.91500000000002, 152.691, 153.466, 154.33300000000003, 155.92000000000002, 156.686, 157.47000000000003, 158.176, 159.895, 160.693, 161.461, 162.175, 163.882, 164.644, 165.353, 166.06300000000002, 166.82800000000003, 167.859, 168.58800000000002, 169.33400000000003, 170.466, 240.067, 295.97200000000004, 350.081, 404.57500000000005, 458.37100000000004, 512.515, 566.9430000000001, 620.4000000000001, 676.2090000000001, 730.152, 803.6290000000001],