{"name": "a3c7_92", "initpts": [2, 15], "iterpts": [50], "num_tasks": 2, "obs": null, "acqtime": [79.975], "bestacq": [[-50.0, -50.0, 0.0, 12.40512999999919], [-50.0, -50.0, 0.0, 12.40512999999919]], "gmp": [[-50.0, -50.0, 0.0, 12.40512999999919, 1.0001999584e-08], [157.10744985, 190.80719543, 0.0, 5.349520000017947, 1.0489733949]], "gmp_convergence": [[317.61864107, 0.45996627354]], "GP_hyperparam": [[0.70154078014, 0.356444802, -1.218810124, 4.569121887, 1.0737072361e-13, 4.7466626252e-08], [0.92021803449, 0.31814900256, 5.7280761703, 4.9781120432, 1.575438562e-07, 1.0908592621e-09]], "itertime": [0.021, 0.025, 0.126, 0.028, 0.03, 0.074, 0.028, 0.041, 0.059, 0.01, 0.015, 0.01, 0.059, 0.015, 0.007, 0.007, 1.302, 81.34], "totaltime": [66.475, 133.179, 134.155, 134.98, 135.748, 136.588, 137.381, 138.237, 139.118, 140.01999999999998, 140.738, 141.599, 142.529, 143.259, 144.028, 144.85, 146.177, 227.53300000000002], "boss.in": ["\n", "-----------------------------   Welcome to ....   ------------------------------\n", "                      _______  _______ _______ _______ \n", "                     |   _   \\|   _   |   _   |   _   |\n", "                     |.  1   /|.  |   |   1___|   1___|\n", "                     |.  _   \\|.  |   |____   |____   |\n", "                     |:  1    |:  1   |:  1   |:  1   |\n", "                     |::.. .  |::.. . |::.. . |::.. . |\n", "                     `-------'`-------`-------`-------'\n", "\n", "                                 Version 0.9.15                                 \n", "                              30-09-2020 17:37:01                               \n", "--------------------------------------------------------------------------------\n", "\n", "| Reading BOSS input file from: in_2D\n", "| Initializing...\n", "\n", "--------------------------------------------------------------------------------\n", "                                   INPUT FILE                                   \n", "--------------------------------------------------------------------------------\n", "# input file for alanine 2D (d4-d13)\n", "\n", "# optimization\n", "userfn       userfn_2D.py\n", "bounds       -50 310; -50 310\n", "kernel       stdp\n", "num_tasks    2\n", "initpts 2 15\n", "iterpts      50\n", "verbosity    2\n", "W_prior      gaussian\n", "W_priorparam 10.062 3.953\n", "thetaprior gamma\n", "thetapriorparam 2 0.016; 3.3678 9.0204; 3.3678 9.0204\n", "RESULTS:\n", "-5.000000000000000E+01 -5.000000000000000E+01 0 -2.030049146092371E+05 \n", "1.300000000000000E+02 1.300000000000000E+02 0 -2.030038208770180E+05 \n", "7.995768777922642E+00 2.622073804431099E+02 1 3.338490000000000E+01 \n", "1.361129454742689E+02 1.890543144761587E+02 1 2.117780000000000E+01 \n", "3.060125236296456E+02 2.014881465412536E+02 1 2.190070000000000E+01 \n", "1.791501794849083E+02 2.765201488156509E+02 1 3.580480000000000E+01 \n", "1.247841794181259E+02 1.253161024399498E+02 1 2.859680000000000E+01 \n", "-4.183478637883191E+01 2.247754273385033E+02 1 2.563460000000000E+01 \n", "4.042078442084353E+00 2.833195207672877E+02 1 3.440890000000000E+01 \n", "6.006625147242033E+01 5.607230413774668E+01 1 3.158770000000000E+01 \n", "2.824591824676401E+02 8.733497802283350E+01 1 3.651720000000000E+01 \n", "2.308857506826149E+02 -4.348500539059306E+01 1 2.974380000000000E+01 \n", "2.637560403513044E+02 3.026063286741615E+02 1 3.091960000000000E+01 \n", "1.456510836207618E+02 1.065773672830548E+02 1 3.102800000000000E+01 \n", "2.498675809883969E+02 3.205682282144933E+01 1 2.618560000000000E+01 \n", "1.964384275559904E+02 2.844634879903527E+02 1 3.586640000000000E+01 \n", "9.655150985671881E-01 2.180869479260165E+02 1 2.503030000000000E+01 \n", "--------------------------------------------------------------------------------\n", "                               SIMULATION OPTIONS                               \n", "--------------------------------------------------------------------------------\n", "|| File input/output \n", "ipfile         in_2D\n", "userfn         userfn_2D.py\n", "outfile        boss.out\n", "rstfile        boss.rst\n", "\n", "|| Key settings \n", "num_tasks         2\n", "bounds         -5.000E+01 3.100E+02;    -5.000E+01 3.100E+02\n", "kerntype       stdp stdp\n", "yrange         -5.000E+01 3.100E+02;    -5.000E+01 3.100E+02\n", "noise          1.000E-12\n", "initpts    2 15    iterpts   50\n", "gm_tol         none\n", "verbosity      2\n", "\n", "|| Data acquisition \n", "acqfn                elcb\n", "acqtol               1.000E-03\n", "\n", "|| GP hyperparameters \n", "thetainit       1.000E+00 3.142E-01\n", "thetabounds     none\n", "thetaprior      gamma\n", "thetapriorpar   2.000E+00 1.600E-02;    3.368E+00 9.020E+00;    3.368E+00 9.020E+00\n", "\n", "|| Hyperparameter optimization\n", "updatefreq   1  initupdate      True\n", "updateoffset 0  updaterestarts  2\n", "\n", "\n", "--------------------------------------------------------------------------------\n", "                              INITIAL DATAPOINT 1                               \n", "--------------------------------------------------------------------------------\n", "| Data point added to dataset (x i y): \n", " -5.0000000000E+01 -5.0000000000E+01  0.0000000000E+00      -2.0300491461E+05\n", "\n", "| Total ensemble size: 1\n", "| Next sampling location (x_next, i_next):\n", "  1.3000000000E+02  1.3000000000E+02  0.0000000000E+00\n", "\n", "Iteration time [s]:    0.021        Total time [s]:    0.618\n", "\n", "--------------------------------------------------------------------------------\n", "                              INITIAL DATAPOINT 2                               \n"], "bounds": [], "kernel": ["stdp"], "thetapriorparam": [[9.0204], [9.0204]], "yrange": ["-5.000E+01", "3.100E+02;", "-5.000E+01", "3.100E+02"], "thetainit": ["1.000E+00", "3.142E-01"], "tasks": 2, "dim": 2, "xy": [[-50.0, -50.0, 0.0, 12.40512999999919], [130.0, 130.0, 0.0, 13.498859999992419], [7.9957687779, 262.20738044, 1.0, 203033.22314000002], [136.11294547, 189.05431448, 1.0, 203021.01604000002], [306.01252363, 201.48814654, 1.0, 203021.73894], [179.15017948, 276.52014882, 1.0, 203035.64304000002], [124.78417942, 125.31610244, 1.0, 203028.43504], [-41.834786379, 224.77542734, 1.0, 203025.47284], [4.0420784421, 283.31952077, 1.0, 203034.24714000002], [60.066251472, 56.072304138, 1.0, 203031.42594000002], [282.45918247, 87.334978023, 1.0, 203036.35544], [230.88575068, -43.485005391, 1.0, 203029.58204], [263.75604035, 302.60632867, 1.0, 203030.75784], [145.65108362, 106.57736728, 1.0, 203030.86624], [249.86758099, 32.056822821, 1.0, 203026.02384], [196.43842756, 284.46348799, 1.0, 203035.70464], [0.96551509857, 218.08694793, 1.0, 203024.86854000002], [-7.7856134347, 103.20855991, 0.0, 20.319000000017695]], "truemin": [[237.3953097, 0.69994242467, -203017.31974], [59.804689512, 180.14625058, 17.4815]], "modeltime": [-79.954], "tolerance_levels": [5, 2, 1, 0.5, 0.2, 0.1, 0.05, 0.02, 0.01, 0.005, 0.002, 0.001], "iterations_to_gmp_convergence": [null, null, null, null, null, null, null, null, null, null, null, null], "totaltime_to_gmp_convergence": [null, null, null, null, null, null, null, null, null, null, null, null], "observations_to_gmp_convergence": [null, null, null, null, null, null, null, null, null, null, null, null], "B": [[22.362372936627438, 22.36237293662733, 22.36237293662733, 22.36237298409396], [57.59245628495545, 57.592456127411594, 57.592456127411594, 57.592456128502455]]}