{"name": "a3c7_22", "initpts": [2, 15], "iterpts": [50], "num_tasks": 2, "obs": null, "acqtime": [53.853, 53.501, 55.737, 54.932, 53.011, 54.996, 52.868, 53.508, 54.606, 52.672, 56.585, 53.525, 57.088, 54.192, 51.896, 51.459, 56.966, 53.652, 54.036, 56.899, 56.591, 67.233, 80.162, 118.399], "bestacq": [[-50.0, -50.0, 0.0, 12.40512999999919], [-50.0, -50.0, 0.0, 12.40512999999919], [-50.0, -50.0, 0.0, 12.40512999999919], [19.978744635, 171.3324917, 0.0, 3.8003000000026077], [19.978744635, 171.3324917, 0.0, 3.8003000000026077], [19.978744635, 171.3324917, 0.0, 3.8003000000026077], [19.978744635, 171.3324917, 0.0, 3.8003000000026077], [19.978744635, 171.3324917, 0.0, 3.8003000000026077], [19.978744635, 171.3324917, 0.0, 3.8003000000026077], [19.978744635, 171.3324917, 0.0, 3.8003000000026077], [19.978744635, 171.3324917, 0.0, 3.8003000000026077], [233.54920929, -1.2496758456, 0.0, 0.09461000000010245], [233.54920929, -1.2496758456, 0.0, 0.09461000000010245], [233.54920929, -1.2496758456, 0.0, 0.09461000000010245], [233.54920929, -1.2496758456, 0.0, 0.09461000000010245], [233.54920929, -1.2496758456, 0.0, 0.09461000000010245], [233.54920929, -1.2496758456, 0.0, 0.09461000000010245], [233.54920929, -1.2496758456, 0.0, 0.09461000000010245], [233.54920929, -1.2496758456, 0.0, 0.09461000000010245], [233.54920929, -1.2496758456, 0.0, 0.09461000000010245], [233.54920929, -1.2496758456, 0.0, 0.09461000000010245], [244.35772878, -0.99060103738, 0.0, 0.041930000006686896], [244.35772878, -0.99060103738, 0.0, 0.041930000006686896], [244.35772878, -0.99060103738, 0.0, 0.041930000006686896], [244.35772878, -0.99060103738, 0.0, 0.041930000006686896]], "gmp": [[-50.0, -50.0, 0.0, 12.40512999999919, 1.0001999806e-08], [157.12445845, 190.80417007, 0.0, 5.344940000009956, 1.0512575587], [149.38939812, 189.87805487, 0.0, -1.400900000007823, 1.5472129041], [124.61179101, 189.78588913, 0.0, 1.4433200000203215, 1.9618472504], [-31.729739406, 189.01713839, 0.0, 2.368820000003325, 4.8299500422], [-26.836827908, 188.44977732, 0.0, 2.310910000000149, 5.1351426052], [-27.204373463, 188.84612109, 0.0, 2.218170000007376, 5.2042908405], [-36.46563131, 188.79043868, 0.0, 1.8534999999974389, 5.5800664476], [48.197640486, 180.65765231, 0.0, 3.162000000011176, 0.98909810243], [53.116508655, 180.50094878, 0.0, 3.1276899999938905, 1.0807673395], [50.379537284, 180.77068718, 0.0, 3.152430000016466, 0.92707785924], [233.0058212, -0.26658884355, 0.0, 0.08921000000555068, 0.004259057378], [233.16847835, -0.31387003943, 0.0, 0.08996000001206994, 0.0035238406299], [233.4341466, -0.90270944406, 0.0, 0.09398000000510365, 0.00044532286872], [233.36345968, -1.446814809, 0.0, 0.09426000001258217, 0.00028127315652], [240.917419, 3.4729319762, 0.0, -0.273589999997057, 0.085271966939], [240.3617708, 3.6727786412, 0.0, -0.25952999998116866, 0.085699966554], [241.28450682, 3.403168532, 0.0, -0.2848099999828264, 0.10028578269], [241.30025345, 3.4088261496, 0.0, -0.28552000000490807, 0.093891221371], [236.75080826, 3.0175223923, 0.0, -0.09860999998636544, 0.011584406765], [241.59025124, -0.44868805817, 0.0, -0.1377599999832455, 0.0038058681072], [238.45772748, 0.71537782212, 0.0, -0.03443999998853542, 0.00083166370925], [238.39736786, 0.77788445812, 0.0, -0.034220000001369044, 0.00075342588106], [239.29295858, -0.36115582698, 0.0, -0.018749999988358468, 9.463735943e-05], [237.9764074, 0.70991619292, 0.0, -0.004249999998137355, 2.3415247631e-05]], "gmp_convergence": [[317.62743838, 0.46026500094], [7.7903047218, 0.43977225962], [24.777778526, 0.15189718762], [156.34342042, 0.049426963595], [4.9256960447, 0.0030649969588], [0.5405350316, 0.0047703896938], [9.2614252381, 0.01814270683], [85.0529941, 0.063098815359], [4.921363639, 0.0017134521184], [2.7502310991, 0.0012376974764], [257.15142404, 0.13656615821], [0.16938967014, 3.3470018513e-05], [0.64599648807, 0.00017949010601], [0.54867776396, 1.2095875632e-05], [9.0147773074, 0.016399396581], [0.59049438469, 0.00062342788293], [0.96131752282, 0.0011042178411], [0.016732157872, 3.1131868206e-05], [4.5662424598, 0.0080619945371], [5.9527156194, 0.0016656365911], [3.3418190354, 0.0043347592778], [0.086892824896, 9.2319433111e-06], [1.4489635946, 0.00063702337703], [1.6972042536, 0.0005910556605]], "GP_hyperparam": [[0.70154167229, 0.35645242539, -1.2188620873, 4.5692909196, 2.2910384691e-20, 6.3928386794e-08], [0.92025447945, 0.31815342846, 5.7309770271, 4.9777791825, 5.982487415e-10, 2.3017976622e-07], [0.82772699008, 0.23704840194, 9.1813751882, 4.3044976693, 8.9617278116e-07, 4.4040818927e-29], [0.89009735396, 0.23971856384, 6.8883491309, 4.4360760476, 0.23024063349, 0.57437674041], [0.70233745945, 0.36343888173, 7.0344953753, 5.3923193345, 5.2664230066, 8.6437466814e-05], [0.72900678349, 0.38611735458, 6.733904113, 5.6471180286, 7.5479353315, 3.3134261421e-05], [0.73758935125, 0.40298926297, 6.7114980462, 5.7676361801, 8.1141030835, 3.3134965526e-05], [0.75238332599, 0.41993657395, 6.7201086083, 5.8783791031, 9.6918607085, 3.3137070449e-05], [0.79165936033, 0.41232323163, 6.3475006363, 6.0368284297, 11.841158829, 3.3139619577e-05], [0.82112084503, 0.39520448508, 6.3875005192, 5.9156317618, 8.757985651, 3.313535159e-05], [0.82165973975, 0.41755957079, 6.5428629846, 6.0102231517, 9.4591150748, 3.313617679e-05], [0.75461206047, 0.4480157835, 7.6793636839, 5.9590976523, 15.63689489, 3.3146123854e-05], [0.77867698921, 0.45687206919, 7.9441311496, 6.0001848098, 16.82588722, 3.3147505623e-05], [0.82212278703, 0.47040100678, 8.2185079441, 6.1412833219, 18.859522332, 3.3150401944e-05], [0.84763011861, 0.47919929134, 8.2089754783, 6.1589665631, 22.004469161, 3.3155304929e-05], [0.81848823806, 0.47633958737, 8.6518687625, 6.1261330016, 21.654672523, 8.6900051817e-06], [0.79487706959, 0.46031591543, 8.2296266034, 6.0755191878, 22.866345379, 8.6900690485e-06], [0.78415341601, 0.47774393298, 8.4477853538, 6.2902798997, 23.00845818, 5.1066575827e-05], [0.80215777816, 0.48322425271, 8.5357422426, 6.3723995594, 22.711941701, 2.2878765875e-05], [0.80877417096, 0.48514950034, 8.6649350302, 6.4072673121, 22.891693992, 4.0861303706e-05], [0.82139473362, 0.51055858023, 9.1659331469, 6.615563402, 24.609975933, 4.086376888e-05], [0.82838602884, 0.47950397913, 8.8172513304, 6.0450266858, 33.606339329, 4.0891427241e-05], [0.8257884318, 0.50362848277, 9.0892352199, 6.221553942, 34.446488182, 1.1935432799e-05], [0.82292258884, 0.51694411184, 9.1964369675, 6.3794814304, 35.208991205, 1.1935117232e-05], [0.82543011576, 0.5257749672, 10.083491969, 6.6421711519, 40.698064927, 1.1936037914e-05]], "itertime": [0.002, 0.001, 0.001, 0.001, 0.002, 0.002, 0.002, 0.002, 0.002, 0.002, 0.001, 0.002, 0.001, 0.001, 0.001, 0.001, 0.976, 54.985, 54.864, 57.343, 56.482, 54.559, 56.459, 54.401, 54.937, 56.205, 54.508, 58.273, 55.575, 58.973, 56.078, 53.813, 53.473, 59.117, 55.701, 56.041, 58.793, 58.669, 69.977, 82.344, 120.735], "totaltime": [66.879, 133.368, 134.11599999999999, 134.899, 135.629, 136.355, 137.011, 137.79, 138.588, 139.318, 139.971, 140.781, 141.604, 142.299, 143.03, 143.81400000000002, 144.791, 199.779, 254.643, 311.98699999999997, 368.469, 423.029, 479.48800000000006, 533.89, 588.828, 645.033, 699.542, 757.819, 813.394, 872.3679999999999, 928.449, 982.262, 1035.7359999999999, 1094.854, 1150.555, 1206.597, 1265.391, 1324.06, 1394.037, 1476.389, 1597.1689999999999],