{"name": "a3c7_56", "initpts": [2, 35], "iterpts": [50], "num_tasks": 2, "obs": null, "acqtime": [64.307, 56.589, 56.163, 51.673, 52.129, 53.126, 55.607, 52.54, 56.98, 53.563, 61.033, 83.099, 64.708], "bestacq": [[-50.0, -50.0, 0.0, 12.40512999999919], [211.07156852, 169.23504349, 0.0, 5.286510000005364], [211.07156852, 169.23504349, 0.0, 5.286510000005364], [47.3562564, 190.37167689, 0.0, 2.6606299999984913], [47.3562564, 190.37167689, 0.0, 2.6606299999984913], [47.3562564, 190.37167689, 0.0, 2.6606299999984913], [47.3562564, 190.37167689, 0.0, 2.6606299999984913], [246.49540222, 0.57016693254, 0.0, 0.11121000000275671], [246.49540222, 0.57016693254, 0.0, 0.11121000000275671], [246.49540222, 0.57016693254, 0.0, 0.11121000000275671], [246.49540222, 0.57016693254, 0.0, 0.11121000000275671], [246.49540222, 0.57016693254, 0.0, 0.11121000000275671], [246.49540222, 0.57016693254, 0.0, 0.11121000000275671], [246.49540222, 0.57016693254, 0.0, 0.11121000000275671]], "gmp": [[67.72890264, 182.01827407, 0.0, 3.8652299999957904, 2.2375838666], [65.101518342, 183.76995946, 0.0, -1.5338000000047032, 13.318851444], [59.643960984, 186.47871581, 0.0, 3.448579999996582, 13.913231312], [55.999229157, 187.94158932, 0.0, 2.568330000009155, 0.29459533985], [55.603497874, 189.4155165, 0.0, 2.5867100000032224, 0.21257343396], [60.312391397, 188.70474772, 0.0, 2.4616700000187848, 0.59111677232], [56.483380429, 188.10991694, 0.0, 2.547019999998156, 0.24857392042], [242.57371595, -0.16864656308, 0.0, 0.07480000000214204, 0.077538404108], [246.53000752, -4.2365440326, 0.0, -0.04554999998072162, 0.13297559924], [246.72384103, -4.3293064525, 0.0, -0.048509999993257225, 0.12317782561], [242.72767977, -4.8083875991, 0.0, -0.12674999999580905, 0.15238831806], [242.56821536, -4.7236568838, 0.0, -0.12327999999979511, 0.13822110929], [248.60407099, -1.0636940119, 0.0, 0.08717000001342967, 0.014869000739], [248.66590735, -0.99792824197, 0.0, 0.08775999999488704, 0.013330186342]], "gmp_convergence": [[3.1577761056, 0.29791035229], [6.0928066824, 0.27492042419], [3.9273488524, 0.048571037071], [1.52612731, 0.0010141976774], [4.7622337682, 0.006717101088], [3.8749385365, 0.004541854654], [264.72330923, 0.12548694474], [5.6745072765, 0.0063582278595], [0.21488670248, 0.00015235431732], [4.024776209, 0.0039885847619], [0.1805773909, 0.00017621138194], [7.0588158685, 0.010635631226], [0.090271098579, 2.9730578045e-05]], "GP_hyperparam": [[0.58582222188, 0.48184651815, 6.0467148336, 6.5068315348, 1.4620414663, 1.020084343], [0.57495928112, 0.46206457699, 7.9613823639, 6.1999579458, 14.641645409, 6.4045039712e-05], [0.58209298107, 0.47468893428, 5.5181483155, 5.5182173135, 7.0974837596, 12.038932813], [0.58588666595, 0.48235433755, 5.501734019, 5.5060355699, 8.8569020669, 13.741941522], [0.59127606221, 0.48905759121, 5.3691926714, 5.3812131028, 7.2460565621, 16.924434356], [0.59859920544, 0.50085120168, 6.2616543823, 5.661384692, 7.3170315448, 16.929845574], [0.60194388421, 0.50728326683, 6.066231032, 5.8526472916, 6.8477012625, 16.428059476], [0.58454873147, 0.50085140487, 6.0675665522, 6.0672661037, 25.300442146, 10.147771266], [0.58979794611, 0.49265224236, 6.9582746161, 6.4553188595, 25.838823502, 4.6429373173], [0.60034322478, 0.5062200833, 6.9055966742, 6.9059161524, 28.176777076, 2.220495358], [0.60524926204, 0.51111005233, 6.7703654419, 7.0153047936, 27.754091697, 1.9751329236], [0.61075130051, 0.51716717812, 6.9917911039, 6.9934132381, 24.14713806, 4.0660230335], [0.60993936452, 0.52934574348, 7.7352773655, 7.4197652329, 29.642359416, 0.00022510141828], [0.61282692093, 0.5370566973, 7.7254143522, 7.5364496808, 28.21799099, 0.00022502008732]], "itertime": [0.001, 0.0, 0.001, 0.001, 0.0, 0.001, 0.0, 0.001, 0.001, 0.001, 0.001, 0.0, 0.001, 0.0, 0.0, 0.0, 0.0, 0.0, 0.0, 0.001, 0.0, 0.0, 0.001, 0.0, 0.001, 0.001, 0.0, 0.001, 0.001, 0.0, 0.001, 0.001, 0.001, 0.001, 0.0, 0.0, 1.238, 65.764, 58.005, 57.281, 52.942, 53.247, 54.322, 57.115, 54.073, 58.291, 54.966, 62.87, 85.76, 66.747], "totaltime": [65.714, 131.371, 132.116, 132.897, 133.624, 134.345, 134.996, 135.77, 136.56400000000002, 137.29, 137.93900000000002, 138.747, 139.57, 140.26500000000001, 140.995, 141.779, 142.473, 143.222, 144.73100000000002, 145.502, 146.308, 147.091, 148.713, 149.441, 150.255, 151.044, 152.702, 153.495, 154.071, 154.72000000000003, 155.46800000000002, 156.705, 157.481, 158.25600000000003, 159.123, 160.709, 161.948, 227.712, 285.717, 342.998, 395.94100000000003, 449.189, 503.511, 560.627, 614.701, 672.992, 727.9590000000001, 790.829, 876.662, 943.471],