{"name": "a3c7_42", "initpts": [2, 15], "iterpts": [50], "num_tasks": 2, "obs": null, "acqtime": [64.162, 54.692, 55.695, 53.022, 53.7, 52.799, 53.137, 52.586, 56.602, 52.844, 98.822, 85.115], "bestacq": [[-50.0, -50.0, 0.0, 12.40512999999919], [218.21559806, 198.04396854, 0.0, 6.660839999996824], [218.21559806, 198.04396854, 0.0, 6.660839999996824], [31.01851566, 178.68179796, 0.0, 2.7926300000108313], [31.01851566, 178.68179796, 0.0, 2.7926300000108313], [31.01851566, 178.68179796, 0.0, 2.7926300000108313], [31.01851566, 178.68179796, 0.0, 2.7926300000108313], [31.01851566, 178.68179796, 0.0, 2.7926300000108313], [31.01851566, 178.68179796, 0.0, 2.7926300000108313], [31.01851566, 178.68179796, 0.0, 2.7926300000108313], [31.01851566, 178.68179796, 0.0, 2.7926300000108313], [31.01851566, 178.68179796, 0.0, 2.7926300000108313], [31.01851566, 178.68179796, 0.0, 2.7926300000108313]], "gmp": [[138.39850503, 193.16675347, 0.0, 4.853789999993751, 3.4630100938], [304.65093495, 194.00039121, 0.0, 5.621149999991758, 5.0863976075], [283.5511861, 195.08408498, 0.0, 6.299700000003213, 2.3730775166], [-9.0375424281, 188.53974886, 0.0, 2.3181599999952596, 3.9879179911], [-6.9241525799, 183.35000202, 0.0, 2.146949999994831, 3.0998408032], [-7.3647307889, 183.31528936, 0.0, 2.1089499999943655, 0.95929175774], [-5.6780256685, 182.6720657, 0.0, 2.1737000000139233, 0.83677798619], [11.730724066, 174.37491035, 0.0, 2.5942700000014156, 0.24938835637], [13.194246064, 179.09834278, 0.0, 2.735960000019986, 0.094830180461], [22.780826884, 178.9624459, 0.0, 2.7842600000149105, 0.014489934694], [24.052573577, 178.96829999, 0.0, 2.7865600000077393, 0.010049263348], [9.6587771316, 178.73665613, 0.0, 2.7565600000089034, 0.051473798428], [49.304075169, 179.16926554, 0.0, 2.7720100000151433, 0.15936927669]], "gmp_convergence": [[166.25451996, 0.050025619755], [21.127560052, 0.044235765019], [292.66190801, 0.25956313133], [5.6035603816, 0.011161634166], [0.44194357879, 0.0024771984183], [1.8051899714, 0.0042212904554], [19.284899643, 0.027417893794], [4.9449682062, 0.0092370225096], [9.5875439914, 0.0031488831969], [1.2717601671, 0.00014991940047], [14.395660284, 0.0019558541269], [39.647658284, 0.0007639069243]], "GP_hyperparam": [[0.85104193147, 0.37622569428, 5.6105398678, 5.1969523998, 2.7107384039, 0.93100066103], [0.83137777758, 0.38913482633, 4.1293871744, 5.3200633895, 7.2438953966, 0.27961889222], [0.80361361121, 0.37598116273, 3.6296051504, 5.2456490323, 4.4029905311, 0.11991305138], [0.77264197027, 0.41693191103, 5.5118705182, 5.5083465579, 11.419611894, 1.0496884712], [0.80376236157, 0.42056550928, 5.1390166628, 5.5368215702, 12.674453717, 1.5991897491], [0.86638226794, 0.4473863542, 5.4227806295, 5.4227878217, 11.278778169, 6.1966338347], [0.85552960782, 0.41890056241, 4.337221144, 5.3493308354, 13.611546949, 3.6859975327], [0.93107456653, 0.35529092075, 3.2144746694, 5.1679817474, 17.468916649, 3.5874885418e-05], [1.0398377455, 0.27966346213, 2.2439105384, 4.6493785392, 14.297790661, 1.5092750888e-05], [1.1104429329, 0.29441603114, 2.1684567558, 4.7908093457, 15.465712652, 1.5092485146e-05], [1.1168387018, 0.31172176978, 2.4789345616, 4.8967624318, 13.958211343, 1.5092238797e-05], [1.167938346, 0.30865406049, 2.2813027967, 4.8974237874, 13.994883642, 1.5092225532e-05], [1.0833457965, 0.41491897126, 5.6512042447, 5.542599087, 19.447830283, 1.5093393597e-05]], "itertime": [0.001, 0.0, 0.001, 0.001, 0.001, 0.001, 0.001, 0.001, 0.001, 0.001, 0.001, 0.001, 0.001, 0.001, 0.001, 0.001, 1.06, 65.256, 55.716, 56.893, 54.051, 54.876, 53.75, 54.629, 54.117, 58.159, 54.372, 100.7, 86.911], "totaltime": [65.92399999999999, 132.07399999999998, 132.819, 133.6, 134.327, 135.048, 135.69899999999998, 136.47299999999998, 137.267, 137.993, 138.642, 139.45, 140.273, 140.968, 141.699, 142.483, 143.543, 208.8, 264.51599999999996, 321.40999999999997, 375.461, 430.337, 484.088, 538.718, 592.835, 650.994, 705.367, 806.068, 893.1099999999999], "boss.in": ["\n", "-----------------------------   Welcome to ....   ------------------------------\n", "                      _______  _______ _______ _______ \n", "                     |   _   \\|   _   |   _   |   _   |\n", "                     |.  1   /|.  |   |   1___|   1___|\n", "                     |.  _   \\|.  |   |____   |____   |\n", "                     |:  1    |:  1   |:  1   |:  1   |\n", "                     |::.. .  |::.. . |::.. . |::.. . |\n", "                     `-------'`-------`-------`-------'\n", "\n", "                                 Version 0.9.15                                 \n", "                              30-09-2020 17:26:07                               \n", "--------------------------------------------------------------------------------\n", "\n", "| Reading BOSS input file from: in_2D\n", "| Initializing...\n", "\n", "--------------------------------------------------------------------------------\n", "                                   INPUT FILE                                   \n", "--------------------------------------------------------------------------------\n", "# input file for alanine 2D (d4-d13)\n", "\n", "# optimization\n", "userfn       userfn_2D.py\n", "bounds       -50 310; -50 310\n", "kernel       stdp\n", "num_tasks    2\n", "initpts 2 15\n", "iterpts      50\n", "verbosity    2\n", "W_prior      gaussian\n", "W_priorparam 10.062 3.953\n", "thetaprior gamma\n", "thetapriorparam 2 0.016; 3.3678 9.0204; 3.3678 9.0204\n", "RESULTS:\n", "-5.000000000000000E+01 -5.000000000000000E+01 0 -2.030049146092371E+05 \n", "1.300000000000000E+02 1.300000000000000E+02 0 -2.030038208770180E+05 \n", "7.995768777922642E+00 2.622073804431099E+02 1 3.338490000000000E+01 \n", "1.361129454742689E+02 1.890543144761587E+02 1 2.117780000000000E+01 \n", "3.060125236296456E+02 2.014881465412536E+02 1 2.190070000000000E+01 \n", "1.791501794849083E+02 2.765201488156509E+02 1 3.580480000000000E+01 \n", "1.247841794181259E+02 1.253161024399498E+02 1 2.859680000000000E+01 \n", "-4.183478637883191E+01 2.247754273385033E+02 1 2.563460000000000E+01 \n", "4.042078442084353E+00 2.833195207672877E+02 1 3.440890000000000E+01 \n", "6.006625147242033E+01 5.607230413774668E+01 1 3.158770000000000E+01 \n", "2.824591824676401E+02 8.733497802283350E+01 1 3.651720000000000E+01 \n", "2.308857506826149E+02 -4.348500539059306E+01 1 2.974380000000000E+01 \n", "2.637560403513044E+02 3.026063286741615E+02 1 3.091960000000000E+01 \n", "1.456510836207618E+02 1.065773672830548E+02 1 3.102800000000000E+01 \n", "2.498675809883969E+02 3.205682282144933E+01 1 2.618560000000000E+01 \n", "1.964384275559904E+02 2.844634879903527E+02 1 3.586640000000000E+01 \n", "9.655150985671881E-01 2.180869479260165E+02 1 2.503030000000000E+01 \n", "--------------------------------------------------------------------------------\n", "                               SIMULATION OPTIONS                               \n", "--------------------------------------------------------------------------------\n", "|| File input/output \n", "ipfile         in_2D\n", "userfn         userfn_2D.py\n", "outfile        boss.out\n", "rstfile        boss.rst\n", "\n", "|| Key settings \n", "num_tasks         2\n", "bounds         -5.000E+01 3.100E+02;    -5.000E+01 3.100E+02\n", "kerntype       stdp stdp\n", "yrange         -5.000E+01 3.100E+02;    -5.000E+01 3.100E+02\n", "noise          1.000E-12\n", "initpts    2 15    iterpts   50\n", "gm_tol         none\n", "verbosity      2\n", "\n", "|| Data acquisition \n", "acqfn                elcb\n", "acqtol               1.000E-03\n", "\n", "|| GP hyperparameters \n", "thetainit       1.000E+00 3.142E-01\n", "thetabounds     none\n", "thetaprior      gamma\n", "thetapriorpar   2.000E+00 1.600E-02;    3.368E+00 9.020E+00;    3.368E+00 9.020E+00\n", "\n", "|| Hyperparameter optimization\n", "updatefreq   1  initupdate      True\n", "updateoffset 0  updaterestarts  2\n", "\n", "\n", 