{"name": "a3c7_40", "initpts": [2, 5], "iterpts": [50], "num_tasks": 2, "obs": null, "acqtime": [67.424, 52.685, 53.074, 50.844, 54.848, 54.121, 52.648, 53.696, 52.678, 50.821, 87.683, 66.937], "bestacq": [[-50.0, -50.0, 0.0, 12.40512999999919], [58.451881717, 184.29334974, 0.0, 1.9823599999945145], [58.451881717, 184.29334974, 0.0, 1.9823599999945145], [58.451881717, 184.29334974, 0.0, 1.9823599999945145], [58.451881717, 184.29334974, 0.0, 1.9823599999945145], [58.451881717, 184.29334974, 0.0, 1.9823599999945145], [58.451881717, 184.29334974, 0.0, 1.9823599999945145], [58.451881717, 184.29334974, 0.0, 1.9823599999945145], [58.451881717, 184.29334974, 0.0, 1.9823599999945145], [58.451881717, 184.29334974, 0.0, 1.9823599999945145], [58.451881717, 184.29334974, 0.0, 1.9823599999945145], [58.451881717, 184.29334974, 0.0, 1.9823599999945145], [58.451881717, 184.29334974, 0.0, 1.9823599999945145]], "gmp": [[132.68008732, 194.10416478, 0.0, 7.420890000008512, 0.6384630985], [111.63693671, 193.47940807, 0.0, 0.9646200000133831, 12.331115725], [88.017380117, 193.80724018, 0.0, 1.4850100000039674, 7.8671336669], [71.374901823, 191.19921721, 0.0, 1.6718500000133645, 2.7846639254], [45.057467413, 183.29920706, 0.0, 1.914279999997234, 0.9075554463], [38.136183134, 182.71524647, 0.0, 1.8084300000045914, 1.1792149504], [39.534844608, 182.66155267, 0.0, 1.8236099999921862, 1.0018535525], [34.096992422, 181.46825639, 0.0, 1.7188599999935832, 0.91948996598], [33.866832122, 181.41284254, 0.0, 1.7030500000109896, 0.66950452032], [31.381540059, 181.71760631, 0.0, 1.703139999997802, 0.88717502188], [24.455201313, 183.33503483, 0.0, 1.6704000000027008, 1.0912929528], [34.735236789, 182.03159486, 0.0, 1.753129999997327, 0.37357041936], [32.321706443, 182.35278349, 0.0, 1.6961400000145659, 0.23173022389]], "gmp_convergence": [[21.052422862, 0.43200461273], [23.621831587, 0.035577174822], [16.845588965, 0.011859817224], [27.47758203, 0.015471590992], [6.94587547, 0.0068662384569], [1.3996917314, 0.00098517800664], [5.5672428019, 0.0051295091509], [0.2367371088, 0.00077447304616], [2.503908464, 4.3332546084e-06], [7.1126818752, 0.0016030639292], [10.362339753, 0.0040512238197], [2.4348081785, 0.0027906657318]], "GP_hyperparam": [[0.40623222966, 0.30645635654, 5.55455354, 7.174579345, 2.1844660163e-07, 1.1700444846e-11], [0.54417620839, 0.27080206238, 7.7136370454, 6.505076661, 10.421168772, 6.6452195377e-05], [0.58422324909, 0.28146955939, 6.3582953687, 6.3578764492, 10.426574379, 2.3561264337], [0.63039472853, 0.26833134297, 6.4894332456, 6.1445681905, 6.0170662985, 0.00019781189435], [0.63495791362, 0.26476186089, 6.0721071571, 6.0643578782, 4.4975268636, 1.7812802193], [0.67195648831, 0.28395357065, 5.8457823767, 5.8454430065, 3.5820726723, 5.1962070428], [0.65179287359, 0.26373863619, 5.486965667, 5.4871487872, 1.7553330624, 7.5040346911], [0.79452247762, 0.32627604006, 6.0661871538, 6.0494649432, 5.1058177112, 0.043970876251], [0.85492227, 0.33129164784, 5.7999482327, 5.794674359, 4.0968400867, 1.1356009895], [0.8615663099, 0.3233493281, 6.0090508476, 5.8078551274, 5.0891248676, 1.6977740183], [0.93017496419, 0.3267610709, 5.8727637924, 5.868314515, 5.9376802488, 0.12899857665], [1.0268437785, 0.35288900175, 5.9453585806, 5.9435487685, 6.6721267999, 0.50017839867], [1.1300460202, 0.37841139962, 6.1076450787, 5.9936460114, 7.1298933851, 0.57669652079]], "itertime": [0.001, 0.0, 0.001, 0.001, 0.001, 0.001, 1.075, 68.363, 53.621, 54.186, 51.997, 56.074, 55.482, 54.333, 54.934, 54.051, 52.426, 89.371, 68.532], "totaltime": [63.708000000000006, 126.396, 127.141, 127.92200000000001, 128.65, 129.37, 130.446, 198.809, 252.43099999999998, 306.618, 358.615, 414.69, 470.173, 524.5070000000001, 579.441, 633.493, 685.9190000000001, 775.291, 843.8550000000001], "boss.in": ["\n", "-----------------------------   Welcome to ....   ------------------------------\n", "                      _______  _______ _______ _______ \n", "                     |   _   \\|   _   |   _   |   _   |\n", "                     |.  1   /|.  |   |   1___|   1___|\n", "                     |.  _   \\|.  |   |____   |____   |\n", "                     |:  1    |:  1   |:  1   |:  1   |\n", "                     |::.. .  |::.. . |::.. . |::.. . |\n", "                     `-------'`-------`-------`-------'\n", "\n", "                                 Version 0.9.15                                 \n", "                              30-09-2020 17:26:07                               \n", "--------------------------------------------------------------------------------\n", "\n", "| Reading BOSS input file from: in_2D\n", "| Initializing...\n", "\n", "--------------------------------------------------------------------------------\n", "                                   INPUT FILE                                   \n", "--------------------------------------------------------------------------------\n", "# input file for alanine 2D (d4-d13)\n", "\n", "# optimization\n", "userfn       userfn_2D.py\n", "bounds       -50 310; -50 310\n", "kernel       stdp\n", "num_tasks    2\n", "initpts 2 5\n", "iterpts      50\n", "verbosity    2\n", "W_prior      gaussian\n", "W_priorparam 10.062 3.953\n", "thetaprior gamma\n", "thetapriorparam 2 0.016; 3.3678 9.0204; 3.3678 9.0204\n", "RESULTS:\n", "-5.000000000000000E+01 -5.000000000000000E+01 0 -2.030049146092371E+05 \n", "1.300000000000000E+02 1.300000000000000E+02 0 -2.030038208770180E+05 \n", "7.995768777922642E+00 2.622073804431099E+02 1 3.338490000000000E+01 \n", "1.361129454742689E+02 1.890543144761587E+02 1 2.117780000000000E+01 \n", "3.060125236296456E+02 2.014881465412536E+02 1 2.190070000000000E+01 \n", "1.791501794849083E+02 2.765201488156509E+02 1 3.580480000000000E+01 \n", "1.247841794181259E+02 1.253161024399498E+02 1 2.859680000000000E+01 \n", "--------------------------------------------------------------------------------\n", "                               SIMULATION OPTIONS                               \n", "--------------------------------------------------------------------------------\n", "|| File input/output \n", "ipfile         in_2D\n", "userfn         userfn_2D.py\n", "outfile        boss.out\n", "rstfile        boss.rst\n", "\n", "|| Key settings \n", "num_tasks         2\n", "bounds         -5.000E+01 3.100E+02;    -5.000E+01 3.100E+02\n", "kerntype       stdp stdp\n", "yrange         -5.000E+01 3.100E+02;    -5.000E+01 3.100E+02\n", "noise          1.000E-12\n", "initpts    2 5    iterpts   50\n", "gm_tol         none\n", "verbosity      2\n", "\n", "|| Data acquisition \n", "acqfn                elcb\n", "acqtol               1.000E-03\n", "\n", "|| GP hyperparameters \n", "thetainit       1.000E+00 3.142E-01\n", "thetabounds     none\n", "thetaprior      gamma\n", "thetapriorpar   2.000E+00 1.600E-02;    3.368E+00 9.020E+00;    3.368E+00 9.020E+00\n", "\n", "|| Hyperparameter optimization\n", "updatefreq   1  initupdate      True\n", "updateoffset 0  updaterestarts  2\n", "\n", "\n", "--------------------------------------------------------------------------------\n", "                              INITIAL DATAPOINT 1                               \n", "--------------------------------------------------------------------------------\n", "| Data point added to dataset (x i y): \n", " -5.0000000000E+01 -5.0000000000E+01  0.0000000000E+00      -2.0300491461E+05\n", "\n", "| Total ensemble size: 1\n", "| Next sampling location (x_next, i_next):\n", "  1.3000000000E+02  1.3000000000E+02  0.0000000000E+00\n", "\n", "Iteration time [s]:    0.001        Total time [s]:    0.066\n", "\n", "--------------------------------------------------------------------------------\n", "                              INITIAL DATAPOINT 2                               \n", "--------------------------------------------------------------------------------\n", "| Data point added to dataset (x i y): \n", "  1.3000000000E+02  1.3000000000E+02  0.0000000000E+00      