{"name": "a3c7_8", "initpts": [2, 45], "iterpts": [50], "num_tasks": 2, "obs": null, "acqtime": [67.02, 55.433, 53.482, 52.843, 53.802, 53.53, 54.068, 53.666, 56.805, 52.253, 56.687, 54.283, 54.886, 52.998, 56.851, 53.718, 53.405, 52.052, 56.517, 54.914, 67.747, 69.718], "bestacq": [[-50.0, -50.0, 0.0, 12.40512999999919], [42.931381336, 178.06004967, 0.0, 2.2563300000038], [42.931381336, 178.06004967, 0.0, 2.2563300000038], [42.931381336, 178.06004967, 0.0, 2.2563300000038], [42.931381336, 178.06004967, 0.0, 2.2563300000038], [42.931381336, 178.06004967, 0.0, 2.2563300000038], [42.931381336, 178.06004967, 0.0, 2.2563300000038], [42.931381336, 178.06004967, 0.0, 2.2563300000038], [42.931381336, 178.06004967, 0.0, 2.2563300000038], [42.931381336, 178.06004967, 0.0, 2.2563300000038], [42.931381336, 178.06004967, 0.0, 2.2563300000038], [236.50097894, -8.7650873616, 0.0, 0.8420200000109617], [236.50097894, -8.7650873616, 0.0, 0.8420200000109617], [231.11943472, 10.637857992, 0.0, 0.6618200000084471], [231.11943472, 10.637857992, 0.0, 0.6618200000084471], [231.11943472, 10.637857992, 0.0, 0.6618200000084471], [231.11943472, 10.637857992, 0.0, 0.6618200000084471], [231.11943472, 10.637857992, 0.0, 0.6618200000084471], [231.11943472, 10.637857992, 0.0, 0.6618200000084471], [240.96020829, 1.4438896794, 0.0, 0.031030000012833625], [234.85398404, 1.4864019204, 0.0, 0.006150000001071021], [238.56425876, 0.19148686119, 0.0, 0.002130000008037314], [238.56425876, 0.19148686119, 0.0, 0.002130000008037314]], "gmp": [[59.453512323, 181.54891038, 0.0, 3.4337499999965075, 1.7482039285], [57.323982704, 184.51367451, 0.0, 1.8232300000090618, 1.0509455231], [52.677486578, 185.67097949, 0.0, 1.9796000000205822, 0.87482042183], [51.445090432, 186.42605797, 0.0, 1.9922000000078697, 0.81640126297], [52.284937784, 187.57707441, 0.0, 1.9329900000011548, 0.95052866624], [51.537910908, 186.96971119, 0.0, 1.9643400000059046, 0.67873702065], [39.748566234, 181.67022034, 0.0, 2.2036800000059884, 0.068882894819], [40.387330191, 181.46107717, 0.0, 2.212360000004992, 0.054223470856], [39.707320976, 181.49586063, 0.0, 2.206670000014128, 0.057654285144], [43.740169073, 182.98355518, 0.0, 2.173290000006091, 0.046265588665], [52.431762607, 177.94671452, 0.0, 2.08662000001641, 0.062325042581], [234.20945707, -4.3600460737, 0.0, 0.7355800000077579, 0.046811999434], [235.11911334, -3.5397230519, 0.0, 0.676980000018375, 0.055231067111], [231.64993372, 1.8366679706, 0.0, 0.21629000001121312, 0.011943418691], [231.99110362, 1.8079116843, 0.0, 0.1972200000018347, 0.01210283271], [231.88143886, 1.8084772853, 0.0, 0.195640000019921, 0.011627164754], [232.08570117, 1.7618144822, 0.0, 0.1680800000031013, 0.010957901134], [232.01062482, 1.7665303393, 0.0, 0.17113000000244938, 0.010487715649], [234.66772327, 1.6994215995, 0.0, 0.19693999999435619, 0.0081941927486], [238.0692596, 1.4439244902, 0.0, 0.015080000011948869, 0.00019960994383], [236.93476362, 1.4657454147, 0.0, -0.0024200000043492764, 2.1820434365e-06], [237.27582139, 0.90313592912, 0.0, -0.0020699999877251685, 6.6699636205e-07], [237.27982034, 0.90095028166, 0.0, -0.0020000000076834112, 6.7134793893e-07]], "gmp_convergence": [[3.6503044722, 0.086987715906], [4.788452888, 0.0084459399488], [1.4453178821, 0.00068044621048], [1.4248447006, 0.0031977057954], [0.96277683949, 0.0016929033585], [12.925681843, 0.01292745021], [0.67213113116, 0.00046846328553], [0.68089824555, 0.00030702676477], [4.2984996031, 0.0018028170229], [10.045574249, 0.004681589109], [257.44685891, 0.072972111653], [1.2249099544, 0.0026360983791], [6.3984988594, 0.020338194198], [0.34237965042, 0.00083627602555], [0.10966622309, 6.8540326369e-05], [0.20952448498, 0.00120426741], [0.075224310628, 0.00013272331933], [2.6579457707, 0.0011120356403], [3.4111183225, 0.0077400747034], [1.1347058108, 0.00073684649275], [0.65791323903, 1.4806098121e-05], [0.0045572716128, 2.7843931612e-06]], "GP_hyperparam": [[0.54614378841, 0.48050469211, 6.3556023975, 6.6107117314, 0.11480185143, 1.5660341949], [0.54407508553, 0.47506461126, 6.7621344759, 6.382077376, 9.2644463068, 3.6928554299], [0.54845307028, 0.48135401448, 5.9757147631, 6.3148647001, 12.92590971, 6.6504084822], [0.55199628914, 0.48457701388, 6.1553971157, 5.8972903686, 8.116330553, 13.059816369], [0.55425916684, 0.48607072988, 5.9473740972, 5.9476094918, 8.2801670306, 13.019842129], [0.55893810359, 0.49096072177, 5.8704093929, 6.2104067252, 6.6393944512, 11.595874741], [0.56266571593, 0.50137019002, 6.1958220551, 6.0963616823, 2.0911339924, 15.998994287], [0.56661289331, 0.50670399021, 6.2978135654, 6.2975238285, 2.800459379, 15.408622436], [0.57106200106, 0.50960986104, 6.1442554911, 6.4038745953, 2.6646811729, 15.307674882], [0.58019924386, 0.51454030393, 6.6955675433, 6.6973148157, 1.3853085491, 14.256401874], [0.58582008127, 0.52360801034, 7.1123642946, 7.2675756951, 5.1028982199, 9.3380739312], [0.56359475005, 0.50571167588, 6.4644413285, 6.4644145517, 8.02751734, 12.137545403], [0.57012458852, 0.50406571761, 6.8428575388, 6.9427551805, 10.217121628, 6.2889758374], [0.55867618257, 0.50436167588, 6.2848252457, 6.7374062409, 11.586733508, 7.5260630071], [0.56185762698, 0.50170365215, 6.5916023006, 6.6946480456, 11.718470751, 7.6368178329], [0.56986345674, 0.50735667774, 6.7260482321, 6.88492038, 11.716315425, 7.6413939101], [0.57221776759, 0.51047357931, 7.1355556454, 6.9895585212, 11.233317092, 7.104598023], [0.57591734399, 0.51376477818, 7.1102286036, 7.0807441491, 11.102852518, 6.9787657441], [0.58263217405, 0.5180058492, 7.2176504844, 7.254055414, 11.208842454, 7.0910174857], [0.5853214191, 0.52101087354, 8.1882690344, 7.5704467122, 13.748650639, 4.1236388972], [0.58863426237, 0.51357837139, 7.7867740688, 7.7246969314, 19.502290624, 0.036595049942], [0.58788179014, 0.51668843055, 7.9680014812, 7.6129439669, 25.779537881, 0.0014408790821], [0.58645052641, 0.52269658426, 8.2199329603, 7.689505709, 26.395884748, 0.0014420405775]], "itertime": [0.001, 0.001, 0.001, 0.001, 0.001, 0.001, 0.001, 0.001, 0.001, 0.001, 0.001, 0.001, 0.001, 0.001, 0.001, 0.001, 0.001, 0.001, 0.001, 0.001, 0.001, 0.001, 0.001, 0.001, 0.001, 0.001, 0.001, 0.001, 0.001, 0.001, 0.001, 0.001, 0.001, 0.001, 0.002, 0.0, 0.001, 0.001, 0.001, 0.0, 0.0, 0.0, 0.001, 0.0, 0.001, 0.001, 1.701, 68.123, 56.532, 54.66, 54.311, 55.299, 54.855, 55.457, 55.169, 58.355, 53.819, 58.411, 56.081, 56.562, 54.732, 58.526, 55.662, 55.151, 53.956, 58.621, 57.234, 70.098, 72.795], "totaltime": [66.852, 133.461, 134.207, 134.988, 135.715, 136.436, 137.08700000000002, 137.862, 138.656, 139.382, 140.031, 140.839, 141.662, 142.358, 143.089, 143.873, 144.567, 145.317, 146.82600000000002, 147.597, 148.404, 149.187, 150.809, 151.537, 152.351, 153.14100000000002, 154.799, 155.59300000000002, 156.169, 156.818, 157.56600000000003, 158.803, 159.579, 160.354, 161.222, 162.80900000000003, 163.575, 164.359, 165.065, 166.784, 167.582, 168.35000000000002, 169.06400000000002, 170.77100000000002, 171.53300000000002, 172.24200000000002, 173.943, 242.067, 298.60200000000003, 353.263, 407.575, 462.878, 517.7330000000001, 573.191, 628.3610000000001, 686.7170000000001, 740.537, 798.9490000000001, 855.0310000000001, 911.594, 966.3270000000001, 1024.854, 1080.517, 1135.669, 1189.626, 1248.2480000000003, 1305.4820000000002, 1375.581, 1448.651],