{"name": "a3c7_45", "initpts": [2, 30], "iterpts": [50], "num_tasks": 2, "obs": null, "acqtime": [65.319, 56.696, 56.286, 53.01, 53.288, 52.442, 51.047, 56.437, 53.637, 54.461, 57.456, 87.331, 70.756], "bestacq": [[-50.0, -50.0, 0.0, 12.40512999999919], [217.39074178, 164.82251456, 0.0, 6.103490000008605], [187.18521188, 8.6538258239, 0.0, 3.752470000006724], [52.952477623, 192.73408654, 0.0, 2.8371700000134297], [52.952477623, 192.73408654, 0.0, 2.8371700000134297], [52.952477623, 192.73408654, 0.0, 2.8371700000134297], [52.952477623, 192.73408654, 0.0, 2.8371700000134297], [52.952477623, 192.73408654, 0.0, 2.8371700000134297], [247.47079735, -3.2580376726, 0.0, 0.11490000001504086], [247.47079735, -3.2580376726, 0.0, 0.11490000001504086], [247.47079735, -3.2580376726, 0.0, 0.11490000001504086], [247.47079735, -3.2580376726, 0.0, 0.11490000001504086], [247.47079735, -3.2580376726, 0.0, 0.11490000001504086], [247.47079735, -3.2580376726, 0.0, 0.11490000001504086]], "gmp": [[71.381000128, 184.13027081, 0.0, 3.3179499999969266, 1.6852215841], [69.024068175, 185.60232484, 0.0, -1.0994599999976344, 9.5800978631], [63.079860324, 187.57523278, 0.0, 2.2075199999962933, 12.301391948], [60.842705279, 188.5432142, 0.0, 2.7153000000107568, 0.20066032393], [60.565640033, 189.4870169, 0.0, 2.7398300000058953, 0.13849404063], [73.013220568, 186.84239164, 0.0, 2.281119999999646, 1.8780085552], [81.358505627, 183.18748254, 0.0, 1.4649199999985285, 4.8564380649], [74.526415637, 183.58311842, 0.0, 1.917780000017956, 1.6952572556], [231.63838103, 0.9751951528, 0.0, -0.4100299999990966, 0.7654078677], [231.59791138, 1.1001528355, 0.0, -0.4233599999861326, 0.69606708946], [231.52412958, 1.3250770157, 0.0, -0.43048999999882653, 0.66048560166], [231.73373388, 0.75761219802, 0.0, -0.40987000000313856, 0.52815479401], [232.42432234, 0.34083604636, 0.0, -0.33077999998931773, 0.17322714966], [236.21797314, 1.292325316, 0.0, -0.15909999998984858, 0.013946583453]], "gmp_convergence": [[2.778861508, 0.24374612697], [6.2630641657, 0.18247431024], [2.4375911724, 0.028018258987], [0.98363036206, 0.0013539480376], [12.725419599, 0.01973498532], [9.1105512066, 0.037398121195], [6.843535737, 0.020118514975], [240.89380089, 0.099120302793], [0.1313476875, 0.00056946777842], [0.23671637242, 0.00030050417125], [0.60493824787, 0.0008902719842], [0.80660695038, 0.0033250564959], [3.9111530574, 0.0070883707785]], "GP_hyperparam": [[0.67521283466, 0.46124456665, 6.4147576037, 6.4375689517, 0.32552956859, 1.5583135804], [0.66133596481, 0.44641369408, 7.8641385982, 6.2189409215, 11.013170858, 1.9447839269e-05], [0.67765171746, 0.47628653061, 5.9563761507, 6.5852451267, 12.885801601, 2.4945748354], [0.68681383148, 0.48957192271, 6.2013502911, 6.2008343999, 8.1395648082, 10.757689181], [0.70124766949, 0.50346608247, 6.3033662766, 6.2765409092, 6.0499523355, 13.974384263], [0.66529768448, 0.45554167417, 6.521516823, 6.5209751793, 29.747717767, 0.63778310049], [0.65445017382, 0.40909502579, 7.5703651673, 6.0711533075, 33.132301661, 5.0784840052e-05], [0.66305420924, 0.42166967592, 7.5993296601, 6.2929060521, 32.331026125, 5.0775445431e-05], [0.67920825119, 0.4123509972, 7.7926303638, 6.255747441, 44.665952207, 5.0816305029e-05], [0.68145218972, 0.41299200031, 7.6310635233, 6.3050639975, 38.971143831, 5.0785129931e-05], [0.68624068488, 0.42642333206, 7.7528404574, 6.502036255, 37.460640221, 7.1880470494e-05], [0.70031089406, 0.41056782854, 7.830328966, 6.5188759883, 26.846001405, 2.347649101e-30], [0.71590541274, 0.42726485519, 8.0095001626, 6.7593587942, 30.212892466, 2.347649101e-30], [0.7332560582, 0.43502718731, 8.3404399359, 6.9761091034, 30.781179012, 0.00042260177393]], "itertime": [0.001, 0.0, 0.001, 0.001, 0.001, 0.001, 0.001, 0.001, 0.001, 0.001, 0.001, 0.0, 0.001, 0.001, 0.001, 0.0, 0.001, 0.001, 0.0, 0.0, 0.001, 0.001, 0.001, 0.001, 0.001, 0.001, 0.0, 0.0, 0.0, 0.0, 0.0, 1.085, 66.602, 57.826, 57.394, 54.051, 54.751, 54.067, 52.529, 58.048, 55.138, 55.972, 59.305, 89.164, 72.627], "totaltime": [66.88499999999999, 132.559, 133.304, 134.08599999999998, 134.813, 135.534, 136.185, 136.959, 137.753, 138.47899999999998, 139.128, 139.935, 140.759, 141.454, 142.185, 142.969, 143.663, 144.41199999999998, 145.921, 146.692, 147.498, 148.281, 149.903, 150.631, 151.444, 152.233, 153.891, 154.684, 155.26, 155.909, 156.65699999999998, 157.743, 224.345, 282.172, 339.56600000000003, 393.61699999999996, 448.369, 502.437, 554.966, 613.015, 668.154, 724.126, 783.4309999999999, 872.8979999999999, 945.5759999999999],