{"name": "a3c7_31", "initpts": [2, 10], "iterpts": [50], "num_tasks": 2, "obs": null, "acqtime": [67.814, 53.909, 54.376, 51.559, 55.399, 55.198, 53.256, 53.591, 52.506, 55.357], "bestacq": [[-50.0, -50.0, 0.0, 12.40512999999919], [38.444189784, 185.5576173, 0.0, 2.574430000007851], [38.444189784, 185.5576173, 0.0, 2.574430000007851], [38.444189784, 185.5576173, 0.0, 2.574430000007851], [38.444189784, 185.5576173, 0.0, 2.574430000007851], [38.444189784, 185.5576173, 0.0, 2.574430000007851], [38.444189784, 185.5576173, 0.0, 2.574430000007851], [38.444189784, 185.5576173, 0.0, 2.574430000007851], [38.444189784, 185.5576173, 0.0, 2.574430000007851], [38.444189784, 185.5576173, 0.0, 2.574430000007851], [38.444189784, 185.5576173, 0.0, 2.574430000007851]], "gmp": [[130.97564478, 192.13441501, 0.0, 5.797660000011092, 3.6516515576], [38.444189784, 185.5576173, 0.0, 2.574430000007851, 1.0002002693e-08], [-2.7603046987, 191.72403009, 0.0, 2.2265000000188593, 5.9109600832], [21.532734414, 191.46411333, 0.0, 2.368589999998221, 1.1650900427], [5.557457322, 184.43736759, 0.0, 1.989270000020042, 2.4300232884], [7.394601377, 184.46976525, 0.0, 2.021210000006249, 1.0029815621], [34.085501945, 176.22806797, 0.0, 2.1612500000046566, 0.33187017409], [38.26955375, 175.71361893, 0.0, 2.111830000008922, 0.53413404498], [43.497002996, 180.0052884, 0.0, 2.356130000000121, 0.20036921572], [44.416062304, 180.27466498, 0.0, 2.369150000013178, 0.19142705709], [52.530192548, 179.77868508, 0.0, 2.262929999997141, 0.109670779]], "gmp_convergence": [[92.764887928, 0.21012717019], [41.663353349, 0.02268191242], [24.294429527, 0.0092627194175], [17.452353247, 0.024728292314], [1.8374296959, 0.0020819028121], [27.934382886, 0.0091298869997], [4.2155601439, 0.002358513519], [6.7634793176, 0.011722341156], [0.95772321453, 0.00064256411663], [8.1292746094, 0.0050899917277]], "GP_hyperparam": [[0.66204818361, 0.34901460982, 5.4384844621, 5.6841521923, 2.0194570123, 1.9374072071], [0.69481737208, 0.34654280567, 6.4490533152, 5.5982834098, 18.061738504, 2.9089832891e-05], [0.68445861962, 0.35877954698, 5.3457783793, 5.3451090179, 11.635374928, 4.9423611422], [0.69945561873, 0.35337403352, 4.0795095566, 5.5836691387, 11.448893869, 0.00018999660137], [0.73682988248, 0.36737195127, 4.2900828656, 5.705885117, 12.116290122, 0.00019000925904], [0.79603272594, 0.3933996993, 4.2046883822, 5.834795451, 12.832701792, 0.00019002291699], [0.80142217326, 0.38581292844, 4.0174259224, 5.8774984016, 14.698278472, 0.00019005204172], [0.75925672184, 0.40483858137, 6.0380526068, 6.0381072316, 9.2802447178, 4.2305675999], [0.82885039054, 0.3735388183, 5.9154337241, 5.5101267539, 9.6320398504, 4.5592269626], [0.80373753837, 0.38889739609, 5.8565363432, 5.8175204644, 9.1557552753, 2.0643252405], [0.88789555806, 0.41444109062, 6.0940270679, 6.0429693025, 12.691476839, 0.55856496169]], "itertime": [0.001, 0.0, 0.001, 0.001, 0.001, 0.001, 0.001, 0.001, 0.001, 0.001, 0.001, 1.031, 69.211, 55.048, 55.682, 52.57, 56.492, 56.366, 54.493, 54.702, 53.691, 56.783], "totaltime": [66.973, 133.141, 133.886, 134.667, 135.394, 136.115, 136.766, 137.54, 138.334, 139.06, 139.709, 140.74, 209.952, 265.0, 320.683, 373.25399999999996, 429.746, 486.113, 540.606, 595.309, 649.0, 705.784], "boss.in": ["\n", "-----------------------------   Welcome to ....   ------------------------------\n", "                      _______  _______ _______ _______ \n", "                     |   _   \\|   _   |   _   |   _   |\n", "                     |.  1   /|.  |   |   1___|   1___|\n", "                     |.  _   \\|.  |   |____   |____   |\n", "                     |:  1    |:  1   |:  1   |:  1   |\n", "                     |::.. .  |::.. . |::.. . |::.. . |\n", "                     `-------'`-------`-------`-------'\n", "\n", "                                 Version 0.9.15                                 \n", "                              30-09-2020 17:26:07                               \n", "--------------------------------------------------------------------------------\n", "\n", "| Reading BOSS input file from: in_2D\n", "| Initializing...\n", "\n", "--------------------------------------------------------------------------------\n", "                                   INPUT FILE                                   \n", "--------------------------------------------------------------------------------\n", "# input file for alanine 2D (d4-d13)\n", "\n", "# optimization\n", "userfn       userfn_2D.py\n", "bounds       -50 310; -50 310\n", "kernel       stdp\n", "num_tasks    2\n", "initpts 2 10\n", "iterpts      50\n", "verbosity    2\n", "W_prior      gaussian\n", "W_priorparam 10.062 3.953\n", "thetaprior gamma\n", "thetapriorparam 2 0.016; 3.3678 9.0204; 3.3678 9.0204\n", "RESULTS:\n", "-5.000000000000000E+01 -5.000000000000000E+01 0 -2.030049146092371E+05 \n", "1.300000000000000E+02 1.300000000000000E+02 0 -2.030038208770180E+05 \n", "7.995768777922642E+00 2.622073804431099E+02 1 3.338490000000000E+01 \n", "1.361129454742689E+02 1.890543144761587E+02 1 2.117780000000000E+01 \n", "3.060125236296456E+02 2.014881465412536E+02 1 2.190070000000000E+01 \n", "1.791501794849083E+02 2.765201488156509E+02 1 3.580480000000000E+01 \n", "1.247841794181259E+02 1.253161024399498E+02 1 2.859680000000000E+01 \n", "-4.183478637883191E+01 2.247754273385033E+02 1 2.563460000000000E+01 \n", "4.042078442084353E+00 2.833195207672877E+02 1 3.440890000000000E+01 \n", "6.006625147242033E+01 5.607230413774668E+01 1 3.158770000000000E+01 \n", "2.824591824676401E+02 8.733497802283350E+01 1 3.651720000000000E+01 \n", "2.308857506826149E+02 -4.348500539059306E+01 1 2.974380000000000E+01 \n", "--------------------------------------------------------------------------------\n", "                               SIMULATION OPTIONS                               \n", "--------------------------------------------------------------------------------\n", "|| File input/output \n", "ipfile         in_2D\n", "userfn         userfn_2D.py\n", "outfile        boss.out\n", "rstfile        boss.rst\n", "\n", "|| Key settings \n", "num_tasks         2\n", "bounds         -5.000E+01 3.100E+02;    -5.000E+01 3.100E+02\n", "kerntype       stdp stdp\n", "yrange         -5.000E+01 3.100E+02;    -5.000E+01 3.100E+02\n", "noise          1.000E-12\n", "initpts    2 10    iterpts   50\n", "gm_tol         none\n", "verbosity      2\n", "\n", "|| Data acquisition \n", "acqfn                elcb\n", "acqtol               1.000E-03\n", "\n", "|| GP hyperparameters \n", "thetainit       1.000E+00 3.142E-01\n", "thetabounds     none\n", "thetaprior      gamma\n", "thetapriorpar   2.000E+00 1.600E-02;    3.368E+00 9.020E+00;    3.368E+00 9.020E+00\n", "\n", "|| Hyperparameter optimization\n", "updatefreq   1  initupdate      True\n", "updateoffset 0  updaterestarts  2\n", "\n", "\n", "--------------------------------------------------------------------------------\n", "                              INITIAL DATAPOINT 1                               \n", "--------------------------------------------------------------------------------\n", "| Data point added to dataset (x i y): \n", " -5.0000000000E+01 -5.0000000000E+01  0.0000000000E+00      -2.0300491461E+05\n", "\n", "| Total ensemble size: 1\n", "| Next sampling location (x_next, i_next):\n", "  1.3000000000E+02  1.3000000000E+02  0.0000000000E+00\n", "\n", "Iteration time [s]:    0.001        Total time [s]:    0.252\n", "\n", "--------------------------------------------------------------------------------\n", "                              INITIAL DATAPOINT 2                               \n", "--------------------------------------------------------------------------------\n", "| Data point added to dataset (x i y): \n", "  1.3000000000E+02  1.3000000000E+02  0.0000000000E+00      -2.0300382088E+05\n", "\n", "| Total ensemble size: 2\n"], "bounds": [], "kernel": ["stdp"], "thetapriorparam": [[9.0204], [9.0204]],