{"name": "a3c7_9", "initpts": [2, 50], "iterpts": [50], "num_tasks": 2, "obs": null, "acqtime": [65.768, 54.585, 53.173, 53.075, 52.9, 53.485, 52.767, 53.002, 54.847, 51.85, 56.796, 53.476, 53.715, 54.619, 53.34, 56.468, 52.325, 56.423, 54.709, 55.453, 64.56], "bestacq": [[-50.0, -50.0, 0.0, 12.40512999999919], [52.73107219, 181.5469805, 0.0, 1.9571500000020023], [52.73107219, 181.5469805, 0.0, 1.9571500000020023], [52.73107219, 181.5469805, 0.0, 1.9571500000020023], [52.73107219, 181.5469805, 0.0, 1.9571500000020023], [52.73107219, 181.5469805, 0.0, 1.9571500000020023], [52.73107219, 181.5469805, 0.0, 1.9571500000020023], [52.73107219, 181.5469805, 0.0, 1.9571500000020023], [52.73107219, 181.5469805, 0.0, 1.9571500000020023], [52.73107219, 181.5469805, 0.0, 1.9571500000020023], [52.73107219, 181.5469805, 0.0, 1.9571500000020023], [237.9763113, -8.0688425977, 0.0, 0.6722700000100303], [237.9763113, -8.0688425977, 0.0, 0.6722700000100303], [237.9763113, -8.0688425977, 0.0, 0.6722700000100303], [230.82629907, 9.7491763418, 0.0, 0.5329700000002049], [230.82629907, 9.7491763418, 0.0, 0.5329700000002049], [230.82629907, 9.7491763418, 0.0, 0.5329700000002049], [230.82629907, 9.7491763418, 0.0, 0.5329700000002049], [242.78885121, 1.6617898135, 0.0, 0.06695000000763685], [235.33432358, 1.2800563014, 0.0, 0.004180000018095598], [235.33432358, 1.2800563014, 0.0, 0.004180000018095598], [238.35928232, 0.36010349235, 0.0, 0.001149999996414408]], "gmp": [[56.991374328, 180.71456845, 0.0, 3.4396899999992456, 1.2749737165], [53.54011638, 182.81068174, 0.0, 1.9505000000062864, 0.0090609602799], [50.821672786, 183.98751443, 0.0, 1.9317600000067614, 0.036334078315], [49.872433319, 184.61964829, 0.0, 1.9141300000192132, 0.0614250875], [50.57923893, 185.66803092, 0.0, 1.8965700000117067, 0.081015655007], [50.623880215, 185.46785081, 0.0, 1.9005900000047404, 0.058911556264], [51.102187571, 185.18817449, 0.0, 1.909990000014659, 0.048860338464], [42.782922289, 178.65778371, 0.0, 1.7582500000135042, 0.13110905573], [42.467292321, 178.54822717, 0.0, 1.7443499999935739, 0.1258304513], [50.532609145, 175.9847132, 0.0, 1.8311000000103377, 0.046695519675], [54.358100434, 180.18664537, 0.0, 1.9448799999954645, 0.002715249816], [236.52510165, -4.6897159102, 0.0, 0.6028999999980442, 0.028966259614], [237.18454588, -4.7890031966, 0.0, 0.6027400000020862, 0.02603125092], [238.44166458, -4.9851623338, 0.0, 0.6052999999956228, 0.021932500947], [232.31510282, 1.4758591877, 0.0, 0.10873000000719912, 0.011141252848], [232.26348415, 1.4717734793, 0.0, 0.10740000000805594, 0.010690473721], [232.104157, 1.46818207, 0.0, 0.10544000001391396, 0.010474753593], [237.54381408, 1.4284364881, 0.0, 0.12489000000641681, 0.0092305239184], [238.98080335, 1.3475634628, 0.0, 0.03588999999919906, 0.00039743495647], [237.2167343, 1.2810566408, 0.0, -0.0029799999902024865, 2.6633591456e-06], [237.62588443, 0.71581370949, 0.0, -0.0014300000038929284, 1.9750677946e-06], [237.41895948, 0.80351339601, 0.0, -0.00024999998277053237, 2.5655003366e-08]], "gmp_convergence": [[4.0379292145, 0.080434080828], [2.9622408345, 0.0010122770144], [1.1404598975, 0.00095208343958], [1.2643893067, 0.00094842917687], [0.20509735009, 0.00021681374047], [0.55407288934, 0.0005081758492], [10.576208138, 0.0081961278102], [0.33410314673, 0.00075083985698], [8.4629155344, 0.0046858055112], [5.6824833961, 0.0061452331973], [259.54592135, 0.072483007808], [0.66687679825, 8.3548400549e-06], [1.2723308708, 0.00013813382737], [8.9039069053, 0.026820850026], [0.051780114957, 7.1857590676e-05], [0.15936761812, 0.00010587810948], [5.4398022779, 0.0010507695072], [1.4392632168, 0.0047444232247], [1.7653222843, 0.002046273207], [0.69778463751, 8.0756289515e-05], [0.22474244863, 6.0611670442e-05]], "GP_hyperparam": [[0.57784170065, 0.50829584563, 6.6128984773, 7.1697965557, 0.57158515817, 0.95316121814], [0.57798030461, 0.50661875717, 7.3196366938, 6.7239713926, 5.4592019541, 7.3079347671], [0.58248560768, 0.51133440756, 6.7377161427, 6.636750291, 8.8956913093, 10.687099034], [0.58606971399, 0.51411190262, 6.5410634918, 6.6848375502, 9.6999420236, 11.498661121], [0.58889164292, 0.51575388949, 6.5839508163, 6.555511644, 6.5652438434, 14.135101712], [0.59352732798, 0.51942289824, 6.6756538654, 6.6751202477, 3.1151866814, 14.433251017], [0.59757844894, 0.52385039507, 6.858360349, 6.8180905496, 3.1540531679, 14.472290039], [0.59975268087, 0.5303886782, 7.347504098, 7.0224264159, 2.6192754098, 13.77330641], [0.6039537123, 0.53230401941, 7.1748423402, 7.106272763, 2.6128933336, 13.781008599], [0.61176187804, 0.53792308753, 7.6093395111, 7.5366349231, 4.9698890389, 10.552848246], [0.61689135543, 0.54447064801, 8.3596284349, 7.9314842935, 7.067129325, 7.2754719123], [0.59329420493, 0.52667378099, 7.6433534673, 7.0324513308, 10.158140741, 10.925738039], [0.59534155219, 0.52632953855, 7.5194072889, 7.5603396399, 17.243691775, 3.3415832013], [0.6022816142, 0.5280154643, 7.7759665176, 7.775920969, 19.294310289, 1.4873474833], [0.5851333698, 0.52262454527, 7.0481610813, 7.4210081037, 20.8304399, 2.4809188223], [0.58559974038, 0.52287864281, 7.1565865753, 7.2457833318, 17.398887652, 5.0708532727], [0.59528752122, 0.52738979982, 7.2957472309, 7.4503663816, 17.405644273, 5.085103901], [0.59681832885, 0.52776874475, 7.4439853053, 7.4870843712, 17.607099829, 5.280602085], [0.60262449449, 0.53591359323, 8.2479057734, 7.7944505895, 17.484467253, 4.4741804625], [0.60071206095, 0.52710860479, 8.4518506231, 7.5051076689, 18.341807899, 5.3926643961], [0.6148922782, 0.54067933121, 9.3368849278, 8.1329616675, 33.522740454, 5.7114376867e-05], [0.6192234215, 0.54743332299, 9.8002166533, 8.3027743376, 33.969985275, 5.7113974978e-05]], "itertime": [0.001, 0.001, 0.001, 0.001, 0.001, 0.0, 0.001, 0.0, 0.0, 0.0, 0.001, 0.0, 0.0, 0.001, 0.0, 0.001, 0.001, 0.0, 0.001, 0.001, 0.0, 0.0, 0.0, 0.001, 0.001, 0.0, 0.0, 0.0, 0.001, 0.0, 0.0, 0.001, 0.0, 0.0, 0.0, 0.0, 0.0, 0.001, 0.001, 0.001, 0.001, 0.0, 0.0, 0.0, 0.001, 0.0, 0.0, 0.0, 0.001, 0.001, 0.001, 1.274, 66.851, 55.849, 54.399, 54.467, 54.256, 54.711, 54.132, 54.271, 56.199, 53.599, 58.302, 55.221, 55.382, 56.165, 55.014, 58.12, 54.045, 58.254, 56.884, 58.057, 66.938], "totaltime": [65.903, 131.56, 132.305, 133.086, 133.813, 134.534, 135.185, 135.959, 136.75300000000001, 137.478, 138.127, 138.935, 139.758, 140.453, 141.184, 141.96800000000002, 142.662, 143.411, 144.92000000000002, 145.691, 146.497, 147.28, 148.90200000000002, 149.63, 150.44400000000002, 151.233, 152.89000000000001, 153.683, 154.25900000000001, 154.90800000000002, 155.656, 156.893, 157.669, 158.44400000000002, 159.311, 160.89800000000002, 161.664, 162.448, 163.154, 164.873, 165.671, 166.43900000000002, 167.15200000000002, 168.859, 169.621, 170.33, 171.041, 171.806, 172.83700000000002, 173.56600000000003, 174.312, 175.58700000000002, 242.439, 298.288, 352.68700000000007, 407.15400000000005, 461.41100000000006, 516.123, 570.256, 624.527, 680.727, 734.326, 792.628, 847.85, 903.2320000000001, 959.398, 1014.412, 1072.533, 1126.579, 1184.8339999999998, 1241.7179999999998, 1299.7759999999998, 1366.715],