{"name": "a3c7_43", "initpts": [2, 20], "iterpts": [50], "num_tasks": 2, "obs": null, "acqtime": [63.93, 56.55, 53.752, 53.209, 53.108, 53.641, 52.911, 52.262, 50.756, 52.803, 62.703, 73.437, 71.086, 71.711], "bestacq": [[-50.0, -50.0, 0.0, 12.40512999999919], [-0.56889557458, 165.8139666, 0.0, 5.096630000014557], [-0.56889557458, 165.8139666, 0.0, 5.096630000014557], [81.77756491, 193.91889728, 0.0, 3.52624000000651], [81.77756491, 193.91889728, 0.0, 3.52624000000651], [81.77756491, 193.91889728, 0.0, 3.52624000000651], [81.77756491, 193.91889728, 0.0, 3.52624000000651], [81.77756491, 193.91889728, 0.0, 3.52624000000651], [81.77756491, 193.91889728, 0.0, 3.52624000000651], [81.77756491, 193.91889728, 0.0, 3.52624000000651], [81.77756491, 193.91889728, 0.0, 3.52624000000651], [86.205564932, 168.78776508, 0.0, 3.1186500000185333], [86.205564932, 168.78776508, 0.0, 3.1186500000185333], [237.82605165, -9.9076671437, 0.0, 0.985820000001695], [263.35997487, -4.0794420972, 0.0, 0.7078700000129174]], "gmp": [[80.313964613, 180.00210573, 0.0, 2.5213300000177696, 3.1072714595], [78.722539663, 182.48765799, 0.0, 1.6437500000174623, 8.4186765667], [66.672743494, 181.84748337, 0.0, 3.4022700000205077, 5.6060370946], [68.59108547, 184.32330995, 0.0, 3.0641300000133924, 0.64506817095], [-40.604723708, 191.62725072, 0.0, 2.8916000000026543, 4.4204709909], [76.681036549, 183.36031469, 0.0, 3.0568100000091363, 0.6356536781], [77.017439828, 180.47630327, 0.0, 2.6532700000097975, 1.1033283953], [78.426502351, 179.65326566, 0.0, 2.4279200000164565, 1.3617949054], [87.316842437, 179.68738591, 0.0, 2.296390000003157, 1.278161064], [86.656151204, 179.667375, 0.0, 2.315650000004098, 1.095155282], [88.405928184, 180.35530735, 0.0, 2.448770000017248, 0.88943520866], [85.138266854, 179.75892813, 0.0, 2.4207400000013877, 0.040511595405], [93.775806021, 180.46688388, 0.0, 2.377470000006724, 0.11595678011], [241.0916483, -7.5690308443, 0.0, 0.9205700000165962, 0.060542009448], [252.03293172, -5.9309446185, 0.0, 0.20902000000933185, 0.016571333261]], "gmp_convergence": [[2.9513731428, 0.048423587037], [12.066789601, 0.097032266053], [3.1320525485, 0.018658063097], [109.43981128, 0.0095197332286], [117.57674851, 0.0091159044623], [2.9035648922, 0.019006642047], [1.6318235495, 0.011001906842], [8.8904055609, 0.0062226993864], [0.6609942064, 0.00092514816535], [1.8801516951, 0.006331201353], [3.3216379595, 0.0013012392689], [8.6665035735, 0.0019965141996], [238.871226, 0.065574480919], [11.063227807, 0.031331902365]], "GP_hyperparam": [[0.71609753857, 0.36294622509, 5.5696545128, 5.4162182452, 3.0405435038, 0.58318339253], [0.71035309089, 0.36979034048, 5.6056348176, 5.2330604859, 8.7925810138, 2.6981518634], [0.7071900631, 0.36324639203, 4.0218311714, 5.3725439144, 8.6261042013, 0.00013113008469], [0.71270210828, 0.37615322786, 3.9325468446, 5.5255176078, 11.775144093, 0.00013115521328], [0.72196028685, 0.37013553339, 3.5658640413, 5.4749474204, 12.636944963, 0.00013115916986], [0.70835149052, 0.35893637971, 3.1389252091, 5.352554528, 13.87911239, 0.00013116118962], [0.7121819024, 0.40216087505, 5.3403304212, 5.3404638433, 13.092594925, 6.8400304841], [0.70175424095, 0.37057562876, 5.2577221311, 5.1516305652, 11.494275316, 5.0384144066], [0.74033586891, 0.38066608886, 5.4148177659, 5.2274121002, 12.726828246, 6.2819325103], [0.74490651201, 0.38667387631, 5.2543896883, 5.3636844746, 11.636544997, 5.2441327705], [0.75739848347, 0.40199567861, 5.1500449945, 5.5137605838, 11.917666857, 5.5231894132], [0.78181222213, 0.4449336401, 5.9668718932, 5.7633715118, 9.0906072652, 9.621596658], [0.80154279583, 0.4322892639, 5.5436728148, 5.5920849055, 9.6354490315, 10.184712145], [0.71929432345, 0.51525642035, 7.2418029192, 7.0362310839, 23.248540588, 0.00021513381014], [0.73203323064, 0.55495329091, 8.6177582909, 7.5679768182, 23.683236095, 0.00012869264298]], "itertime": [0.001, 0.001, 0.001, 0.001, 0.001, 0.001, 0.001, 0.001, 0.001, 0.0, 0.0, 0.001, 0.001, 0.001, 0.001, 0.0, 0.0, 0.0, 0.001, 0.001, 0.001, 1.288, 64.861, 57.758, 55.03, 54.391, 54.496, 54.828, 54.307, 53.713, 52.309, 54.262, 64.241, 74.949, 73.205, 73.477], "totaltime": [66.076, 131.76, 132.505, 133.286, 134.013, 134.734, 135.385, 136.159, 136.953, 137.679, 138.328, 139.136, 139.959, 140.654, 141.385, 142.16899999999998, 142.863, 143.61200000000002, 145.121, 145.892, 146.698, 147.98700000000002, 212.848, 270.606, 325.637, 380.029, 434.525, 489.354, 543.662, 597.375, 649.6850000000001, 703.947, 768.189, 843.183, 916.491, 990.193],