{"name": "a3c7_23", "initpts": [2, 20], "iterpts": [50], "num_tasks": 2, "obs": null, "acqtime": [55.496, 55.504, 55.856, 56.421, 54.775, 55.099, 54.928, 57.877, 56.2, 54.924, 58.747, 54.564, 58.882, 56.135, 57.213, 58.597, 54.79, 53.893, 56.005, 55.033, 61.511, 60.969, 79.17], "bestacq": [[-50.0, -50.0, 0.0, 12.40512999999919], [-50.0, -50.0, 0.0, 12.40512999999919], [-50.0, -50.0, 0.0, 12.40512999999919], [4.5858747865, 170.17719126, 0.0, 4.47186000001966], [4.5858747865, 170.17719126, 0.0, 4.47186000001966], [79.313615426, 191.76262325, 0.0, 3.1140599999926053], [79.313615426, 191.76262325, 0.0, 3.1140599999926053], [79.313615426, 191.76262325, 0.0, 3.1140599999926053], [79.313615426, 191.76262325, 0.0, 3.1140599999926053], [79.313615426, 191.76262325, 0.0, 3.1140599999926053], [79.313615426, 191.76262325, 0.0, 3.1140599999926053], [73.836655026, 168.53310451, 0.0, 2.722060000000056], [73.836655026, 168.53310451, 0.0, 2.722060000000056], [42.465949565, 182.94744486, 0.0, 2.294079999992391], [236.29248811, -0.78677839793, 0.0, 0.03145999999833293], [236.29248811, -0.78677839793, 0.0, 0.03145999999833293], [236.29248811, -0.78677839793, 0.0, 0.03145999999833293], [236.29248811, -0.78677839793, 0.0, 0.03145999999833293], [236.29248811, -0.78677839793, 0.0, 0.03145999999833293], [236.29248811, -0.78677839793, 0.0, 0.03145999999833293], [236.29248811, -0.78677839793, 0.0, 0.03145999999833293], [236.29248811, -0.78677839793, 0.0, 0.03145999999833293], [236.29248811, -0.78677839793, 0.0, 0.03145999999833293], [236.29248811, -0.78677839793, 0.0, 0.03145999999833293]], "gmp": [[-50.0, -50.0, 0.0, 12.40512999999919, 1.0001999584e-08], [82.806565101, 178.53571771, 0.0, 7.655510000011418, 0.0039019401557], [83.049714458, 177.692094, 0.0, 8.374260000011418, 0.29932708202], [64.461172409, 179.2364, 0.0, 3.3966700000164565, 2.4322482256], [55.980748633, 178.91897385, 0.0, 3.5845200000039767, 2.127758005], [68.328612987, 182.84204811, 0.0, 2.670010000001639, 0.31852123663], [70.065383025, 182.78994695, 0.0, 2.674200000008568, 0.34304060098], [71.725576331, 180.68489677, 0.0, 2.4711799999931827, 0.47958598366], [73.621223791, 180.84909702, 0.0, 2.511450000019977, 0.39785599167], [75.063289736, 180.11585533, 0.0, 2.315759999997681, 0.49387766875], [75.03548085, 180.15179395, 0.0, 2.320380000019213, 0.44300343607], [74.340578188, 178.4576806, 0.0, 2.097429999994347, 0.057521831196], [71.923306519, 178.26707447, 0.0, 2.139580000017304, 0.052961672178], [61.373538818, 178.76099709, 0.0, 1.9633800000010524, 0.012185097032], [240.6292205, -2.1797080976, 0.0, -0.027600000001257285, 0.045181522196], [239.66804283, -2.0035670325, 0.0, -0.004679999983636662, 0.0037280748043], [245.75299428, 3.5868114911, 0.0, -0.4588400000066031, 0.092914730034], [241.6736408, -0.76851049859, 0.0, -0.07261999999172986, 0.0039567185467], [241.68929078, -0.78752802318, 0.0, -0.0744999999878928, 0.0037184127184], [241.78337758, -0.89765558416, 0.0, -0.076310000004014, 0.0040230624025], [241.61984661, -0.70644157237, 0.0, -0.07348999998066574, 0.0033713342094], [241.61676643, -0.70553910011, 0.0, -0.07306999998399988, 0.0031469457198], [240.53246163, -0.32941338493, 0.0, -0.04279000000678934, 0.00020826303642], [240.63302257, -0.52706734273, 0.0, -0.041609999985666946, 0.00017741846243]], "gmp_convergence": [[264.32207249, 0.26207685139], [0.8779650222, 0.039659428904], [18.652580962, 0.27465619899], [8.4863624001, 0.010365572356], [12.956089909, 0.050461320609], [1.7375513505, 0.00022631357491], [2.6809472414, 0.010726320659], [1.9027456525, 0.0020675252599], [1.6177755016, 0.010423151513], [0.045441377539, 0.00024865433419], [1.8310952378, 0.011666861057], [2.4247748385, 0.0021837990684], [10.561323691, 0.0089189520995], [254.70009464, 0.098088705651], [0.97718380392, 0.0011071702029], [8.2631087463, 0.021802805803], [5.9674076786, 0.018442278655], [0.024629007338, 9.0153508999e-05], [0.14484614502, 8.7152551717e-05], [0.25160520092, 0.00013485219051], [0.0032096659758, 2.0067500355e-05], [1.1476878724, 0.0014233824706], [0.22176471951, 5.5052324534e-05]], "GP_hyperparam": [[0.65630811194, 0.34657436928, -1.2529920083, 4.8119098476, 2.9743363306e-25, 8.8710627948e-08], [0.70962483153, 0.32736948098, 3.140548709, 5.3414078382, 2.3234407839e-13, 8.4206058602e-07], [0.72210404052, 0.28564592378, 2.5400935715, 4.7574505505, 0.016551937412, 1.1287520249], [0.70402622002, 0.36524884392, 4.6025447709, 5.2362542298, 2.8814207413, 1.5980965216], [0.70967284779, 0.34621537992, 3.9572812394, 5.1689580554, 4.1119584391, 0.00014751195482], [0.70997347838, 0.37883280397, 4.2163007922, 5.4806229022, 6.4288149515, 0.00014754204958], [0.73416036855, 0.36346083435, 4.0019937974, 5.4021379871, 8.1459367859, 0.00014756265634], [0.7407597508, 0.34926823823, 3.678631039, 5.3418317442, 9.4502029989, 0.00014757514233], [0.77471272721, 0.37104144187, 3.7544027191, 5.6423035466, 10.576643242, 0.00014758499846], [0.79447974802, 0.31441126894, 3.6411469323, 5.1888063086, 8.5316661753, 0.0001475604191], [0.79603659942, 0.31698434666, 3.6008543686, 5.1688674046, 7.66341693, 9.5473427435e-05], [0.81383490511, 0.3444478462, 3.8408993148, 5.4675726815, 9.2978185302, 9.5480333508e-05], [0.81139513723, 0.35603892051, 3.6935095817, 5.5600606083, 9.635605828, 9.5481397045e-05], [0.82012123344, 0.38261614985, 3.8254748032, 5.8948463458, 11.141830753, 9.5486943683e-05], [0.70687587977, 0.52768300324, 7.1941020537, 7.217119912, 17.7318204, 9.5544707102e-05], [0.72975159473, 0.55405040454, 7.532741427, 7.5318114939, 17.853645996, 0.99547311633], [0.71230473083, 0.50860474834, 7.6888671307, 7.1560032377, 17.667506276, 0.00011467864675], [0.71293250927, 0.46442120128, 7.6521584504, 6.8184549857, 19.511456251, 0.00011470552537], [0.7115067755, 0.46944917558, 7.8163580758, 6.9549307513, 16.62614103, 0.0001146533543], [0.71488167981, 0.45220899823, 7.4065592626, 6.7510986632, 16.03923544, 0.0001146422888], [0.71457969953, 0.48231018215, 7.9767564342, 6.9961652089, 17.243402624, 0.00011465935919], [0.7253177379, 0.48569456548, 8.0379474948, 7.0662852858, 16.936910713, 3.4982249061e-05], [0.73065746074, 0.50308028409, 8.2825073581, 7.1873939472, 18.634825645, 0.00010537982763], [0.73760475337, 0.51835237435, 8.4737457623, 7.367400317, 19.50702157, 8.1500250498e-05]], "itertime": [0.001, 0.0, 0.001, 0.0, 0.0, 0.0, 0.0, 0.0, 0.0, 0.0, 0.0, 0.0, 0.0, 0.0, 0.0, 0.0, 0.0, 0.0, 0.0, 0.0, 0.0, 1.18, 56.617, 56.963, 56.944, 58.027, 56.004, 56.446, 56.473, 59.467, 57.834, 57.031, 60.476, 56.19, 60.515, 57.941, 58.889, 60.836, 56.852, 55.887, 58.207, 57.269, 63.861, 63.152, 81.435], "totaltime": [66.846, 132.731, 133.476, 134.257, 134.984, 135.704, 136.35500000000002, 137.12900000000002, 137.923, 138.649, 139.298, 140.106, 140.929, 141.62400000000002, 142.35500000000002, 143.139, 143.83200000000002, 144.58100000000002, 146.09, 146.86100000000002, 147.66700000000003, 148.847, 205.465, 262.42900000000003, 319.375, 377.403, 433.40700000000004, 489.855, 546.328, 605.796, 663.631, 720.662, 781.139, 837.329, 897.8439999999999, 955.786, 1014.675, 1075.5120000000002, 1132.3670000000002, 1188.255, 1246.4630000000002, 1303.7350000000001, 1367.5970000000002, 1430.813, 1512.3069999999998],