{"name": "a3c7_27", "initpts": [2, 40], "iterpts": [50], "num_tasks": 2, "obs": null, "acqtime": [53.456, 56.902, 56.109, 53.234, 54.355, 56.092, 54.055, 53.056, 52.032, 52.856, 56.765, 52.469, 54.058, 53.468, 51.836, 56.029, 53.467, 57.139, 52.661, 55.084, 73.376], "bestacq": [[-50.0, -50.0, 0.0, 12.40512999999919], [-50.0, 2.935169093, 0.0, 10.745620000001509], [188.59351959, 9.7460669248, 0.0, 3.4351299999980256], [47.629943477, 186.90312593, 0.0, 2.3259200000029523], [47.629943477, 186.90312593, 0.0, 2.3259200000029523], [47.629943477, 186.90312593, 0.0, 2.3259200000029523], [47.629943477, 186.90312593, 0.0, 2.3259200000029523], [47.629943477, 186.90312593, 0.0, 2.3259200000029523], [47.629943477, 186.90312593, 0.0, 2.3259200000029523], [47.629943477, 186.90312593, 0.0, 2.3259200000029523], [47.629943477, 186.90312593, 0.0, 2.3259200000029523], [244.8403166, -4.9167505592, 0.0, 0.18202999999630265], [244.8403166, -4.9167505592, 0.0, 0.18202999999630265], [244.8403166, -4.9167505592, 0.0, 0.18202999999630265], [244.8403166, -4.9167505592, 0.0, 0.18202999999630265], [244.8403166, -4.9167505592, 0.0, 0.18202999999630265], [244.8403166, -4.9167505592, 0.0, 0.18202999999630265], [244.8403166, -4.9167505592, 0.0, 0.18202999999630265], [244.8403166, -4.9167505592, 0.0, 0.18202999999630265], [244.8403166, -4.9167505592, 0.0, 0.18202999999630265], [227.13798384, 5.415189704, 0.0, 0.15975000002072193], [227.13798384, 5.415189704, 0.0, 0.15975000002072193]], "gmp": [[63.497298557, 183.27165924, 0.0, 3.71374000000651, 1.4469567906], [56.930607475, 186.93317076, 0.0, 10.12819000001764, 0.88198721162], [189.13538538, 9.0365078788, 0.0, 3.4328399999940302, 0.0026671576843], [54.311976263, 187.94367874, 0.0, 2.264150000002701, 0.16332441914], [51.791847558, 188.68771317, 0.0, 2.2981800000125077, 0.082020470369], [53.058630922, 190.10981887, 0.0, 2.2681400000001304, 0.17500793633], [47.512911162, 188.07048774, 0.0, 2.3222100000130013, 0.0054181479516], [47.811088894, 187.90417995, 0.0, 2.3231500000110827, 0.0034593344278], [46.420886065, 187.7575261, 0.0, 2.3220100000035018, 0.0045420853348], [48.69600601, 188.66684495, 0.0, 2.3157000000064727, 0.0080525184059], [54.908875657, 178.81895912, 0.0, 1.953990000009071, 0.21360411557], [241.88513109, -3.7593997783, 0.0, 0.16189000001759268, 0.01814565556], [246.31259856, -4.2291191478, 0.0, 0.17397000000346452, 0.007034609193], [247.62833953, -3.4127989117, 0.0, 0.1466200000140816, 0.025520320148], [247.48257204, -3.4773398029, 0.0, 0.1501200000056997, 0.022313479125], [252.58131972, -2.1963430013, 0.0, -0.05225000000791624, 0.044677442462], [252.75250823, -2.2218755232, 0.0, -0.05760000000009313, 0.043930543431], [251.43884867, -1.5504833697, 0.0, -0.03951000000233762, 0.033121826373], [249.56196454, -4.5309463204, 0.0, 0.11960999999428168, 0.0013726868034], [249.54290406, -4.5502988598, 0.0, 0.12029000002075918, 0.0012904778534], [237.94179755, 0.69444544589, 0.0, 0.0415600000123959, 0.0012049579016], [237.93355209, 0.69734644935, 0.0, 0.042400000005727634, 0.001135380321]], "gmp_convergence": [[7.5185170342, 0.35394001145], [221.64233794, 0.36943967023], [224.02037281, 0.064486403869], [2.627667391, 0.0018778677405], [1.9045011748, 0.0016576030992], [5.9087967584, 0.0029836212412], [0.34142090998, 5.1718526472e-05], [1.3979167567, 6.31692369e-05], [2.4501084777, 0.00034814017088], [11.643908474, 0.019958503472], [261.33307719, 0.098885130763], [4.4523145163, 0.00051195331719], [1.5484033744, 0.0011936319375], [0.15941671134, 0.00015080635186], [5.2572027468, 0.0086320839979], [0.17308211135, 0.00022563882254], [1.4752860269, 0.00075179922953], [3.5221944112, 0.0065470318194], [0.027162887556, 2.7884956736e-05], [12.731575519, 0.0031899405992], [0.008740900468, 3.3790330118e-05]], "GP_hyperparam": [[0.56934886263, 0.48631510791, 6.4082741947, 6.8333274597, 0.64599425738, 0.85321809515], [0.56467639029, 0.48143343907, 1.7029134554, 6.7352706533, 0.97517737102, 2.7409960619e-05], [0.55388987546, 0.47566558005, 4.9230903236, 6.6508694286, 8.4140410735, 0.48546169454], [0.5607813572, 0.48382890547, 5.5351310333, 6.2345055256, 8.1566032595, 8.2694229792], [0.56463078387, 0.48739260207, 5.4067189194, 6.2632446186, 9.2224953421, 9.1357649873], [0.56640763375, 0.48550472184, 5.1664927721, 6.1756774573, 10.308270972, 9.9762511844], [0.56777065407, 0.49213518368, 5.0953977087, 6.3711867551, 8.8968191444, 9.1917112179], [0.5698006609, 0.49338032566, 5.1127839653, 6.4858098616, 7.0378481026, 8.4081495479], [0.57324977204, 0.50069957544, 5.8831375606, 6.009569328, 0.0017061690376, 16.234881837], [0.58341793317, 0.50908514384, 5.9962441317, 6.2484597444, 0.0017072475962, 16.619943509], [0.57547106876, 0.50905190041, 6.9025022184, 6.1566763435, 0.0017064171194, 16.03451252], [0.55144705251, 0.5038725794, 7.1184865687, 5.775526482, 3.2456484194, 16.577560653], [0.56196338435, 0.50899103046, 7.1534400062, 7.1528866224, 19.283830704, 1.2296626516], [0.5598699518, 0.50558562917, 7.6083582443, 7.1474962771, 17.154797986, 0.35997861905], [0.56705533579, 0.51230886453, 7.641012588, 7.314712222, 17.857439334, 0.0004011944778], [0.56987241033, 0.51361473143, 7.886229197, 7.3639054561, 18.135264759, 0.00040122549578], [0.57774363561, 0.52099426552, 8.1435798477, 7.5586963174, 18.031696979, 0.00017597850931], [0.58524875762, 0.52569705024, 8.1641980126, 7.7046766162, 18.478274905, 0.00017599145177], [0.59223939795, 0.51320995881, 8.0325372992, 7.5039474066, 21.713723739, 5.4300301856e-05], [0.59724207054, 0.51607554158, 8.0402293626, 7.5887091144, 21.254514246, 5.4298478676e-05], [0.58116522972, 0.53483921078, 7.9261786458, 7.5648760384, 31.096252667, 5.433106222e-05], [0.58359742886, 0.54338354763, 8.0785230675, 7.7096215126, 30.607267137, 5.4329035167e-05]], "itertime": [0.002, 0.001, 0.001, 0.001, 0.001, 0.002, 0.001, 0.001, 0.001, 0.001, 0.001, 0.002, 0.001, 0.001, 0.001, 0.001, 0.002, 0.001, 0.002, 0.001, 0.001, 0.002, 0.0, 0.001, 0.001, 0.001, 0.001, 0.001, 0.001, 0.001, 0.001, 0.001, 0.001, 0.001, 0.001, 0.001, 0.001, 0.001, 0.001, 0.001, 0.001, 1.16, 54.732, 58.169, 57.289, 54.384, 55.583, 57.693, 55.503, 55.068, 53.591, 54.34, 58.23, 54.469, 55.951, 55.386, 53.58, 57.926, 55.246, 59.268, 54.865, 57.484, 75.793], "totaltime": [65.614, 131.27100000000002, 132.019, 132.8, 133.52700000000002, 134.251, 134.90200000000002, 135.67600000000002, 136.473, 137.201, 137.85000000000002, 138.66, 139.483, 140.179, 140.91, 141.695, 142.392, 143.145, 144.655, 145.428, 146.236, 147.02, 148.643, 149.371, 150.185, 150.975, 152.633, 153.42600000000002, 154.002, 154.65200000000002, 155.4, 156.64000000000001, 157.416, 158.193, 159.062, 160.651, 161.417, 162.20100000000002, 162.907, 164.626, 165.42700000000002, 166.587, 221.322, 279.495, 336.789, 391.173, 446.76099999999997, 504.457, 559.961, 615.033, 668.6279999999999, 722.972, 781.206, 835.679, 891.63, 947.02, 1000.604, 1058.53, 1113.78, 1173.0520000000001, 1227.92, 1285.409, 1361.203],