{"name": "a3c7_36", "initpts": [2, 35], "iterpts": [50], "num_tasks": 2, "obs": null, "acqtime": [64.068, 55.682, 55.131, 52.601, 52.461, 52.078, 52.373, 55.506, 50.35, 55.554, 80.081, 72.497], "bestacq": [[-50.0, -50.0, 0.0, 12.40512999999919], [211.07620775, 169.2377563, 0.0, 5.286500000016531], [211.07620775, 169.2377563, 0.0, 5.286500000016531], [47.385964423, 190.36008963, 0.0, 2.6585900000063702], [47.385964423, 190.36008963, 0.0, 2.6585900000063702], [47.385964423, 190.36008963, 0.0, 2.6585900000063702], [47.385964423, 190.36008963, 0.0, 2.6585900000063702], [47.385964423, 190.36008963, 0.0, 2.6585900000063702], [246.07721305, 0.7779222514, 0.0, 0.1076500000199303], [246.07721305, 0.7779222514, 0.0, 0.1076500000199303], [246.07721305, 0.7779222514, 0.0, 0.1076500000199303], [246.07721305, 0.7779222514, 0.0, 0.1076500000199303], [246.07721305, 0.7779222514, 0.0, 0.1076500000199303]], "gmp": [[67.712314966, 182.02899612, 0.0, 3.9159600000130013, 2.2222683281], [65.101237407, 183.77005859, 0.0, -1.5333800000080373, 13.320309084], [59.690734582, 186.45668188, 0.0, 3.423720000020694, 13.996279996], [56.064552685, 187.92423123, 0.0, 2.565650000004098, 0.29892429412], [55.582286782, 189.44059866, 0.0, 2.5860000000102445, 0.20911654244], [60.433576364, 188.66463313, 0.0, 2.4560899999924004, 0.60350751944], [56.582207813, 188.08443165, 0.0, 2.5431099999987055, 0.25351158043], [55.381182358, 187.8474835, 0.0, 2.566080000018701, 0.18094500561], [242.3818081, 0.066810338883, 0.0, 0.07567000002018176, 0.062206455094], [246.47606963, -4.1925417243, 0.0, -0.057650000002468005, 0.12281307719], [246.69043561, -4.2421765325, 0.0, -0.05846999998902902, 0.11224732033], [256.88726527, -1.6293990822, 0.0, -0.150549999991199, 0.30120571966], [249.05752335, -0.7641102879, 0.0, 0.07599000001209788, 0.017965908348]], "gmp_convergence": [[3.1383155534, 0.30068661136], [6.0408182832, 0.27352541443], [3.9118916465, 0.047347048311], [1.5912104151, 0.0011230839268], [4.912955639, 0.0069765487929], [3.8948265014, 0.0046291401843], [1.2241758744, 0.0012067004636], [265.01097193, 0.12556973926], [5.9080502249, 0.0069590626433], [0.22003724528, 4.18957723e-05], [10.526250099, 0.0046754323362], [7.877409684, 0.011397635745]], "GP_hyperparam": [[0.58588851523, 0.4819603348, 6.0651975646, 6.4571240755, 0.86600649853, 1.700143843], [0.57495729783, 0.46206665995, 7.9612245684, 6.2000512524, 14.643480545, 1.9775611469e-05], [0.58169751382, 0.47402295098, 5.0549762083, 6.0123687792, 12.10783984, 6.1313082106], [0.58540820743, 0.4815705832, 5.0060052605, 6.026646711, 14.094861372, 7.48555843], [0.59012226581, 0.48720938833, 4.6279975063, 6.1439226085, 14.120621419, 7.5476865601], [0.59849494935, 0.50067210995, 5.9582075685, 5.9643265296, 11.325148519, 13.318175088], [0.60173350048, 0.50694636984, 5.771606142, 6.1537001305, 10.505232881, 12.671794247], [0.60958698064, 0.51727510282, 5.8113729822, 6.4158865999, 10.00376486, 12.352466161], [0.58976054994, 0.50823440452, 6.3187331645, 5.9739884863, 20.096707006, 13.135689223], [0.59619930177, 0.50010387342, 6.8012202371, 6.8020097309, 27.197115, 2.0069938451], [0.60639207343, 0.51296256775, 6.9513957488, 7.0693611485, 26.961260505, 1.8676567202], [0.6136925844, 0.53079754212, 7.7239443127, 7.5032475224, 28.867399374, 0.015245775319], [0.61144692382, 0.52943540801, 7.7243428509, 7.4462183979, 29.300176928, 0.0016221536648]], "itertime": [0.002, 0.002, 0.002, 0.002, 0.002, 0.002, 0.002, 0.002, 0.002, 0.002, 0.002, 0.002, 0.002, 0.002, 0.002, 0.002, 0.002, 0.002, 0.002, 0.002, 0.002, 0.002, 0.002, 0.002, 0.002, 0.002, 0.002, 0.002, 0.002, 0.002, 0.002, 0.002, 0.002, 0.002, 0.002, 0.002, 1.079, 65.711, 56.913, 56.17, 53.743, 53.626, 53.383, 53.46, 56.591, 51.793, 56.846, 81.823, 74.222], "totaltime": [67.124, 132.353, 133.103, 133.889, 134.621, 135.347, 136.00300000000001, 136.782, 137.58100000000002, 138.312, 138.966, 139.779, 140.607, 141.30700000000002, 142.043, 142.832, 143.531, 144.28500000000003, 145.799, 146.57500000000002, 147.38600000000002, 148.174, 149.80100000000002, 150.53400000000002, 151.353, 152.14700000000002, 153.81, 154.608, 155.189, 155.84300000000002, 156.596, 157.838, 158.619, 159.399, 160.27100000000002, 161.863, 162.946, 228.66000000000003, 285.576, 341.74899999999997, 395.495, 449.124, 502.51, 555.973, 612.567, 664.364, 721.2139999999999, 803.0409999999999, 877.289],