{"name": "a3c7_52", "initpts": [2, 15], "iterpts": [50], "num_tasks": 2, "obs": null, "acqtime": [66.491, 54.944, 56.739, 55.345, 55.425, 57.124, 55.792, 54.79, 57.939, 54.319, 78.049, 85.819], "bestacq": [[-50.0, -50.0, 0.0, 12.40512999999919], [-50.0, -50.0, 0.0, 12.40512999999919], [-50.0, -50.0, 0.0, 12.40512999999919], [19.945890899, 171.33418055, 0.0, 3.80170999999973], [19.945890899, 171.33418055, 0.0, 3.80170999999973], [19.945890899, 171.33418055, 0.0, 3.80170999999973], [19.945890899, 171.33418055, 0.0, 3.80170999999973], [19.945890899, 171.33418055, 0.0, 3.80170999999973], [19.945890899, 171.33418055, 0.0, 3.80170999999973], [234.77670528, -0.73191051625, 0.0, 0.04876000000513159], [234.77670528, -0.73191051625, 0.0, 0.04876000000513159], [234.77670528, -0.73191051625, 0.0, 0.04876000000513159], [234.77670528, -0.73191051625, 0.0, 0.04876000000513159]], "gmp": [[-50.0, -50.0, 0.0, 12.40512999999919, 1.0001999362e-08], [157.10643847, 190.80840946, 0.0, 5.349600000015926, 1.0488517874], [149.40606479, 189.88197723, 0.0, -1.4003999999840744, 1.5501706732], [124.62880652, 189.78671742, 0.0, 1.4451800000097137, 1.9609740592], [-43.713337841, 192.20097991, 0.0, 1.6956599999975879, 5.1851442002], [-41.122827676, 189.7041115, 0.0, 1.7967599999974482, 5.7080455908], [-41.195480195, 190.00514117, 0.0, 1.741390000010142, 5.7228933639], [59.049703416, 182.56363906, 0.0, 2.7060200000123587, 6.0487805072], [50.355514121, 181.36802914, 0.0, 3.025320000015199, 0.91384834609], [233.36625873, 1.5293076564, 0.0, 0.02606000000378117, 0.036111080826], [234.5465977, -3.7151875426, 0.0, -0.0025099999911617488, 0.044159713331], [234.38314023, -2.6930446787, 0.0, 0.02454000001307577, 0.017086953075], [234.5378559, -2.8018901692, 0.0, 0.022759999992558733, 0.016851981729]], "gmp_convergence": [[317.61890202, 0.45996146986], [7.7559030094, 0.44004318285], [24.777441387, 0.15198070069], [168.35945543, 0.01337821186], [3.5979292289, 0.0053918629859], [0.30967281008, 0.0028696070374], [100.52100671, 0.047941192168], [8.7760133653, 0.015359191045], [256.58312179, 0.13344163687], [5.3756794882, 0.0012712945533], [1.0351301268, 0.0012034796113], [0.18916733599, 7.9156286348e-05]], "GP_hyperparam": [[0.70153108294, 0.35643820731, -1.2188393541, 4.5691971624, 2.8382793302e-22, 3.8141373527e-08], [0.92022455452, 0.31813767428, 5.7277632892, 4.9779468644, 9.7820813609e-08, 1.7691249897e-08], [0.82797606344, 0.23703265806, 9.1802552128, 4.3043613975, 9.7820820505e-08, 1.7691249169e-08], [0.89005166035, 0.23971117931, 6.9003972557, 4.4267994364, 0.040269363173, 0.65319175395], [0.74685083737, 0.34358465813, 7.0668472256, 5.1769708762, 6.6444997955, 5.1402251497e-05], [0.71457013736, 0.39590250731, 7.1012547913, 5.6069586385, 7.595465992, 2.2541065988e-05], [0.72372443007, 0.40860583658, 6.9887003817, 5.6925745022, 8.0624805044, 2.2541328423e-05], [0.75040782503, 0.41066252214, 6.5324929618, 5.985826665, 10.009579324, 2.2542473244e-05], [0.79134597522, 0.41683737858, 6.4516123534, 6.0553367234, 12.027654078, 2.2543584961e-05], [0.71907074713, 0.4592503423, 7.6700367687, 6.0989246034, 19.651521093, 2.2548956721e-05], [0.74960506842, 0.44652545953, 7.7406374753, 5.9503361453, 21.255327716, 4.0698827826e-05], [0.75965927683, 0.44076035976, 7.6733665178, 5.8765880599, 17.380549618, 4.0685622837e-05], [0.78453782338, 0.45286159846, 7.9327319486, 5.9859368886, 17.864001232, 3.9683399709e-05]], "itertime": [0.001, 0.001, 0.001, 0.001, 0.001, 0.001, 0.001, 0.001, 0.001, 0.001, 0.001, 0.001, 0.001, 0.001, 0.001, 0.001, 1.204, 67.72, 56.348, 58.234, 56.616, 56.76, 58.444, 57.153, 56.098, 59.449, 55.893, 79.677, 87.621], "totaltime": [65.71199999999999, 131.313, 132.05899999999997, 132.83999999999997, 133.56699999999998, 134.28799999999998, 134.94, 135.71399999999997, 136.50799999999998, 137.23399999999998, 137.88299999999998, 138.69099999999997, 139.51399999999998, 140.20899999999997, 140.94, 141.72499999999997, 142.92899999999997, 210.64999999999998, 266.998, 325.23299999999995, 381.849, 438.61, 497.055, 554.208, 610.307, 669.758, 725.6510000000001, 805.328, 892.961],