{"name": "a3c7_38", "initpts": [2, 45], "iterpts": [50], "num_tasks": 2, "obs": null, "acqtime": [66.266, 53.396, 51.798, 51.055, 51.928, 51.768, 51.493, 51.718, 54.248, 50.448, 71.655, 62.901], "bestacq": [[-50.0, -50.0, 0.0, 12.40512999999919], [42.933019181, 178.05930599, 0.0, 2.256290000019362], [42.933019181, 178.05930599, 0.0, 2.256290000019362], [42.933019181, 178.05930599, 0.0, 2.256290000019362], [42.933019181, 178.05930599, 0.0, 2.256290000019362], [42.933019181, 178.05930599, 0.0, 2.256290000019362], [42.933019181, 178.05930599, 0.0, 2.256290000019362], [42.933019181, 178.05930599, 0.0, 2.256290000019362], [42.933019181, 178.05930599, 0.0, 2.256290000019362], [42.933019181, 178.05930599, 0.0, 2.256290000019362], [42.933019181, 178.05930599, 0.0, 2.256290000019362], [42.933019181, 178.05930599, 0.0, 2.256290000019362], [42.933019181, 178.05930599, 0.0, 2.256290000019362]], "gmp": [[59.453764329, 181.54905504, 0.0, 3.4380499999970198, 1.7469542919], [57.089472511, 184.5204554, 0.0, 1.8341099999961443, 1.0089545728], [52.614327374, 185.67426405, 0.0, 1.9812200000160374, 0.8647399368], [51.552078039, 186.4228238, 0.0, 1.989850000012666, 0.83020197494], [52.339527708, 187.57593607, 0.0, 1.9315300000016578, 0.95808529773], [51.593280837, 186.96854451, 0.0, 1.9630199999955948, 0.68391465793], [39.823849079, 181.68931677, 0.0, 2.2037899999995716, 0.068476922944], [40.449787116, 181.48229673, 0.0, 2.212260000000242, 0.054063875303], [39.772885117, 181.51718511, 0.0, 2.2067000000097323, 0.057361587392], [43.759079067, 183.00807217, 0.0, 2.17237000001478, 0.046717057706], [52.448996238, 177.95158869, 0.0, 2.0859500000078697, 0.062361657728], [52.156934311, 177.74991834, 0.0, 2.1104200000118, 0.060576828554], [52.888422426, 177.30447682, 0.0, 2.086150000017369, 0.070679694218]], "gmp_convergence": [[3.797248468, 0.086632352532], [4.6214930907, 0.0079457291683], [1.2995058086, 0.00046621163869], [1.3963326627, 0.0031500571498], [0.96218963824, 0.0017012042427], [12.899215846, 0.013004247807], [0.65928425138, 0.00045749968472], [0.67780049847, 0.00030049456735], [4.2558766946, 0.0018537785352], [10.053988544, 0.004667830315], [0.35492407466, 0.0013216448452], [0.85644206621, 0.0013110901527]], "GP_hyperparam": [[0.54615026298, 0.48051350297, 6.356834927, 6.6070119236, 0.066715113473, 1.6183465756], [0.54400470846, 0.4750254516, 7.0849528426, 6.0349754246, 3.7876527704, 7.992036576], [0.54851031568, 0.48140756409, 6.1369137287, 6.1386086797, 10.753872859, 8.8890264192], [0.55190969956, 0.48447325591, 5.8936151755, 6.1733745052, 11.550340031, 9.6678015609], [0.55417094313, 0.4859667549, 5.7722920815, 6.1326536446, 10.455388934, 10.729677871], [0.55889332221, 0.4909038469, 5.7115843135, 6.3907643815, 8.5976659397, 9.2856848792], [0.56255749673, 0.50120987098, 5.9913332005, 6.3035797279, 4.6565938763, 13.344513435], [0.56654304122, 0.50658499537, 6.1465608588, 6.4516838768, 4.7327914628, 13.378537124], [0.57094805752, 0.50943875412, 5.9961665908, 6.5572965729, 4.4790820778, 13.223672568], [0.58017985568, 0.51449351936, 6.7136451696, 6.6765406574, 1.1078696811, 14.521199893], [0.58591978179, 0.52375524261, 7.4015389048, 6.9829120228, 0.77587174004, 13.506917273], [0.59388552603, 0.52469760588, 7.9272138293, 7.1095377544, 0.71959188646, 13.12672577], [0.59173610981, 0.52447933863, 7.7309804325, 7.3304333301, 4.5007215342, 9.4148773966]], "itertime": [0.002, 0.002, 0.002, 0.002, 0.002, 0.002, 0.002, 0.002, 0.002, 0.002, 0.002, 0.002, 0.002, 0.002, 0.002, 0.002, 0.002, 0.002, 0.002, 0.002, 0.002, 0.002, 0.002, 0.002, 0.002, 0.002, 0.002, 0.002, 0.002, 0.002, 0.002, 0.002, 0.002, 0.002, 0.002, 0.002, 0.002, 0.002, 0.002, 0.002, 0.002, 0.002, 0.002, 0.002, 0.002, 0.002, 1.223, 67.296, 54.7, 53.01, 52.347, 53.143, 52.95, 52.632, 53.172, 55.735, 51.962, 73.148, 64.598], "totaltime": [66.964, 132.854, 133.60500000000002, 134.39000000000001, 135.122, 135.848, 136.50500000000002, 137.28300000000002, 138.08200000000002, 138.81300000000002, 139.46800000000002, 140.28, 141.108, 141.809, 142.544, 143.33300000000003, 144.032, 144.786, 146.3, 147.07600000000002, 147.887, 148.675, 150.30200000000002, 151.03500000000003, 151.85500000000002, 152.64800000000002, 154.311, 155.109, 155.69, 156.344, 157.097, 158.339, 159.12, 159.9, 160.772, 162.364, 163.135, 163.925, 164.635, 166.359, 167.162, 167.935, 168.654, 170.366, 171.133, 171.847, 173.074, 240.37400000000002, 295.07800000000003, 348.09200000000004, 400.44300000000004, 453.59, 506.54400000000004, 559.1800000000001, 612.3560000000001, 668.095, 720.061, 793.2130000000001, 857.8720000000001],