{"name": "a3c7_54", "initpts": [2, 25], "iterpts": [50], "num_tasks": 2, "obs": null, "acqtime": [66.562, 54.873, 54.672, 55.169, 55.003, 55.258, 53.375, 54.839, 58.651, 59.081, 101.314], "bestacq": [[-50.0, -50.0, 0.0, 12.40512999999919], [-50.0, -50.0, 0.0, 12.40512999999919], [-50.0, -50.0, 0.0, 12.40512999999919], [213.88916612, 164.75942063, 0.0, 6.001439999992726], [-21.555188027, 162.52796079, 0.0, 5.344440000015311], [65.234363759, 195.18237737, 0.0, 3.212469999998575], [65.234363759, 195.18237737, 0.0, 3.212469999998575], [209.71858327, 22.401831316, 0.0, 2.751940000016475], [209.71858327, 22.401831316, 0.0, 2.751940000016475], [209.71858327, 22.401831316, 0.0, 2.751940000016475], [243.79393372, -4.5029171047, 0.0, 0.15794000000460073], [243.79393372, -4.5029171047, 0.0, 0.15794000000460073]], "gmp": [[79.540709159, 183.3786062, 0.0, 2.786920000013197, 2.4122055242], [197.03193327, 11.4818487, 0.0, -0.3513999999850057, 1.5510061774], [198.24501751, 10.898738757, 0.0, -5.041639999981271, 3.2421627574], [200.18550995, 11.706492104, 0.0, -2.672129999991739, 4.5312633866], [62.571209917, 182.4544454, 0.0, 2.602710000006482, 26.903112458], [58.895628686, 183.40433061, 0.0, 2.6229500000190455, 1.386449978], [56.905062154, 182.33948165, 0.0, 2.5134600000164937, 1.3514270508], [59.056386827, 181.40185975, 0.0, 2.394960000005085, 1.2866721262], [205.29152139, 15.002827871, 0.0, 2.4088300000003073, 0.4283342631], [56.31588116, 180.73497246, 0.0, 2.283549999992829, 0.10549465955], [231.37988353, -0.87656282467, 0.0, -0.15022999999928288, 0.33281839742], [241.15790013, 3.3088872222, 0.0, -0.12781999999424443, 0.13223199579]], "gmp_convergence": [[208.21307112, 0.17316776225], [1.3459534105, 0.25880070767], [2.1018982724, 0.13074604154], [219.30015761, 0.27322958209], [3.7963376155, 0.00097444745146], [2.2574894075, 0.0051004350015], [2.3467706882, 0.0052865330154], [221.52506041, 0.0006041916785], [222.84722375, 0.0053200042983], [252.25018271, 0.10014056019], [10.636145956, 0.00091823617361]], "GP_hyperparam": [[0.6505364847, 0.35151811749, 5.5993664168, 5.6570303429, 1.9926949244, 0.42398997301], [0.57493729816, 0.49608355912, 10.064129692, 7.2244201962, 6.6490688672e-07, 1.5604936742e-09], [0.53650830295, 0.44989802262, 12.105614631, 6.2453902615, 2.744892889e-07, 5.9788534253e-11], [0.53135637922, 0.44182702682, 9.9571034677, 6.5773008853, 1.495278722, 6.2064653267e-06], [0.63068399843, 0.47875297603, 7.0570813333, 6.9200079478, 40.615306803, 6.2103893726e-06], [0.65106577058, 0.52522764931, 7.3724824021, 7.3718733042, 35.447908644, 2.8479538455], [0.66511736838, 0.55701229148, 7.6913093061, 7.6910754518, 30.026490284, 5.5110808034], [0.63613987822, 0.57037195129, 9.0096026099, 8.1289536427, 27.498483769, 7.7033990675e-05], [0.64487412772, 0.59228475541, 9.2519774304, 8.4376968619, 26.527210471, 7.7019287003e-05], [0.664826557, 0.62405563225, 9.6147632035, 8.8956433048, 27.021948606, 0.000282272309], [0.67315625117, 0.61095529633, 8.7520585694, 8.547529524, 52.864536816, 0.00028454232735], [0.65975860682, 0.59027959042, 8.8054734422, 8.2463430829, 51.854536402, 0.00010529255553]], "itertime": [0.001, 0.001, 0.001, 0.001, 0.001, 0.001, 0.001, 0.001, 0.001, 0.001, 0.001, 0.001, 0.001, 0.001, 0.001, 0.001, 0.001, 0.001, 0.001, 0.001, 0.001, 0.001, 0.001, 0.0, 0.0, 0.001, 1.371, 67.886, 56.094, 56.06, 56.668, 56.462, 56.787, 54.946, 56.273, 60.184, 60.527, 102.932], "totaltime": [66.084, 131.768, 132.513, 133.294, 134.021, 134.742, 135.394, 136.168, 136.96200000000002, 137.688, 138.33800000000002, 139.146, 139.969, 140.66400000000002, 141.39499999999998, 142.179, 142.87300000000002, 143.622, 145.131, 145.903, 146.709, 147.49200000000002, 149.114, 149.842, 150.655, 151.44400000000002, 152.815, 220.702, 276.797, 332.858, 389.527, 445.99, 502.77799999999996, 557.725, 613.999, 674.184, 734.712, 837.645], "boss.in": ["\n", "-----------------------------   Welcome to ....   ------------------------------\n", "                      _______  _______ _______ _______ \n", "                     |   _   \\|   _   |   _   |   _   |\n", "                     |.  1   /|.  |   |   1___|   1___|\n", "                     |.  _   \\|.  |   |____   |____   |\n", "                     |:  1    |:  1   |:  1   |:  1   |\n", "                     |::.. .  |::.. . |::.. . |::.. . |\n", "                     `-------'`-------`-------`-------'\n", "\n", "                                 Version 0.9.15                                 \n", "                              30-09-2020 17:26:07                               \n", "--------------------------------------------------------------------------------\n", "\n", "| Reading BOSS input file from: in_2D\n", "| Initializing...\n", "\n", "--------------------------------------------------------------------------------\n", "                                   INPUT FILE                                   \n", "--------------------------------------------------------------------------------\n", "# input file for alanine 2D (d4-d13)\n", "\n", "# optimization\n", "userfn       userfn_2D.py\n", "bounds       -50 310; -50 310\n", "kernel       stdp\n", "num_tasks    2\n", "initpts 2 25\n", "iterpts      50\n", "verbosity    2\n", "W_prior      gaussian\n", "W_priorparam 10.062 3.953\n", "thetaprior gamma\n", "thetapriorparam 2 0.016; 3.3678 9.0204; 3.3678 9.0204\n", "RESULTS:\n", "-5.000000000000000E+01 -5.000000000000000E+01 0 -2.030049146092371E+05 \n", "1.300000000000000E+02 1.300000000000000E+02 0 -2.030038208770180E+05 \n", "7.995768777922642E+00 2.622073804431099E+02 1 3.338490000000000E+01 \n", "1.361129454742689E+02 1.890543144761587E+02 1 2.117780000000000E+01 \n", "3.060125236296456E+02 2.014881465412536E+02 1 2.190070000000000E+01 \n", "1.791501794849083E+02 2.765201488156509E+02 1 3.580480000000000E+01 \n", "1.247841794181259E+02 1.253161024399498E+02 1 2.859680000000000E+01 \n", "-4.183478637883191E+01 2.247754273385033E+02 1 2.563460000000000E+01 \n", "4.042078442084353E+00 2.833195207672877E+02 1 3.440890000000000E+01 \n", "6.006625147242033E+01 5.607230413774668E+01 1 3.158770000000000E+01 \n", "2.824591824676401E+02 8.733497802283350E+01 1 3.651720000000000E+01 \n", "2.308857506826149E+02 -4.348500539059306E+01 1 2.974380000000000E+01 \n", "2.637560403513044E+02 3.026063286741615E+02 1 3.091960000000000E+01 \n", "1.456510836207618E+02 1.065773672830548E+02 1 3.102800000000000E+01 \n", "2.498675809883969E+02 3.205682282144933E+01 1 2.618560000000000E+01 \n", "1.964384275559904E+02 2.844634879903527E+02 1 3.586640000000000E+01 \n", "9.655150985671881E-01 2.180869479260165E+02 1 2.503030000000000E+01 \n", "6.286781825770584E+01 2.758675567459083E+01 1 2.790440000000000E+01 \n", "1.372878807686562E+02 2.505261113104165E+02 1 3.366600000000000E+01 \n", "2.649507236551389E+02 2.379301391817942E+02 1 3.297860000000000E+01 \n", "2.797861550528711E+01 2.884495225968018E+02 1 3.416710000000000E+01 \n", "8.336542981295858E+01 1.773128592134727E+02 1 1.839420000000000E+01 \n", "4.435478718055121E+01 2.490460000762928E+02 1 2.969300000000000E+01 \n", "1.225290584506745E+02 2.412753075786815E+02 1 3.141840000000000E+01 \n", "3.854856359242393E+01 1.308501719513262E+02 1 2.575160000000000E+01 \n", "1.166737728626051E+02 5.827322503129257E+01 1 3.351220000000000E+01 \n", "1.859328259558109E+02 -4.275394410189080E-01 1 1.906640000000000E+01 \n", "--------------------------------------------------------------------------------\n", "                               SIMULATION OPTIONS                               \n", "--------------------------------------------------------------------------------\n", "|| File input/output \n", "ipfile         in_2D\n", "userfn         userfn_2D.py\n", "outfile        boss.out\n", "rstfile        boss.rst\n", "\n", "|| Key settings \n", "num_tasks         2\n", "bounds         -5.000E+01 3.100E+02;    -5.000E+01 3.100E+02\n", "kerntype       stdp stdp\n", "yrange         -5.000E+01 3.100E+02;    -5.000E+01 