{"name": "a3c7_10", "initpts": [2, 5], "iterpts": [50], "num_tasks": 2, "obs": null, "acqtime": [64.517, 59.459, 54.684, 53.338, 56.314, 56.161, 53.003, 58.479, 55.04, 55.055, 59.342, 57.445, 55.937, 53.898, 59.719, 53.767, 59.592, 53.347, 57.078, 68.618, 77.051, 69.433, 66.335, 93.975], "bestacq": [[-50.0, -50.0, 0.0, 12.40512999999919], [225.98325926, 188.64125153, 0.0, 5.508789999992587], [37.563448138, 185.88216646, 0.0, 2.631890000018757], [37.563448138, 185.88216646, 0.0, 2.631890000018757], [37.563448138, 185.88216646, 0.0, 2.631890000018757], [37.563448138, 185.88216646, 0.0, 2.631890000018757], [37.563448138, 185.88216646, 0.0, 2.631890000018757], [37.563448138, 185.88216646, 0.0, 2.631890000018757], [37.563448138, 185.88216646, 0.0, 2.631890000018757], [37.563448138, 185.88216646, 0.0, 2.631890000018757], [37.563448138, 185.88216646, 0.0, 2.631890000018757], [37.563448138, 185.88216646, 0.0, 2.631890000018757], [37.563448138, 185.88216646, 0.0, 2.631890000018757], [37.563448138, 185.88216646, 0.0, 2.631890000018757], [37.563448138, 185.88216646, 0.0, 2.631890000018757], [245.25510245, -10.883219321, 0.0, 0.8916000000026543], [245.25510245, -10.883219321, 0.0, 0.8916000000026543], [245.25510245, -10.883219321, 0.0, 0.8916000000026543], [245.25510245, -10.883219321, 0.0, 0.8916000000026543], [234.17627707, 7.7610261098, 0.0, 0.3517600000195671], [234.17627707, 7.7610261098, 0.0, 0.3517600000195671], [235.55228701, 0.36117924669, 0.0, 0.010269999998854473], [235.55228701, 0.36117924669, 0.0, 0.010269999998854473], [235.55228701, 0.36117924669, 0.0, 0.010269999998854473], [235.55228701, 0.36117924669, 0.0, 0.010269999998854473]], "gmp": [[132.67566261, 194.10751497, 0.0, 7.421170000015991, 0.63929391967], [294.10141442, 196.23423674, 0.0, 4.454649999999674, 6.025075985], [0.64065223525, 192.30023073, 0.0, 2.438129999994999, 7.4874174273], [65.27006373, 191.73577083, 0.0, 2.3948899999959394, 5.311332932], [16.19958553, 185.17819342, 0.0, 2.4878200000093784, 2.0103801527], [8.8021774688, 183.10722868, 0.0, 2.2597100000130013, 1.8077139866], [16.763791574, 181.84870737, 0.0, 2.385550000006333, 0.73673464609], [4.2092329824, 182.65227619, 0.0, 2.3451099999947473, 1.2024251583], [64.796571912, 178.92219389, 0.0, 2.2317299999995157, 0.11087832883], [57.169862943, 178.16046777, 0.0, 2.1982800000114366, 0.04831590622], [56.370790687, 178.34096621, 0.0, 2.258990000002086, 0.023826976045], [57.660055835, 178.49225785, 0.0, 2.264209999993909, 0.012340133915], [64.000629623, 180.29066784, 0.0, 2.2337700000207406, 0.030380522978], [62.941902265, 180.32095253, 0.0, 2.20195000001695, 0.039170597824], [64.421681016, 180.62188382, 0.0, 2.264209999993909, 0.035061079057], [245.77320059, -11.651294007, 0.0, 0.8876199999940582, 0.0072784813987], [232.0279567, -1.0261729814, 0.0, 0.25732000000425614, 0.43158153978], [236.49157725, 1.6518445725, 0.0, 0.14026000001467764, 0.30477997017], [235.10163315, 1.6818749403, 0.0, 0.07198000000789762, 0.16661137562], [235.35545272, 1.2669494343, 0.0, 0.14745000001857989, 0.0040711725098], [235.33886944, 1.2947595631, 0.0, 0.14878000001772307, 0.0037737877146], [235.79791407, 0.57398204043, 0.0, 0.009690000006230548, 4.6494120109e-06], [236.38686693, 0.497907908, 0.0, 0.008449999993899837, 2.1201306088e-05], [236.17776585, 0.61647429309, 0.0, 0.008600000001024455, 1.4934445465e-05], [238.21939066, 0.52758605502, 0.0, -0.004759999981615692, 1.6473742103e-06]], "gmp_convergence": [[161.43976057, 0.20281111831], [293.48712978, 0.13786275169], [64.631876386, 0.0024488651434], [49.506703105, 0.0052627796616], [7.6818318758, 0.012918580795], [8.0604699032, 0.0068934915182], [12.580248976, 0.0022152848455], [60.702052292, 0.0062109940044], [7.6646537024, 0.0018320490061], [0.81920458819, 0.0033253117695], [1.2981116214, 0.0002810281636], [6.5906869469, 0.0016046689257], [1.0591604137, 0.0016761120801], [1.5100678105, 0.003376659391], [264.30540774, 0.068844342285], [17.373109285, 0.031521785898], [5.2053517073, 0.005854327828], [1.3902684708, 0.0034149869354], [0.48640265989, 0.0036754324564], [0.032379134354, 6.4558368043e-05], [0.85454210833, 0.0066621706804], [0.59384571621, 5.9795337765e-05], [0.24037730589, 7.5289684065e-06], [2.0435589059, 0.00064032056017]], "GP_hyperparam": [[0.40625340594, 0.30646791642, 5.5538936039, 7.1741392525, 2.5447392071e-15, 2.5688129082e-07], [0.52391077843, 0.27324137121, 6.4123379933, 6.5283189426, 3.0423945498, 2.568007739], [0.58389856095, 0.28351282603, 6.1840684581, 6.1840092675, 6.6546341655, 5.590022439], [0.6403147474, 0.26274191685, 6.9918925919, 6.2475942891, 3.5154474366, 5.7299981223e-05], [0.65501147596, 0.28222032936, 6.3537988527, 6.3874647502, 4.7983958482, 5.7304686545e-05], [0.70030502789, 0.32372244291, 6.1606513755, 6.3068437904, 4.0416701194, 3.5389464749], [0.76888078925, 0.35109141989, 6.4675888518, 6.2808847889, 1.8728952704, 1.5007738258], [0.8223506127, 0.35194563339, 6.3738120446, 5.9723130791, 2.5477562379, 0.0004141137192], [0.90286648019, 0.39368119284, 6.5088307048, 6.2176770565, 4.7938976763, 0.00035790077842], [0.99288563482, 0.41673684261, 6.3898281474, 6.6327118581, 5.8504122816, 0.00035803934653], [1.1245223273, 0.4283103438, 6.3980093242, 6.465794809, 5.8729530622, 1.2198613561], [1.2112738281, 0.46681461684, 6.5672516409, 6.5704594656, 6.6667697552, 1.6547532463], [0.90513851563, 0.47384993958, 7.1017084533, 7.1021213401, 7.949485279, 1.4927001914], [0.85660793452, 0.49587257245, 7.1909229266, 7.1903750442, 8.2883898276, 0.69520689138], [0.88712904323, 0.4321917096, 7.0392897121, 6.7863211194, 8.3025733881, 0.00058049696196], [0.84200811462, 0.47330428943, 8.8134779624, 7.6046779813, 11.62511135, 2.7090596095e-05], [0.78931985729, 0.48241270169, 8.7304244281, 7.7424912357, 12.612998067, 2.7091309877e-05], [0.81644188361, 0.49383083986, 8.8451522423, 7.676099996, 14.080076263, 2.7092433155e-05], [0.84886481696, 0.50748718934, 8.966282711, 7.7332526266, 15.330961783, 2.7093295644e-05], [0.88450428408, 0.52020536766, 9.1211456632, 7.7628117353, 16.803198854, 2.7094317748e-05], [0.92741833548, 0.52027542154, 9.1724819751, 7.7338755764, 17.544207472, 2.7094516129e-05], [0.88459203469, 0.45055643714, 8.2478953275, 7.1508232217, 20.434375077, 2.7096900879e-05], [0.9003833193, 0.42881362428, 7.9780213552, 7.1858378513, 19.412098006, 2.7095621576e-05], [0.92533684979, 0.42646036436, 8.1721730012, 7.187388109, 17.725995857, 0.00012742072484], [0.9217658146, 0.43250698827, 8.4277203262, 7.079666284, 20.791717263, 0.00012747729883]], "itertime": [0.001, 0.001, 0.001, 0.001, 0.001, 0.001, 1.734, 65.472, 60.569, 56.064, 54.484, 57.681, 57.341, 54.321, 59.965, 56.325, 56.351, 60.749, 59.009, 57.498, 55.598, 61.353, 55.563, 61.438, 55.074, 58.912, 70.606, 79.056, 71.444, 68.453, 96.035], "totaltime": [67.145, 133.031, 133.776, 134.55700000000002, 135.284, 136.005, 137.74, 203.213, 263.78200000000004, 319.84700000000004, 374.332, 432.013, 489.354, 543.676, 603.643, 659.972, 716.323, 777.072, 836.082, 893.582, 949.181, 1010.534, 1066.0990000000002, 1127.537, 1182.615, 1241.528, 1312.137, 1391.251, 1462.891, 1531.414, 1627.488],