{"name": "a3c7_14", "initpts": [2, 25], "iterpts": [50], "num_tasks": 2, "obs": null, "acqtime": [54.284, 53.257, 54.534, 52.91, 53.441, 51.349, 55.874, 52.586, 56.829, 56.519, 54.85, 56.548, 55.486, 58.318, 54.327, 52.763, 55.631, 57.661, 55.027, 53.636, 51.673], "bestacq": [[-50.0, -50.0, 0.0, 12.40512999999919], [-50.0, -50.0, 0.0, 12.40512999999919], [-50.0, -50.0, 0.0, 12.40512999999919], [214.67068791, 167.12132675, 0.0, 5.678870000003371], [-21.133214908, 176.22952159, 0.0, 3.924880000005942], [65.297580412, 195.13458107, 0.0, 3.2056500000180677], [65.297580412, 195.13458107, 0.0, 3.2056500000180677], [65.297580412, 195.13458107, 0.0, 3.2056500000180677], [65.297580412, 195.13458107, 0.0, 3.2056500000180677], [65.297580412, 195.13458107, 0.0, 3.2056500000180677], [228.12962483, -4.4831340714, 0.0, 0.5986299999931362], [228.12962483, -4.4831340714, 0.0, 0.5986299999931362], [228.12962483, -4.4831340714, 0.0, 0.5986299999931362], [228.12962483, -4.4831340714, 0.0, 0.5986299999931362], [228.12962483, -4.4831340714, 0.0, 0.5986299999931362], [228.12962483, -4.4831340714, 0.0, 0.5986299999931362], [228.12962483, -4.4831340714, 0.0, 0.5986299999931362], [232.42989494, 4.8629467403, 0.0, 0.09802000000490807], [232.42989494, 4.8629467403, 0.0, 0.09802000000490807], [239.37432877, 0.2925036776, 0.0, 0.003259999997681007], [239.37432877, 0.2925036776, 0.0, 0.003259999997681007], [239.37432877, 0.2925036776, 0.0, 0.003259999997681007]], "gmp": [[79.516533195, 183.38623876, 0.0, 2.927010000013979, 2.36308243], [78.890811658, 182.65711592, 0.0, 5.175580000010086, 1.1364052417], [198.72052589, 12.198176185, 0.0, 0.6069300000090152, 1.668058277], [62.789758762, 182.22627204, 0.0, 3.0042600000160746, 24.039169018], [-44.993737521, 185.02135827, 0.0, 3.26535000000149, 3.3259849838], [55.663821624, 184.40560461, 0.0, 2.693679999996675, 0.98607590396], [58.324709492, 183.22071297, 0.0, 2.612070000002859, 0.99497156622], [56.604843386, 183.09044855, 0.0, 2.5754500000039116, 0.91618613335], [58.27997679, 183.94497697, 0.0, 2.69328000000678, 0.60649307731], [53.943032626, 181.67043349, 0.0, 2.398170000000391, 0.074121296707], [222.04305555, -0.10142953953, 0.0, 0.46051999999326654, 0.066752351256], [222.24859349, -0.32909249147, 0.0, 0.4742700000060722, 0.054369466975], [221.49422252, -0.044045696568, 0.0, 0.44828000001143664, 0.065272492984], [235.6003787, 2.7739312399, 0.0, 0.0997100000095088, 0.12712028433], [233.00161575, 1.8664978389, 0.0, 0.2683100000140257, 0.017743080263], [231.40016287, 3.4713738689, 0.0, 0.19753000000491738, 0.010057786283], [231.32728403, 3.5015702994, 0.0, 0.21278000000165775, 0.0089660502399], [231.72530266, 3.8512528239, 0.0, 0.08871000001090579, 6.4840813229e-05], [231.70922413, 3.8272076537, 0.0, 0.08822000000509433, 6.2640189204e-05], [237.25804769, 0.99249902796, 0.0, -0.005799999984446913, 1.1949545003e-05], [237.24207326, 0.97855332957, 0.0, -0.005299999989802018, 1.3687077901e-05], [237.27226337, 0.97313212974, 0.0, -0.00487000000430271, 1.3143731271e-05]], "gmp_convergence": [[0.96080568424, 0.12407222984], [208.36364977, 0.25209101167], [217.6849256, 0.12792924055], [107.81973186, 0.012831277885], [100.65944251, 0.026466251995], [2.9127808752, 0.0036262992836], [1.7247922311, 0.0015890614145], [1.8805027877, 0.0050257232393], [4.8972066272, 0.012330473919], [247.5855971, 0.078823002992], [0.3067185484, 0.00055981003913], [0.80642869361, 0.0010451318606], [14.384875253, 0.013939496331], [2.7526358704, 0.0066749815685], [2.2672182061, 0.0027782466503], [0.078886947061, 0.00059595839283], [0.52980817426, 0.0047823600433], [0.028925582389, 1.9003099091e-05], [6.2309723024, 0.0035576102983], [0.021205298108, 1.9104848557e-05], [0.030672980508, 1.7223454196e-05]], "GP_hyperparam": [[0.65055880879, 0.35168787653, 5.6652571587, 5.5213244578, 0.40578206983, 1.9716996902], [0.61199453648, 0.35900708327, 4.6509612465, 5.6389695169, 0.28226390052, 1.2471332526], [0.54801122638, 0.48184309652, 8.8719836866, 7.0275230747, 2.5068816104e-09, 1.7108020969e-07], [0.6281930221, 0.48552437125, 6.9907964825, 6.9754980901, 29.574885373, 0.074793109355], [0.65226077876, 0.53068080791, 7.1385269773, 6.9465784466, 20.647204258, 9.9182564971], [0.67145649521, 0.5631069751, 7.4672351878, 7.3528501357, 18.872612553, 11.989884155], [0.64381929185, 0.5624473765, 8.1112936044, 8.0253971185, 24.743725393, 0.00062088519081], [0.6603135608, 0.59093079254, 8.3930380398, 8.3933453983, 22.581486823, 1.0673379236], [0.66807168831, 0.6094237167, 8.6045486594, 8.6284247543, 20.816179013, 1.7529967617], [0.68627014899, 0.64289657668, 9.0116611004, 9.127477855, 20.81522802, 1.7650710015], [0.68146177386, 0.62133544995, 8.5583385527, 8.5585584667, 36.977289589, 3.5459690127], [0.69175037148, 0.64420626971, 8.759925542, 8.7603316897, 33.032290209, 5.5687341499], [0.71050788607, 0.66021645435, 9.2135817083, 9.2134070632, 38.139320216, 1.2592810258], [0.68415405513, 0.62638130187, 8.1697834111, 8.169759302, 33.577954887, 10.775618707], [0.68419889773, 0.62302936385, 8.0639519605, 8.1684986203, 32.904399793, 10.194344853], [0.69005646534, 0.62283860739, 8.2174677142, 8.2172176445, 30.848997665, 10.530417629], [0.69642350429, 0.63667114424, 8.2311726714, 8.170302259, 27.360121981, 14.965516713], [0.71348675184, 0.6304210885, 8.8018465781, 8.8020734036, 34.56400544, 4.9242965789], [0.72755864187, 0.64080140575, 9.0471099605, 9.0163109388, 34.560314813, 4.9194804244], [0.71170241158, 0.54436370476, 8.843271947, 8.3496418642, 36.864965987, 0.00015476525748], [0.69456356792, 0.5507040292, 9.0335460787, 8.2519865986, 37.442461676, 0.00053030964914], [0.69450626532, 0.56737990275, 9.3491421411, 8.4069937624, 35.224525091, 7.5340490007e-05]], "itertime": [0.001, 0.001, 0.001, 0.001, 0.002, 0.002, 0.002, 0.002, 0.002, 0.002, 0.001, 0.001, 0.001, 0.001, 0.001, 0.001, 0.001, 0.001, 0.001, 0.001, 0.001, 0.002, 0.002, 0.002, 0.002, 0.002, 1.318, 55.458, 54.586, 55.713, 54.081, 54.581, 52.939, 57.125, 53.791, 58.078, 58.227, 56.369, 58.248, 57.42, 59.829, 55.915, 54.244, 57.685, 59.28, 57.113, 55.512, 53.971], "totaltime": [73.84700000000001, 147.28599999999997, 148.033, 148.81599999999997, 149.54799999999997, 150.27299999999997, 150.928, 151.707, 152.505, 153.23499999999999, 153.887, 154.696, 155.52, 156.21499999999997, 156.94599999999997, 157.73, 158.424, 159.173, 160.68200000000002, 161.45399999999998, 162.261, 163.048, 164.67499999999998, 165.409, 166.228, 167.022, 168.343, 223.80399999999997, 278.392, 334.10799999999995, 388.193, 442.775, 495.714, 552.843, 606.6339999999999, 664.713, 722.9440000000001, 779.314, 837.564, 894.987, 954.82, 1010.7399999999999, 1064.9850000000001, 1122.67, 1181.951, 1239.0680000000002, 1294.5810000000001, 1348.5520000000001],