{"name": "a3c7_18", "initpts": [2, 45], "iterpts": [50], "num_tasks": 2, "obs": null, "acqtime": [55.048, 52.998, 56.359, 53.223, 53.276, 53.522, 57.248, 52.404, 55.093, 56.99, 56.727, 52.898, 53.659, 55.575, 54.076, 53.246, 57.629, 53.611, 53.236, 57.286, 55.165], "bestacq": [[-50.0, -50.0, 0.0, 12.40512999999919], [194.99845372, 7.1840105525, 0.0, 2.557250000012573], [194.99845372, 7.1840105525, 0.0, 2.557250000012573], [194.99845372, 7.1840105525, 0.0, 2.557250000012573], [194.99845372, 7.1840105525, 0.0, 2.557250000012573], [194.99845372, 7.1840105525, 0.0, 2.557250000012573], [194.99845372, 7.1840105525, 0.0, 2.557250000012573], [194.99845372, 7.1840105525, 0.0, 2.557250000012573], [194.99845372, 7.1840105525, 0.0, 2.557250000012573], [194.99845372, 7.1840105525, 0.0, 2.557250000012573], [194.99845372, 7.1840105525, 0.0, 2.557250000012573], [237.54923669, -10.250501986, 0.0, 1.0613200000079814], [237.54923669, -10.250501986, 0.0, 1.0613200000079814], [237.54923669, -10.250501986, 0.0, 1.0613200000079814], [230.72928133, 8.4380578055, 0.0, 0.3747000000148546], [230.72928133, 8.4380578055, 0.0, 0.3747000000148546], [230.72928133, 8.4380578055, 0.0, 0.3747000000148546], [230.72928133, 8.4380578055, 0.0, 0.3747000000148546], [230.72928133, 8.4380578055, 0.0, 0.3747000000148546], [230.72928133, 8.4380578055, 0.0, 0.3747000000148546], [244.90628105, 1.0175594494, 0.0, 0.08749999999417923], [232.98944263, 0.86042805904, 0.0, 0.0298999999940861]], "gmp": [[59.460758559, 181.53952913, 0.0, 3.309370000002673, 1.7811815358], [54.623214724, 184.19294802, 0.0, 1.741390000010142, 11.141466915], [193.68345553, 7.8884928226, 0.0, 2.552770000009332, 0.0096732588449], [51.012345279, 185.85569327, 0.0, 2.5402500000200234, 0.65916388518], [193.56469693, 7.9840851557, 0.0, 2.5521799999987707, 0.012097122667], [195.39912122, 7.5975830152, 0.0, 2.555980000004638, 0.0013104584619], [195.47801906, 7.654932891, 0.0, 2.5556199999991804, 0.0016932039585], [48.899558745, 186.46350316, 0.0, 2.487359999999171, 0.35642740444], [49.281122823, 186.11902055, 0.0, 2.486620000010589, 0.35532430637], [201.59257204, 7.5644230538, 0.0, 2.488710000005085, 0.06800723863], [209.7955898, 0.98574948241, 0.0, 2.0787899999995716, 0.25614139666], [229.09543379, -4.1689396559, 0.0, 0.81950000001234, 0.074732398026], [232.01160658, -4.5363446507, 0.0, 0.8763400000170805, 0.0666125753], [236.01921753, -4.5941039813, 0.0, 0.8770300000032876, 0.055614295607], [230.80333466, 2.3405530345, 0.0, 0.15833000000566244, 0.0054748466119], [231.17454149, 2.26962829, 0.0, 0.14772000000812113, 0.0054163941497], [231.4727585, 2.1508655288, 0.0, 0.12455999999656342, 0.0050696320721], [231.47954014, 2.1482019384, 0.0, 0.12397000001510605, 0.0049392893734], [231.76358309, 2.1217439058, 0.0, 0.12007000000448897, 0.0048283790804], [232.15455095, 2.048764234, 0.0, 0.10713000001851469, 0.0048486965883], [238.16118355, 1.5790918334, 0.0, -0.002059999998891726, 0.0017624441123], [237.59891334, 1.5125429521, 0.0, -0.01704000000609085, 0.00011808353751]], "gmp_convergence": [[5.5174688199, 0.084690099901], [224.54623465, 0.04382428386], [228.09509011, 0.00067591358725], [227.94622596, 0.00064413309852], [1.8746990199, 0.00020548956743], [0.097539104418, 1.9526671651e-05], [231.20932038, 0.0036868887606], [0.51406168413, 3.9968784715e-05], [234.69239836, 0.00011296112359], [10.515153172, 0.022140847233], [19.976355984, 0.068016721673], [2.9392261149, 0.0030701013347], [4.008027157, 3.7310807572e-05], [8.6772635139, 0.038818162967], [0.37792172541, 0.00057310590798], [0.32099529008, 0.00106082325], [0.0072859724605, 2.656061038e-05], [0.2852725464, 0.00017601889751], [0.3977208846, 0.00058516289184], [6.0249669947, 0.0048720800469], [0.56619478749, 0.000660744929]], "GP_hyperparam": [[0.54599936224, 0.4803088808, 6.3271393279, 6.7136844601, 1.4335970337, 0.11650263815], [0.54474800139, 0.47727064778, 6.5017547542, 6.1735000523, 5.4803242645, 6.9914577248], [0.54766185486, 0.48028967896, 6.2422691985, 6.054476315, 7.9654310994, 9.5167136385], [0.55236704135, 0.48477694475, 5.8873029127, 6.0707776942, 9.5775723677, 11.045212388], [0.55401254156, 0.48545092427, 5.7006074053, 6.0813443444, 9.7165134628, 11.224736362], [0.5585431297, 0.49010390125, 5.6339402296, 6.3283237934, 7.9121538291, 9.8481180104], [0.56371200837, 0.49222509043, 5.6254427602, 6.1690124581, 5.6968610105, 13.01511113], [0.56880300826, 0.49856861809, 5.6410991148, 6.4003980312, 4.7948914609, 12.392317728], [0.57267421021, 0.50402788616, 5.8138428714, 6.5477557111, 4.8125271249, 12.41425025], [0.57950416827, 0.51089109334, 5.9206714762, 6.6876460133, 3.6188454353, 13.514697053], [0.57491190216, 0.50879964142, 6.4962616094, 6.5109685899, 1.4492862956, 14.578615099], [0.56479780429, 0.50476879095, 5.7958892626, 6.0459951792, 3.6078198311, 17.649435363], [0.56851965492, 0.51451265006, 6.7812255847, 6.3786791176, 2.5224376931, 16.290631938], [0.57711126473, 0.51710165899, 7.0849336304, 6.9168385364, 5.8252363627, 11.129340311], [0.55707477085, 0.50886316488, 6.4865072335, 6.3819367601, 7.6912262258, 13.117893633], [0.56096000593, 0.50716142154, 6.7644073574, 6.4733873363, 7.3888512604, 12.745987294], [0.56162546756, 0.50599661014, 6.8752408836, 6.7805159468, 9.1473209758, 8.2297682321], [0.56848004238, 0.51345394491, 7.0791052714, 6.9297570459, 9.5059121594, 8.5879641639], [0.57713050143, 0.51541796786, 7.2947161375, 7.0288086678, 9.6298667032, 8.6901046912], [0.57839655521, 0.51365016603, 7.2540925403, 7.2128643543, 12.248323914, 5.7740552359], [0.58002304411, 0.51853488652, 8.1730239309, 7.3693604334, 12.045844815, 5.4066283684], [0.58863694073, 0.52443399834, 8.4837770898, 7.5616969149, 12.197970851, 5.5101331931]], "itertime": [0.001, 0.001, 0.002, 0.002, 0.003, 0.003, 0.001, 0.002, 0.001, 0.002, 0.001, 0.001, 0.001, 0.001, 0.001, 0.001, 0.001, 0.001, 0.001, 0.002, 0.002, 0.002, 0.002, 0.002, 0.002, 0.002, 0.002, 0.002, 0.002, 0.002, 0.002, 0.002, 0.002, 0.002, 0.002, 0.001, 0.001, 0.001, 0.001, 0.0, 0.0, 0.001, 0.001, 0.001, 0.001, 0.001, 1.386, 56.195, 54.47, 57.703, 54.42, 54.499, 54.961, 58.637, 53.963, 56.84, 58.643, 58.419, 54.359, 55.16, 57.206, 55.892, 55.302, 59.546, 55.532, 55.093, 59.538, 57.233], "totaltime": [54.806999999999995, 120.182, 120.93100000000001, 121.717, 122.449, 123.175, 123.83000000000001, 124.608, 125.40599999999999, 126.134, 126.783, 127.59100000000001, 128.414, 129.109, 129.84, 130.625, 131.31900000000002, 132.06799999999998, 133.579, 134.353, 135.164, 135.952, 137.579, 138.312, 139.131, 139.925, 141.588, 142.386, 142.966, 143.621, 144.37400000000002, 145.616, 146.397, 147.17700000000002, 148.049, 149.639, 150.40699999999998, 151.19299999999998, 151.9, 153.619, 154.417, 155.185, 155.899, 157.606, 158.36800000000002, 159.078, 160.464, 216.664, 271.135, 328.839, 383.259, 437.759, 492.72, 551.3580000000001, 605.3230000000001, 662.163, 720.8080000000001, 779.229, 833.59, 888.753, 945.96, 1001.8520000000001, 1057.155, 1116.701, 1172.2340000000002, 1227.329, 1286.8680000000002, 1344.102],