{"name": "a3c7_46", "initpts": [2, 35], "iterpts": [50], "num_tasks": 2, "obs": null, "acqtime": [64.619, 56.664, 56.487, 52.818, 53.177, 52.65, 55.991, 52.682, 56.215, 52.833, 76.353, 80.135, 58.377, 60.795], "bestacq": [[-50.0, -50.0, 0.0, 12.40512999999919], [211.06813591, 169.23768623, 0.0, 5.286040000006324], [211.06813591, 169.23768623, 0.0, 5.286040000006324], [47.322714093, 190.38691759, 0.0, 2.66325000001234], [47.322714093, 190.38691759, 0.0, 2.66325000001234], [47.322714093, 190.38691759, 0.0, 2.66325000001234], [47.322714093, 190.38691759, 0.0, 2.66325000001234], [246.51196694, 0.57257178133, 0.0, 0.11165999999502674], [246.51196694, 0.57257178133, 0.0, 0.11165999999502674], [246.51196694, 0.57257178133, 0.0, 0.11165999999502674], [246.51196694, 0.57257178133, 0.0, 0.11165999999502674], [246.51196694, 0.57257178133, 0.0, 0.11165999999502674], [246.51196694, 0.57257178133, 0.0, 0.11165999999502674], [246.51196694, 0.57257178133, 0.0, 0.11165999999502674], [246.51196694, 0.57257178133, 0.0, 0.11165999999502674]], "gmp": [[67.719303017, 182.02462499, 0.0, 3.894510000012815, 2.2298830691], [65.100034991, 183.77050227, 0.0, -1.5333300000056624, 13.320913843], [59.58672539, 186.51256604, 0.0, 3.4930100000055972, 13.770525401], [56.058591114, 187.92525967, 0.0, 2.569000000017695, 0.30246080155], [55.612503401, 189.42635996, 0.0, 2.588770000002114, 0.21610894081], [60.500515591, 188.63622763, 0.0, 2.4563300000154413, 0.61837622081], [56.516434852, 188.11453675, 0.0, 2.548110000003362, 0.25213519863], [242.58114071, -0.16484259407, 0.0, 0.07511999999405816, 0.077814928447], [246.61311279, -4.2181038783, 0.0, -0.043919999996433035, 0.13154957901], [246.74387653, -4.3292359002, 0.0, -0.048190000001341105, 0.12327026263], [242.73511061, -4.8097225476, 0.0, -0.12677000000257976, 0.15269051437], [242.57612067, -4.7247024073, 0.0, -0.12326999998185784, 0.13849095169], [248.60825671, -1.0671352145, 0.0, 0.08761000001686625, 0.014865786576], [248.66989074, -1.0010241785, 0.0, 0.08822000000509433, 0.013323688605], [248.39043216, -1.1441464485, 0.0, 0.08866999999736436, 0.013579039788]], "gmp_convergence": [[3.14780121, 0.29950009266], [6.157556049, 0.27734603082], [3.8004519131, 0.050985179939], [1.5659809515, 0.0010907692306], [4.9514616295, 0.0071159215627], [4.0180916763, 0.0048845403291], [264.70587347, 0.12552763192], [5.7171431575, 0.0062886082592], [0.17160851368, 0.00022024668789], [4.0374585567, 0.004005788131], [0.18029482967, 0.00017742759824], [7.0543931681, 0.010657915314], [0.09038485662, 3.0809649986e-05], [0.31397624394, 2.2907722344e-05]], "GP_hyperparam": [[0.5858649431, 0.48192225246, 6.0623853159, 6.473140923, 1.0609422669, 1.480315633], [0.57495415249, 0.46208435472, 7.9613497439, 6.2002132631, 14.64418538, 1.7840718747e-05], [0.58197149027, 0.47452367835, 5.9346918516, 5.0952839516, 1.8699744727, 16.494630792], [0.58551114125, 0.48172935178, 5.0797329142, 5.9451427295, 13.347380404, 8.5135859575], [0.59043460183, 0.48770767749, 4.7201946195, 6.0542854713, 13.6074936, 8.7896364983], [0.59826745721, 0.50030644793, 5.6830263197, 6.2522250766, 14.665120968, 9.667712765], [0.60192571761, 0.50725161754, 5.9588200542, 5.9590490337, 8.1829628153, 15.147759747], [0.58452573988, 0.50086424301, 6.064953616, 6.0659918966, 25.28891363, 10.161963384], [0.58994649718, 0.49302188123, 6.6667850286, 6.7802430533, 30.453685811, 0.39217661281], [0.60036203664, 0.50626731593, 6.906150929, 6.9084837972, 28.212477612, 2.198286535], [0.60527574399, 0.51116793738, 6.7708906089, 7.0178100746, 27.786340722, 1.952693248], [0.61077722913, 0.51723184258, 6.9948488631, 6.9938546528, 24.15137228, 4.0735566997], [0.60998858889, 0.52940510159, 7.7363927219, 7.4205582201, 29.646403413, 0.0010072163229], [0.61284627918, 0.53706134725, 7.7261796751, 7.5368340566, 28.216803805, 0.00053595652446], [0.61863953055, 0.54869596166, 8.3804566938, 7.6910605754, 29.732463812, 0.0001857753829]], "itertime": [0.001, 0.0, 0.001, 0.001, 0.001, 0.001, 0.0, 0.0, 0.0, 0.001, 0.001, 0.0, 0.001, 0.001, 0.0, 0.001, 0.001, 0.0, 0.0, 0.0, 0.001, 0.001, 0.0, 0.001, 0.0, 0.0, 0.0, 0.0, 0.0, 0.0, 0.0, 0.0, 0.0, 0.0, 0.0, 0.0, 1.29, 66.014, 57.757, 57.486, 53.978, 54.273, 53.971, 57.347, 54.032, 57.51, 54.189, 78.138, 82.196, 60.158, 62.562], "totaltime": [63.625, 126.394, 127.139, 127.92, 128.647, 129.368, 130.019, 130.793, 131.587, 132.313, 132.962, 133.76999999999998, 134.593, 135.288, 136.019, 136.803, 137.497, 138.24599999999998, 139.755, 140.526, 141.332, 142.115, 143.737, 144.464, 145.278, 146.067, 147.725, 148.518, 149.094, 149.743, 150.49099999999999, 151.728, 152.50400000000002, 153.279, 154.14600000000002, 155.732, 157.023, 223.038, 280.795, 338.282, 392.261, 446.53400000000005, 500.50600000000003, 557.854, 611.886, 669.3969999999999, 723.586, 801.7239999999999, 884.126, 944.327, 1006.9839999999999],