{"name": "a3c7_24", "initpts": [2, 25], "iterpts": [50], "num_tasks": 2, "obs": null, "acqtime": [56.383, 56.047, 55.32, 54.605, 53.006, 54.809, 58.286, 55.402, 54.657, 58.224, 57.694, 57.184, 55.83, 58.584, 53.24, 58.979, 55.698, 57.035, 55.827, 54.705, 113.414], "bestacq": [[-50.0, -50.0, 0.0, 12.40512999999919], [-50.0, -50.0, 0.0, 12.40512999999919], [213.12888214, 167.02651496, 0.0, 5.639079999993555], [41.375936521, 184.44024614, 0.0, 2.393819999997504], [41.375936521, 184.44024614, 0.0, 2.393819999997504], [41.375936521, 184.44024614, 0.0, 2.393819999997504], [41.375936521, 184.44024614, 0.0, 2.393819999997504], [41.375936521, 184.44024614, 0.0, 2.393819999997504], [41.375936521, 184.44024614, 0.0, 2.393819999997504], [41.375936521, 184.44024614, 0.0, 2.393819999997504], [41.375936521, 184.44024614, 0.0, 2.393819999997504], [257.89861815, -1.0347577725, 0.0, 0.5035100000095554], [257.89861815, -1.0347577725, 0.0, 0.5035100000095554], [257.89861815, -1.0347577725, 0.0, 0.5035100000095554], [257.89861815, -1.0347577725, 0.0, 0.5035100000095554], [257.89861815, -1.0347577725, 0.0, 0.5035100000095554], [236.75593757, 5.8433496977, 0.0, 0.21269000001484528], [236.75593757, 5.8433496977, 0.0, 0.21269000001484528], [236.75593757, 5.8433496977, 0.0, 0.21269000001484528], [236.75593757, 5.8433496977, 0.0, 0.21269000001484528], [236.75593757, 5.8433496977, 0.0, 0.21269000001484528], [241.25546714, -0.84335127291, 0.0, 0.016340000001946464]], "gmp": [[79.541361674, 183.37841826, 0.0, 2.7821700000204146, 2.4138451048], [197.02918774, 11.481635474, 0.0, -0.348230000003241, 1.5500233776], [64.575033218, 182.17543234, 0.0, 2.327000000019325, 27.133818997], [57.481181593, 182.42215613, 0.0, 2.1243200000026263, 1.6684613661], [53.756995712, 182.99375764, 0.0, 2.222250000020722, 0.67230615105], [58.430173533, 183.04141588, 0.0, 2.040769999992335, 1.4085512043], [61.907490961, 182.91847802, 0.0, 1.8376100000168663, 1.8020682739], [62.399101192, 183.26775481, 0.0, 1.8050600000133272, 0.80943164539], [62.579191733, 182.76408807, 0.0, 1.7805200000002515, 0.72265490406], [61.102348416, 182.91904952, 0.0, 1.8646700000099372, 0.56071798072], [206.38384453, 8.0609854526, 0.0, 1.6624299999966752, 0.12516470992], [243.83214412, 0.07732938288, 0.0, 0.13195000000996515, 0.2206586695], [244.13849198, 0.073859113852, 0.0, 0.15444000001298264, 0.19061777393], [244.15221701, 0.039047654761, 0.0, 0.15885000000707805, 0.1732012464], [247.12459922, 1.0601175839, 0.0, 0.34786999999778345, 0.093260603472], [245.81939161, 1.6025636368, 0.0, 0.30051000000094064, 0.11762018017], [242.67583353, 2.7105296911, 0.0, 0.13219999999273568, 0.00075597235901], [242.80034433, 2.8615913941, 0.0, 0.13378000000375323, 0.00073018626208], [238.9246109, 0.76000909622, 0.0, 0.02850000001490116, 0.0015289991757], [238.70842709, 0.83952845216, 0.0, 0.03173000001697801, 0.001312996484], [238.52429079, 0.87940456579, 0.0, 0.032789999997476116, 0.0010968419118], [239.36816109, 0.42887949443, 0.0, 0.006569999997736886, 2.4716104809e-05]], "gmp_convergence": [[208.21117454, 0.17273083784], [216.05664845, 0.13805335063], [7.0981408484, 0.0094000922348], [3.7677962744, 0.0042991941816], [4.6734208308, 0.0076421395888], [3.4794899357, 0.0091643132195], [0.6030546355, 0.0014265652288], [0.53489511679, 0.0010576214051], [1.4849509197, 0.0035628351435], [227.33687709, 0.0083716117067], [38.289866884, 0.061767552889], [0.30636751588, 0.00089691491687], [0.037419434831, 0.00017607125802], [3.1428712698, 0.0074407182319], [1.4134407042, 0.0018538520225], [3.3330985826, 0.0064899986882], [0.19576152885, 6.0300261427e-05], [4.4088499378, 0.0040162146606], [0.23034488855, 0.00012313687885], [0.1884045669, 4.068064281e-05], [0.95660332988, 0.00099085651326]], "GP_hyperparam": [[0.65053655038, 0.35151481013, 5.5969342729, 5.6619500901, 2.0490757185, 0.36761427496], [0.57496202914, 0.49614114222, 10.063075237, 7.224949687, 3.792732586e-09, 1.0663442176e-07], [0.62036376724, 0.46321906536, 9.1218896617, 5.2391243257, 0.21227021584, 17.842639986], [0.64662691684, 0.51541356459, 7.4784109217, 7.4077725473, 40.126818007, 0.0030599183192], [0.67309241493, 0.55493337015, 7.5750344924, 7.5756762044, 32.568202135, 6.9473350956], [0.65251804053, 0.54718805294, 8.169695019, 7.8168921987, 37.664846495, 0.00060530215135], [0.63469230716, 0.55226737543, 8.9816855658, 7.8356851232, 29.136951112, 0.00059980363708], [0.64900197532, 0.58277676262, 9.3536143301, 8.29725261, 26.33618008, 5.932145928e-05], [0.66084971285, 0.6116849984, 9.7056633683, 8.7092390155, 24.323588954, 5.9307740474e-05], [0.67510503565, 0.63648632609, 9.9030478242, 9.0528920834, 24.486645923, 0.00039630304347], [0.69095271912, 0.66258119114, 10.448751635, 9.3432618019, 27.453431108, 0.00011430527009], [0.69114840588, 0.64516097582, 9.6723503142, 8.9942998625, 49.477064177, 0.00011464936682], [0.705170249, 0.66860397045, 9.9558320353, 9.3489705696, 47.575405591, 0.00011460448981], [0.71799103397, 0.68203450964, 10.074265706, 9.5343545444, 46.844833072, 0.0001510499], [0.73351058844, 0.70213837567, 11.23793463, 9.8161532229, 43.687884459, 0.00015089287132], [0.71669697401, 0.67794230078, 10.249183466, 9.6904518758, 40.905953938, 0.00015080377153], [0.73105928754, 0.67968279162, 10.057991716, 9.804695599, 42.896037685, 0.00015084330199], [0.7366415666, 0.6749982519, 9.7440150733, 9.74214885, 45.187171267, 0.64180131346], [0.73283841075, 0.56057887089, 9.9469207358, 8.5794187674, 42.584476032, 0.00039573782331], [0.7427616013, 0.57251685674, 10.234495941, 8.7565994503, 42.228255121, 4.4669657806e-05], [0.74630800892, 0.59664773638, 10.837868447, 9.0192107342, 41.030917238, 4.4660821311e-05], [0.74470343773, 0.59882780264, 10.78259958, 9.0883409552, 40.403428118, 3.2657053824e-05]], "itertime": [0.001, 0.001, 0.001, 0.001, 0.001, 0.001, 0.001, 0.001, 0.001, 0.001, 0.001, 0.001, 0.001, 0.001, 0.001, 0.001, 0.001, 0.001, 0.001, 0.001, 0.001, 0.001, 0.001, 0.001, 0.001, 0.001, 1.247, 57.493, 57.192, 56.655, 55.92, 54.345, 56.085, 59.986, 57.169, 56.163, 59.855, 59.344, 58.583, 57.341, 60.52, 54.866, 60.782, 57.765, 59.015, 57.777, 57.021, 115.641], "totaltime": [66.268, 131.743, 132.488, 133.269, 133.996, 134.718, 135.369, 136.145, 136.941, 137.667, 138.316, 139.125, 139.948, 140.643, 141.374, 142.15800000000002, 142.852, 143.602, 145.11, 145.881, 146.687, 147.47, 149.096, 149.824, 150.63799999999998, 151.427, 152.674, 210.167, 267.36, 324.016, 379.936, 434.281, 490.366, 550.353, 607.5219999999999, 663.687, 723.542, 782.8870000000001, 841.47, 898.813, 959.333, 1014.2, 1074.9830000000002, 1132.749, 1191.7640000000001, 1249.5410000000002, 1306.563, 1422.2040000000002],