{"name": "alanine2D_HF_sobol", "initpts": [100, 0], "iterpts": [0], "num_tasks": 1, "obs": null, "acqtime": [20.119, 2.633, 2.582, 3.378, 2.605, 2.721, 2.923, 2.755, 3.258, 3.395, 3.509, 3.723, 3.616, 4.036, 4.281, 3.746, 4.115, 4.227, 3.633, 4.172, 4.119, 4.023, 3.849, 4.008, 4.133, 3.885, 4.042, 3.912, 4.051, 4.045, 4.151, 3.954, 3.999, 3.897, 4.273, 3.937, 3.892, 3.997, 4.269, 3.821, 4.152, 3.957, 4.102, 4.068, 4.027, 3.88, 4.114, 3.997, 4.035, 3.781, 4.161, 4.24, 3.965, 3.813, 4.087, 4.096, 4.224, 3.681, 4.438, 3.874, 4.085, 4.015, 4.255, 3.883, 3.82, 4.041, 4.064, 4.225, 3.695, 4.238, 3.852, 4.196, 3.971, 4.081, 3.859, 4.087, 3.955, 4.326, 3.966, 4.034, 3.869, 4.133, 3.879, 4.182, 3.926, 4.013, 3.805, 4.225, 4.054, 3.939, 4.033, 4.005, 4.183, 3.824, 4.048, 4.264, 3.86, 3.79, 4.217, 4.204], "bestacq": [[228.4375, 3.4375, 0.0]], "gmp": [[232.91690545, 1.8204545785, -0.030274480780193697, 0.004235317197370244]], "gmp_convergence": [], "GP_hyperparam": [[0.48278255866, 0.41385125747, 0.090037314924]], "itertime": [20.12, 2.634, 2.583, 3.379, 2.606, 2.723, 2.924, 2.757, 3.261, 3.399, 3.512, 3.726, 3.619, 4.039, 4.284, 3.749, 4.118, 4.23, 3.635, 4.174, 4.122, 4.026, 3.852, 4.011, 4.136, 3.888, 4.045, 3.915, 4.054, 4.048, 4.153, 3.957, 4.002, 3.9, 4.276, 3.94, 3.895, 4.0, 4.272, 3.823, 4.155, 3.96, 4.105, 4.071, 4.03, 3.883, 4.116, 4.0, 4.038, 3.784, 4.163, 4.243, 3.969, 3.816, 4.089, 4.099, 4.227, 3.684, 4.441, 3.878, 4.088, 4.018, 4.257, 3.886, 3.823, 4.044, 4.067, 4.228, 3.698, 4.241, 3.855, 4.198, 3.974, 4.084, 3.862, 4.091, 3.959, 4.329, 3.969, 4.037, 3.872, 4.136, 3.882, 4.185, 3.928, 4.016, 3.808, 4.228, 4.056, 3.942, 4.035, 4.008, 4.186, 3.827, 4.052, 4.267, 3.863, 3.792, 4.22, 9.174], "totaltime": [20.219, 22.853, 25.437, 28.816, 31.423, 34.146, 37.071, 39.828, 43.089, 46.489, 50.002, 53.729, 57.349, 61.389, 65.675, 69.425, 73.544, 77.776, 81.412, 85.587, 89.709, 93.736, 97.589, 101.601, 105.738, 109.627, 113.672, 117.589, 121.644, 125.693, 129.847, 133.804, 137.807, 141.708, 145.984, 149.926, 153.822, 157.823, 162.096, 165.92, 170.077, 174.037, 178.143, 182.215, 186.246, 190.129, 194.247, 198.248, 202.287, 206.072, 210.236, 214.479, 218.449, 222.266, 226.356, 230.456, 234.683, 238.369, 242.811, 246.689, 250.778, 254.798, 259.056, 262.943, 266.766, 270.812, 274.88, 279.109, 282.808, 287.051, 290.907, 295.106, 299.081, 303.166, 307.028, 311.12, 315.08, 319.41, 323.38, 327.418, 331.291, 335.428, 339.311, 343.497, 347.426, 351.443, 355.252, 359.48, 363.537, 367.48, 371.517, 375.525, 379.711, 383.54, 387.593, 391.861, 395.725, 399.518, 403.738, 412.913], "boss.in": ["# input file for alanine 2D (d4-d13)\n", "\n", "# optimization\n", "userfn       userfn_2D.py\n", "bounds       -50 310; -50 310\n", "kernel       stdp\n", "yrange       0 1\n", "initpts      100\n", "iterpts      0\n", "verbosity    2\n", "\n", "thetaprior gamma\n", "thetapriorparam 2 8; 3.3678 9.0204; 3.3678 9.0204\n", "--------------------------------------------------------------------------------\n", "                               SIMULATION OPTIONS                               \n", "--------------------------------------------------------------------------------\n", "|| File input/output \n", "ipfile         in_2D\n", "userfn         userfn_2D.py\n", "outfile        boss.out\n", "rstfile        boss.rst\n", "\n", "|| Key settings \n", "bounds         -5.000E+01 3.100E+02;    -5.000E+01 3.100E+02\n", "kerntype       stdp stdp\n", "yrange         0.000E+00 1.000E+00\n", "noise          1.000E-12\n", "inittype       sobol\n", "initpts   100    iterpts   0\n", "gm_tol         none\n"], "xy": [[-50.0, -50.0, 12.995625288624298], [130.0, 130.0, 14.351639761799504], [220.0, 40.0, 9.103355117113285], [40.0, 220.0, 10.55156746829167], [85.0, 85.0, 23.03737169939621], [265.0, 265.0, 22.218793831193324], [175.0, -5.0, 8.895527078985602], [-5.0, 175.0, 4.653347742286562], [17.5, 62.5, 19.939207062917358], [197.5, 242.5, 19.303032480292305], [287.5, -27.5, 5.0309278014130046], [107.5, 152.5, 7.617142850098182], [62.5, 17.5, 10.65302895001839], [242.5, 197.5, 7.330259397895224], [152.5, 107.5, 19.563624086412617], [-27.5, 287.5, 19.849232265294933], [-16.25, 118.75, 17.809959565803698], [163.75, 298.75, 22.214633626786], [253.75, 28.75, 7.773413410488507], [73.75, 208.75, 7.2439282382898185], [118.75, -16.25, 19.93078057349197], [298.75, 163.75, 5.04652856790901], [208.75, 73.75, 19.762001726720637], [28.75, 253.75, 20.557043538309014], [6.25, 6.25, 19.858703418004843], [186.25, 186.25, 4.585061815207693], [276.25, 96.25, 23.07100155572168], [96.25, 276.25, 21.744791118910026], [51.25, 51.25, 17.225916679825826], [231.25, 231.25, 16.953665432084613], [141.25, -38.75, 20.47402624438449], [-38.75, 141.25, 10.692705400485071], [-33.125, 45.625, 21.081051722999245], [146.875, 225.625, 13.496182742420517], [236.875, -44.375, 12.765199776597825], [56.875, 135.625, 11.662466572501087], [101.875, 0.625, 18.50733804238434], [281.875, 180.625, 4.148530921824955], [191.875, 90.625, 21.101689011905606], [11.875, 270.625, 22.955244560096183], [34.375, -21.875, 15.542599739705777], [214.375, 158.125, 7.734435708315081], [304.375, 68.125, 22.571956903509054], [124.375, 248.125, 19.719311203506773], [79.375, 113.125, 18.54540714120253], [259.375, 293.125, 18.673746218425624], [169.375, 23.125, 7.417994972397872], [-10.625, 203.125, 7.145633031894693], [-21.875, 34.375, 20.86172316418775], [158.125, 214.375, 10.01323148430851], [248.125, 124.375, 18.027685385117927], [68.125, 304.375, 17.617416358499298], [113.125, 79.375, 22.747531827007535], [293.125, 259.375, 20.316475798522305], [203.125, -10.625, 4.441371030297405], [23.125, 169.375, 4.444590345913397], [0.625, 101.875, 21.40969172789352], [180.625, 281.875, 23.56355684249353], [270.625, 11.875, 4.074002381996566], [90.625, 191.875, 4.315522541120459], [45.625, -33.125, 15.061429668620647], [225.625, 146.875, 10.996847705125203], [135.625, 56.875, 18.59583232381732], [-44.375, 236.875, 15.95820277559285], [-41.5625, 93.4375, 22.922896895402083], [138.4375, 273.4375, 23.545055002213765], [228.4375, 3.4375, 0.0], [48.4375, 183.4375, 2.8401535563183535], [93.4375, -41.5625, 15.266326653604082], [273.4375, 138.4375, 12.505353040786382], [183.4375, 48.4375, 11.51575710269239], [3.4375, 228.4375, 13.96795545601233], [25.9375, 25.9375, 13.042462179624025], [205.9375, 205.9375, 8.42407260718407], [295.9375, 115.9375, 18.651134907905373], [115.9375, 295.9375, 21.19763891461216], [70.9375, 70.9375, 22.038500627116722], [250.9375, 250.9375, 21.70396853669931], [160.9375, -19.0625, 15.80924024608486], [-19.0625, 160.9375, 6.18199455539599], [-7.8125, -7.8125, 21.676844188511687], [172.1875, 172.1875, 4.615022666390776], [262.1875, 82.1875, 23.51493733621115], [82.1875, 262.1875, 21.048385816514866], [127.1875, 127.1875, 15.12305327278409], [307.1875, 307.1875, 13.503089511909634], [217.1875, 37.1875, 7.820550094505828], [37.1875, 217.1875, 9.7441050021184], [14.6875, 59.6875, 19.67480116742293], [194.6875, 239.6875, 18.420321971107143], [284.6875, -30.3125, 5.527036788288207], [104.6875, 149.6875, 8.229361665900873], [59.6875, 14.6875, 9.846138396595435], [239.6875, 194.6875, 6.852320172888043], [149.6875, 104.6875, 19.990529318425423], [-30.3125, 284.6875, 19.96793876279542], [-35.9375, -2.1875, 14.31419331002431], [144.0625, 177.8125, 4.521586412696229], [234.0625, 87.8125, 23.377000270819106], [54.0625, 267.8125, 21.787414765218028]],