{"name": "alanine2D_LF_sobol", "initpts": [100, 0], "iterpts": [0], "num_tasks": 1, "obs": null, "acqtime": [8.928, 0.387, 0.386, 0.407, 0.393, 0.381, 0.385, 1.313, 0.392, 0.397, 0.388, 0.395, 0.394, 0.396, 0.384, 1.251, 0.387, 0.385, 0.39, 0.405, 0.393, 0.387, 0.381, 1.243, 0.387, 0.39, 0.39, 0.385, 0.387, 0.386, 0.392, 1.309, 0.385, 0.387, 0.389, 0.387, 0.388, 0.385, 0.388, 1.296, 0.388, 0.381, 0.383, 0.392, 0.389, 0.406, 0.381, 1.261, 0.394, 0.39, 0.384, 0.39, 0.392, 0.387, 0.388, 1.287, 0.387, 0.389, 0.383, 0.397, 0.385, 0.383, 0.387, 1.301, 0.389, 0.394, 0.381, 0.389, 0.393, 0.39, 0.391, 1.319, 0.39, 0.396, 0.385, 0.384, 0.383, 0.393, 0.387, 1.284, 0.391, 0.398, 0.391, 0.384, 0.395, 0.388, 0.384, 1.267, 0.39, 0.386, 0.39, 0.393, 0.387, 0.397, 0.388, 1.286, 0.386, 0.385, 0.38, 0.386], "bestacq": [[48.4375, 183.4375, 0.0]], "gmp": [[58.994369271, 181.01028012, -0.21413950199999832, 0.025881515953]], "gmp_convergence": [], "GP_hyperparam": [[0.36263007437, 0.34982413855, 6.9551555208]], "itertime": [8.929, 0.388, 0.388, 0.408, 0.395, 0.382, 0.386, 1.315, 0.393, 0.398, 0.389, 0.396, 0.395, 0.397, 0.385, 1.252, 0.389, 0.386, 0.391, 0.406, 0.395, 0.389, 0.382, 1.244, 0.388, 0.391, 0.391, 0.386, 0.388, 0.387, 0.394, 1.31, 0.386, 0.388, 0.391, 0.388, 0.389, 0.386, 0.389, 1.297, 0.389, 0.382, 0.384, 0.394, 0.391, 0.407, 0.382, 1.262, 0.395, 0.391, 0.385, 0.392, 0.393, 0.388, 0.389, 1.288, 0.388, 0.391, 0.384, 0.398, 0.386, 0.385, 0.389, 1.302, 0.39, 0.396, 0.382, 0.39, 0.395, 0.391, 0.392, 1.32, 0.392, 0.398, 0.387, 0.385, 0.384, 0.394, 0.389, 1.285, 0.392, 0.399, 0.392, 0.385, 0.396, 0.39, 0.386, 1.268, 0.391, 0.388, 0.391, 0.394, 0.388, 0.398, 0.389, 1.287, 0.387, 0.386, 0.381, 5.2], "totaltime": [9.018, 9.406, 9.794, 10.203, 10.598, 10.981, 11.367, 12.682, 13.076, 13.474, 13.864, 14.261, 14.657, 15.055, 15.44, 16.693, 17.083, 17.469, 17.861, 18.268, 18.663, 19.052, 19.434, 20.679, 21.068, 21.46, 21.851, 22.238, 22.626, 23.014, 23.408, 24.718, 25.105, 25.494, 25.885, 26.273, 26.663, 27.049, 27.439, 28.736, 29.126, 29.508, 29.892, 30.286, 30.677, 31.085, 31.468, 32.73, 33.126, 33.517, 33.903, 34.295, 34.689, 35.078, 35.467, 36.756, 37.144, 37.535, 37.92, 38.318, 38.705, 39.09, 39.479, 40.782, 41.173, 41.57, 41.952, 42.343, 42.738, 43.13, 43.522, 44.843, 45.235, 45.634, 46.021, 46.407, 46.792, 47.186, 47.575, 48.861, 49.254, 49.654, 50.046, 50.432, 50.829, 51.219, 51.606, 52.874, 53.266, 53.654, 54.046, 54.44, 54.829, 55.228, 55.618, 56.905, 57.293, 57.68, 58.061, 63.261], "boss.in": ["# input file for alanine 2D (d4-d13)\n", "\n", "# optimization\n", "userfn       userfn_2D.py\n", "bounds       -50 310; -50 310\n", "kernel       stdp\n", "yrange       -10 10\n", "initpts      100\n", "iterpts      0\n", "verbosity    2\n", "\n", "thetaprior gamma\n", "thetapriorparam 2 8; 3.3678 9.0204; 3.3678 9.0204\n", "\n", "--------------------------------------------------------------------------------\n", "                               SIMULATION OPTIONS                               \n", "--------------------------------------------------------------------------------\n", "|| File input/output \n", "ipfile         in_2D\n", "userfn         userfn_2D.py\n", "outfile        boss.out\n", "rstfile        boss.rst\n", "\n", "|| Key settings \n", "bounds         -5.000E+01 3.100E+02;    -5.000E+01 3.100E+02\n", "kerntype       stdp stdp\n", "yrange         -1.000E+01 1.000E+01\n", "noise          1.000E-12\n", "inittype       sobol\n", "initpts   100    iterpts   0\n"], "xy": [[-50.0, -50.0, 8.099900000000002], [130.0, 130.0, 9.7818], [220.0, 40.0, 8.898300000000003], [40.0, 220.0, 5.734300000000001], [85.0, 85.0, 16.021900000000002], [265.0, 265.0, 17.934000000000005], [175.0, -5.0, 3.4526000000000003], [-5.0, 175.0, 3.0031], [17.5, 62.5, 16.343400000000003], [197.5, 242.5, 15.699800000000003], [287.5, -27.5, 2.8373000000000026], [107.5, 152.5, 4.857900000000001], [62.5, 17.5, 8.570500000000003], [242.5, 197.5, 10.205200000000001], [152.5, 107.5, 12.8902], [-27.5, 287.5, 13.658000000000001], [-16.25, 118.75, 13.914000000000001], [163.75, 298.75, 17.402900000000002], [253.75, 28.75, 7.440800000000003], [73.75, 208.75, 3.0226000000000006], [118.75, -16.25, 17.107], [298.75, 163.75, 4.599400000000003], [208.75, 73.75, 15.8778], [28.75, 253.75, 13.721], [6.25, 6.25, 16.4916], [186.25, 186.25, 4.3809000000000005], [276.25, 96.25, 18.8975], [96.25, 276.25, 16.297400000000003], [51.25, 51.25, 12.892300000000002], [231.25, 231.25, 16.291800000000002], [141.25, -38.75, 17.4538], [-38.75, 141.25, 8.310400000000001], [-33.125, 45.625, 17.6432], [146.875, 225.625, 10.193000000000001], [236.875, -44.375, 12.078500000000002], [56.875, 135.625, 6.193900000000003], [101.875, 0.625, 15.388100000000001], [281.875, 180.625, 5.0858000000000025], [191.875, 90.625, 15.101500000000001], [11.875, 270.625, 16.385400000000004], [34.375, -21.875, 12.4101], [214.375, 158.125, 9.0853], [304.375, 68.125, 17.7843], [124.375, 248.125, 15.182700000000004], [79.375, 113.125, 11.9314], [259.375, 293.125, 15.945500000000003], [169.375, 23.125, 2.9421], [-10.625, 203.125, 4.5534], [-21.875, 34.375, 17.840900000000005], [158.125, 214.375, 7.4471000000000025], [248.125, 124.375, 17.1451], [68.125, 304.375, 12.8963], [113.125, 79.375, 16.631], [293.125, 259.375, 14.028300000000002], [203.125, -10.625, 2.4718000000000018], [23.125, 169.375, 2.0105000000000004], [0.625, 101.875, 16.627000000000002], [180.625, 281.875, 17.9332], [270.625, 11.875, 2.819300000000002], [90.625, 191.875, 1.6733000000000011], [45.625, -33.125, 11.633300000000002], [225.625, 146.875, 12.1099], [135.625, 56.875, 13.092000000000002], [-44.375, 236.875, 10.1918], [-41.5625, 93.4375, 17.990300000000005], [138.4375, 273.4375, 18.9144], [228.4375, 3.4375, 2.116100000000003], [48.4375, 183.4375, 0.0], [93.4375, -41.5625, 13.144200000000001], [273.4375, 138.4375, 11.999100000000002], [183.4375, 48.4375, 7.502800000000001], [3.4375, 228.4375, 9.517600000000002], [25.9375, 25.9375, 11.591000000000001], [205.9375, 205.9375, 9.085900000000002], [295.9375, 115.9375, 14.789300000000004], [115.9375, 295.9375, 18.062400000000004], [70.9375, 70.9375, 15.464800000000004], [250.9375, 250.9375, 18.771], [160.9375, -19.0625, 10.1645], [-19.0625, 160.9375, 4.496400000000001], [-7.8125, -7.8125, 15.6695], [172.1875, 172.1875, 3.2124000000000024], [262.1875, 82.1875, 19.887900000000002], [82.1875, 262.1875, 14.1311], [127.1875, 127.1875, 10.421100000000003], [307.1875, 307.1875, 8.5714], [217.1875, 37.1875, 7.720200000000002], [37.1875, 217.1875, 5.275300000000001], [14.6875, 59.6875, 16.457900000000002], [194.6875, 239.6875, 14.888800000000003], [284.6875, -30.3125, 3.5684000000000005], [104.6875, 149.6875, 5.2463000000000015], [59.6875, 14.6875, 7.931600000000003], [239.6875, 194.6875, 9.956100000000003], [149.6875, 104.6875, 13.304200000000002], [-30.3125, 284.6875, 13.624400000000001], [-35.9375, -2.1875, 8.090800000000002], [144.0625, 177.8125, 2.8897000000000013], [234.0625, 87.8125, 20.2583], [54.0625, 267.8125, 14.111500000000003]],