{"name": "a1c1_1", "initpts": [100, 0], "iterpts": [0], "num_tasks": 1, "obs": null, "acqtime": [68.429, 53.552, 51.37, 53.822, 52.769, 51.837, 55.193, 54.705, 51.442, 51.75, 54.147, 56.365, 52.16, 52.616, 52.583, 50.87, 51.776, 51.197, 53.261, 52.337, 52.11, 51.782, 50.328, 51.338, 52.65, 63.688, 63.87, 51.021, 55.314, 58.703, 53.077, 59.534, 72.231, 55.11, 50.932, 78.201, 86.911, 77.721, 62.373, 52.214, 62.499, 60.152, 51.147, 58.942, 83.763, 63.644, 56.004, 53.304, 84.95, 88.481, 69.165, 65.352, 50.688, 68.108, 68.061, 61.102, 51.261, 74.826, 57.328, 55.762, 58.474, 52.874, 50.61, 51.28, 52.022, 56.041, 57.637, 56.126, 52.529, 52.086, 50.711, 56.301, 55.58, 52.979, 54.1, 50.924, 51.995, 52.612, 53.441, 54.16, 53.677, 53.321, 52.632, 55.27, 54.039, 52.351, 53.543, 54.253, 51.608, 53.746, 54.153, 57.999, 54.234, 54.687, 54.057, 52.725, 53.52, 55.256, 52.213, 54.964], "bestacq": [[228.4375, 3.4375, 0.09355000001960434]], "gmp": [[232.98200485, 2.0864308311, 0.06291000000783242, 0.0063997963093]], "gmp_convergence": [], "GP_hyperparam": [[0.38216844511, 0.31447900129, 8.1372436229]], "itertime": [68.431, 53.553, 51.371, 53.823, 52.77, 51.838, 55.194, 54.706, 51.443, 51.752, 54.148, 56.367, 52.162, 52.617, 52.584, 50.871, 51.777, 51.198, 53.262, 52.339, 52.111, 51.783, 50.329, 51.34, 52.652, 63.69, 63.871, 51.023, 55.315, 58.704, 53.078, 59.535, 72.232, 55.112, 50.933, 78.202, 86.912, 77.722, 62.374, 52.215, 62.501, 60.154, 51.149, 58.943, 83.764, 63.645, 56.005, 53.305, 84.951, 88.482, 69.167, 65.354, 50.69, 68.109, 68.062, 61.103, 51.262, 74.827, 57.329, 55.763, 58.475, 52.875, 50.611, 51.281, 52.023, 56.043, 57.639, 56.128, 52.53, 52.087, 50.712, 56.303, 55.581, 52.981, 54.102, 50.925, 51.996, 52.613, 53.442, 54.161, 53.679, 53.322, 52.633, 55.272, 54.04, 52.352, 53.544, 54.254, 51.61, 53.747, 54.154, 58.001, 54.235, 54.689, 54.059, 52.726, 53.521, 55.257, 52.215, 60.126], "totaltime": [68.699, 122.252, 173.624, 227.447, 280.218, 332.057, 387.252, 441.959, 493.402, 545.155, 599.303, 655.671, 707.833, 760.451, 813.036, 863.907, 915.685, 966.883, 1020.146, 1072.485, 1124.596, 1176.38, 1226.709, 1278.049, 1330.701, 1394.392, 1458.264, 1509.287, 1564.602, 1623.306, 1676.385, 1735.921, 1808.154, 1863.266, 1914.199, 1992.402, 2079.315, 2157.038, 2219.413, 2271.629, 2334.13, 2394.284, 2445.433, 2504.377, 2588.141, 2651.786, 2707.792, 2761.098, 2846.049, 2934.532, 3003.699, 3069.053, 3119.743, 3187.853, 3255.916, 3317.02, 3368.282, 3443.11, 3500.439, 3556.203, 3614.679, 3667.554, 3718.165, 3769.447, 3821.47, 3877.513, 3935.152, 3991.281, 4043.811, 4095.899, 4146.611, 4202.914, 4258.496, 4311.477, 4365.58, 4416.505, 4468.502, 4521.116, 4574.559, 4628.72, 4682.4, 4735.722, 4788.356, 4843.628, 4897.669, 4950.021, 5003.565, 5057.82, 5109.43, 5163.178, 5217.333, 5275.334, 5329.569, 5384.259, 5438.318, 5491.044, 5544.566, 5599.823, 5652.038, 5712.165], "boss.in": ["\n", "-----------------------------   Welcome to ....   ------------------------------\n", "                      _______  _______ _______ _______ \n", "                     |   _   \\|   _   |   _   |   _   |\n", "                     |.  1   /|.  |   |   1___|   1___|\n", "                     |.  _   \\|.  |   |____   |____   |\n", "                     |:  1    |:  1   |:  1   |:  1   |\n", "                     |::.. .  |::.. . |::.. . |::.. . |\n", "                     `-------'`-------`-------`-------'\n", "\n", "                                 Version 0.9.17                                 \n", "                              01-09-2020 10:36:19                               \n", "--------------------------------------------------------------------------------\n", "\n", "| Reading BOSS input file from: in_2D\n", "| Initializing...\n", "\n", "--------------------------------------------------------------------------------\n", "                                   INPUT FILE                                   \n", "--------------------------------------------------------------------------------\n", "# input file for alanine 2D (d4-d13)\n", "\n", "# optimization\n", "userfn       userfn_2D.py\n", "bounds       -50 310; -50 310\n", "kernel       stdp\n", "yrange       -10 10\n", "initpts      100\n", "iterpts      0\n", "verbosity    2\n", "\n", "thetaprior gamma\n", "thetapriorparam 2 8; 3.3678 9.0204; 3.3678 9.0204\n", "--------------------------------------------------------------------------------\n", "                               SIMULATION OPTIONS                               \n", "--------------------------------------------------------------------------------\n", "|| File input/output \n", "ipfile         in_2D\n", "userfn         userfn_2D.py\n", "outfile        boss.out\n", "rstfile        boss.rst\n", "\n", "|| Key settings \n", "bounds         -5.000E+01 3.100E+02;    -5.000E+01 3.100E+02\n", "kerntype       stdp stdp\n", "yrange         -1.000E+01 1.000E+01\n", "noise          1.000E-12\n", "inittype       sobol\n", "initpts   100    iterpts   0\n", "gm_tol         none\n", "verbosity      2\n", "\n", "|| Data acquisition \n", "acqfn                elcb\n", "acqtol               1.000E-03\n", "\n", "|| GP hyperparameters \n", "thetainit       1.000E+01 3.142E-01\n", "thetabounds     none\n", "thetaprior      gamma\n", "thetapriorpar   2.000E+00 8.000E+00;    3.368E+00 9.020E+00;    3.368E+00 9.020E+00\n", "\n", "|| Hyperparameter optimization\n", "updatefreq   1  initupdate      True\n", "updateoffset 0  updaterestarts  2\n", "\n", "\n", "--------------------------------------------------------------------------------\n", "                              INITIAL DATAPOINT 1                               \n", "--------------------------------------------------------------------------------\n", "| Evaluating objective function at x = -5.000E+01 -5.000E+01\n", "| Objective function evaluated, time [s]       68.429\n", "| Data point added to dataset (x y): \n", " -5.0000000000E+01 -5.0000000000E+01      -2.0300491461E+05\n", "\n", "| Total ensemble size: 1\n", "| Next sampling location x_next:\n", "  1.3000000000E+02  1.3000000000E+02\n", "\n", "Iteration time [s]:   68.431        Total time [s]:   68.699\n", "\n", "--------------------------------------------------------------------------------\n", "                              INITIAL DATAPOINT 2                               \n", "--------------------------------------------------------------------------------\n", "| Evaluating objective function at x = 1.300E+02 1.300E+02\n", "| Objective function evaluated, time [s]       53.552\n", "| Data point added to dataset (x y): \n", "  1.3000000000E+02  1.3000000000E+02      -2.0300382088E+05\n", "\n", "| Total ensemble size: 2\n", "| Next sampling location x_next:\n", "  2.2000000000E+02  4.0000000000E+01\n", "\n", "Iteration time [s]:   53.553        Total time [s]:  122.252\n", "\n", "--------------------------------------------------------------------------------\n", "                              INITIAL DATAPOINT 3                               \n", "--------------------------------------------------------------------------------\n", "| Evaluating objective function at x = 2.200E+02 4.000E+01\n", "| Objective function evaluated, time [s]       51.370\n"], "bounds": [], "kernel": ["stdp"], "yrange": ["-1.000E+01", "1.000E+01"], "thetapriorparam": [[9.0204], [9.0204]], "thetainit": ["1.000E+01", "3.142E-01"], "tasks": 1, "dim": 2,