{"name": "alanine2D_LF_exp_3", "initpts": [5, 15], "iterpts": [50], "num_tasks": 1, "obs": null, "acqtime": [23.38, 0.555, 0.585, 0.52, 0.549, 0.494, 0.558, 0.53, 0.484, 0.542, 0.562, 0.589, 0.57, 0.53, 0.556, 0.742, 0.469, 0.508, 0.5, 0.53, 0.545, 0.493, 0.541, 0.635, 1.481, 0.609, 0.472, 0.469, 0.494, 1.412, 1.679, 1.405, 1.293, 1.338, 1.296, 0.863, 1.091, 0.698, 0.836, 0.61, 0.505, 0.499, 0.515, 0.531, 0.57, 0.486, 1.428, 0.447, 0.463], "bestacq": [[23.244808636, 174.72172598, 1.0, -8803.1025032], [40.0, 220.0, 0.0, 23.4849], [46.742739051, 184.37536, 0.0, 17.8485], [46.742739051, 184.37536, 0.0, 17.8485], [46.742739051, 184.37536, 0.0, 17.8485], [46.742739051, 184.37536, 0.0, 17.8485], [46.742739051, 184.37536, 0.0, 17.8485], [46.742739051, 184.37536, 0.0, 17.8485], [46.742739051, 184.37536, 0.0, 17.8485], [46.742739051, 184.37536, 0.0, 17.8485], [46.742739051, 184.37536, 0.0, 17.8485], [46.742739051, 184.37536, 0.0, 17.8485], [46.742739051, 184.37536, 0.0, 17.8485], [46.742739051, 184.37536, 0.0, 17.8485], [46.742739051, 184.37536, 0.0, 17.8485], [46.742739051, 184.37536, 0.0, 17.8485], [46.742739051, 184.37536, 0.0, 17.8485], [46.742739051, 184.37536, 0.0, 17.8485], [46.742739051, 184.37536, 0.0, 17.8485], [46.742739051, 184.37536, 0.0, 17.8485], [46.742739051, 184.37536, 0.0, 17.8485], [46.742739051, 184.37536, 0.0, 17.8485], [46.742739051, 184.37536, 0.0, 17.8485], [46.742739051, 184.37536, 0.0, 17.8485], [46.742739051, 184.37536, 0.0, 17.8485], [46.742739051, 184.37536, 0.0, 17.8485], [46.742739051, 184.37536, 0.0, 17.8485], [46.742739051, 184.37536, 0.0, 17.8485], [46.742739051, 184.37536, 0.0, 17.8485], [64.360680764, 182.99920226, 0.0, 17.5505], [64.360680764, 182.99920226, 0.0, 17.5505], [65.240386177, 178.60669702, 0.0, 17.5441], [65.240386177, 178.60669702, 0.0, 17.5441], [59.365468356, 180.43735567, 0.0, 17.4822], [59.365468356, 180.43735567, 0.0, 17.4822], [59.365468356, 180.43735567, 0.0, 17.4822], [59.365468356, 180.43735567, 0.0, 17.4822], [59.365468356, 180.43735567, 0.0, 17.4822], [59.365468356, 180.43735567, 0.0, 17.4822], [59.365468356, 180.43735567, 0.0, 17.4822], [59.365468356, 180.43735567, 0.0, 17.4822], [59.365468356, 180.43735567, 0.0, 17.4822], [59.365468356, 180.43735567, 0.0, 17.4822], [59.365468356, 180.43735567, 0.0, 17.4822], [59.365468356, 180.43735567, 0.0, 17.4822], [59.365468356, 180.43735567, 0.0, 17.4822], [59.365468356, 180.43735567, 0.0, 17.4822], [59.365468356, 180.43735567, 0.0, 17.4822], [59.365468356, 180.43735567, 0.0, 17.4822], [59.365468356, 180.43735567, 0.0, 17.4822], [59.365468356, 180.43735567, 0.0, 17.4822]], "gmp": [[48.668100618, 179.33971363, 1.0, -8803.1100173, 0.0008349553053], [36.904023628, 191.66014841, 0.0, 20.972687934, 2.4467219723], [42.193322253, 186.66720366, 0.0, 17.813575123, 0.025469610186], [47.277275629, 185.20507155, 0.0, 17.844408265, 0.0024431774037], [40.262805315, 185.47657259, 0.0, 17.830648657, 0.01315369569], [53.116275615, 186.68990058, 0.0, 17.792662616, 0.020850459885], [53.275669146, 186.75336412, 0.0, 17.78905545, 0.019528009924], [43.024242893, 185.48769955, 0.0, 17.837174022, 0.0028166574502], [44.068224921, 186.15871083, 0.0, 17.828918754, 0.0077555841], [46.400164296, 184.9219744, 0.0, 17.846827134, 0.00054661036656], [45.86070027, 183.98572713, 0.0, 17.847286899, 0.00025707246837], [43.07409033, 184.61013722, 0.0, 17.841972621, 0.0026073242541], [57.029489575, 180.88901734, 0.0, 17.63603911, 0.019034456239], [57.08557033, 180.96527933, 0.0, 17.637089818, 0.018477956399], [56.981614653, 180.90381649, 0.0, 17.63822147, 0.014868937147], [56.907615771, 181.26707327, 0.0, 17.64829198, 0.031212986698], [57.83759002, 181.11147994, 0.0, 17.60942051, 0.047087600991], [57.836079536, 181.04090833, 0.0, 17.585749327, 0.15113835347], [57.888484367, 181.67580347, 0.0, 17.613162871, 0.13507185512], [57.966111744, 181.0252928, 0.0, 17.595240184, 0.13819570564], [57.585984353, 181.59937263, 0.0, 17.623416428, 0.11570967592], [57.926604764, 181.11480527, 0.0, 17.586185723, 0.12351597519], [57.931728567, 181.03008993, 0.0, 17.580578642, 0.11339009238], [57.867490676, 181.00405461, 0.0, 17.581517256, 0.10441498679], [57.508458894, 181.27844852, 0.0, 17.597407559, 0.10541172741], [59.24952083, 179.59757419, 0.0, 17.446358054, 0.021412976151], [59.040981315, 179.71174691, 0.0, 17.460104591, 0.024118517601], [58.134806373, 179.28295908, 0.0, 17.518474298, 0.01290421415], [58.362826692, 179.36069504, 0.0, 17.512376088, 0.013262200291], [59.563386798, 180.06400069, 0.0, 17.473857457, 0.0012564914182], [59.674985168, 180.22523915, 0.0, 17.479456764, 3.324701162e-05], [59.771481203, 180.15520031, 0.0, 17.479799484, 2.6106377325e-05], [59.769847383, 180.15590011, 0.0, 17.479802226, 2.3508087429e-05], [59.807617444, 180.13456037, 0.0, 17.48148255, 3.1098187048e-08], [59.808534456, 180.13380403, 0.0, 17.481479039, 3.097802006e-08], [59.809826438, 180.13280618, 0.0, 17.481474319, 3.04431377e-08], [59.807352686, 180.13467805, 0.0, 17.48148365, 2.7670344149e-08], [59.807172372, 180.13483904, 0.0, 17.481484308, 2.6835428013e-08], [59.807155568, 180.13432794, 0.0, 17.481478483, 3.0998824751e-08], [59.814854187, 180.13243375, 0.0, 17.481466617, 4.1622383673e-08], [59.819145763, 180.12879313, 0.0, 17.48145009, 4.9343176567e-08], [59.817543101, 180.13006127, 0.0, 17.481455743, 4.6397841924e-08], [59.813375598, 180.13379231, 0.0, 17.48147073, 4.9920009371e-08], [59.813575214, 180.13305279, 0.0, 17.481468255, 5.9527186647e-08], [59.811207826, 180.13432641, 0.0, 17.48147558, 5.687009077e-08], [59.811660289, 180.13294041, 0.0, 17.481471827, 5.8791831758e-08], [59.810906836, 180.13262485, 0.0, 17.481471708, 5.5487317763e-08], [59.810478549, 180.13252543, 0.0, 17.481471882, 5.4482922973e-08], [59.809576713, 180.13240036, 0.0, 17.481472936, 5.2409999807e-08], [59.80863114, 180.13248438, 0.0, 17.481474791, 5.1298959658e-08], [59.807779068, 180.13311312, 0.0, 17.481477522, 4.891992047e-08]], "gmp_convergence": [[15380.067768, 2.0385564154], [168.35926319, 0.96501212951], [170.89571728, 1.1189989108], [170.06337039, 1.1195808515], [173.42564534, 1.1165227908], [173.56077105, 1.1158129233], [170.51715577, 1.118917735], [171.28447847, 1.0776463179], [170.453148, 1.0784303639], [169.42674057, 1.0788939643], [169.60178509, 1.0785902023], [168.63669904, 1.0659987659], [168.94891565, 1.0650692107], [168.86409508, 1.0651712649], [169.19690697, 1.0659982373], [169.25382036, 0.96862970236], [169.22803254, 0.96645057036], [169.87970714, 0.96222755295], [169.23979496, 0.9456893732], [169.72391568, 0.94704627778], [169.30554044, 0.94624766681], [169.26590495, 0.94552116226], [169.2316298, 0.94612044496], [169.41061278, 0.94746722196], [168.19221528, 0.939231991], [168.41776781, 0.94452613702], [167.76746661, 0.94754105697], [167.83343671, 0.94781815822], [168.81351095, 0.93069070552], [169.03929459, 0.93162909417], [168.98977566, 0.93139483234], [168.98966021, 0.93139535894], [168.97857194, 0.92842282422], [168.97620909, 0.89673902937], [168.97557611, 0.89673878727], [168.97676352, 0.89673926591], [168.97686296, 0.8967392998], [168.97636605, 0.89673900105], [168.97647777, 0.89673839216], [168.97406183, 0.89673754384], [168.97489928, 0.8967378334], [168.97744029, 0.89673860235], [168.97676182, 0.8967384752], [168.97739745, 0.89673885045], [168.97616855, 0.89673865811], [168.97568022, 0.89673865189], [168.97547736, 0.89673866099], [168.97513087, 0.89673871511], [168.97497371, 0.83755227018], [168.97536343, 0.83755240109]],