{"name": "alanine2D_LF_exp_1", "initpts": [5, 5], "iterpts": [50], "num_tasks": 1, "obs": null, "acqtime": [24.086, 0.544, 0.513, 0.552, 0.516, 0.534, 0.608, 0.524, 0.492, 1.438, 0.514, 0.522, 1.257, 0.523, 0.486, 0.543, 0.491, 0.62, 0.511, 0.513, 1.315, 0.513, 0.49, 0.62, 0.461, 0.494, 0.525, 0.53, 0.481, 0.531, 0.749, 0.674, 0.877, 0.912, 1.336, 1.369, 0.887, 0.725, 0.81, 0.621, 0.534, 0.781, 0.515, 0.546, 0.479, 0.491, 0.542, 0.493, 0.469], "bestacq": [[220.0, 40.0, 1.0, -8802.8783539], [40.0, 220.0, 0.0, 23.4849], [40.0, 220.0, 0.0, 23.4849], [40.0, 220.0, 0.0, 23.4849], [37.236172479, 180.64825428, 0.0, 18.3033], [37.236172479, 180.64825428, 0.0, 18.3033], [37.236172479, 180.64825428, 0.0, 18.3033], [37.236172479, 180.64825428, 0.0, 18.3033], [37.236172479, 180.64825428, 0.0, 18.3033], [37.236172479, 180.64825428, 0.0, 18.3033], [37.236172479, 180.64825428, 0.0, 18.3033], [37.236172479, 180.64825428, 0.0, 18.3033], [37.236172479, 180.64825428, 0.0, 18.3033], [37.236172479, 180.64825428, 0.0, 18.3033], [37.236172479, 180.64825428, 0.0, 18.3033], [37.236172479, 180.64825428, 0.0, 18.3033], [37.236172479, 180.64825428, 0.0, 18.3033], [37.236172479, 180.64825428, 0.0, 18.3033], [37.236172479, 180.64825428, 0.0, 18.3033], [37.236172479, 180.64825428, 0.0, 18.3033], [37.236172479, 180.64825428, 0.0, 18.3033], [37.236172479, 180.64825428, 0.0, 18.3033], [60.256974474, 177.80266567, 0.0, 17.5035], [60.256974474, 177.80266567, 0.0, 17.5035], [60.256974474, 177.80266567, 0.0, 17.5035], [60.256974474, 177.80266567, 0.0, 17.5035], [60.256974474, 177.80266567, 0.0, 17.5035], [60.256974474, 177.80266567, 0.0, 17.5035], [63.082093968, 180.59351322, 0.0, 17.5017], [57.8136176, 180.84936325, 0.0, 17.4905], [57.8136176, 180.84936325, 0.0, 17.4905], [57.8136176, 180.84936325, 0.0, 17.4905], [57.8136176, 180.84936325, 0.0, 17.4905], [57.8136176, 180.84936325, 0.0, 17.4905], [57.8136176, 180.84936325, 0.0, 17.4905], [57.8136176, 180.84936325, 0.0, 17.4905], [57.8136176, 180.84936325, 0.0, 17.4905], [57.8136176, 180.84936325, 0.0, 17.4905], [57.8136176, 180.84936325, 0.0, 17.4905], [57.8136176, 180.84936325, 0.0, 17.4905], [57.8136176, 180.84936325, 0.0, 17.4905], [57.8136176, 180.84936325, 0.0, 17.4905], [57.8136176, 180.84936325, 0.0, 17.4905], [57.8136176, 180.84936325, 0.0, 17.4905], [57.8136176, 180.84936325, 0.0, 17.4905], [57.8136176, 180.84936325, 0.0, 17.4905], [57.8136176, 180.84936325, 0.0, 17.4905], [57.8136176, 180.84936325, 0.0, 17.4905], [57.8136176, 180.84936325, 0.0, 17.4905], [57.8136176, 180.84936325, 0.0, 17.4905], [57.8136176, 180.84936325, 0.0, 17.4905]], "gmp": [[220.00010367, 39.999894044, 1.0, -8802.8783537, 1.0002701613e-08], [38.673057544, 221.2797834, 0.0, 23.48045932, 0.024006514635], [42.830785915, 220.48914854, 0.0, 23.470688569, 0.048983508399], [40.765839725, 214.43683291, 0.0, 23.35569845, 0.43236234304], [37.391632811, 180.29116878, 0.0, 18.302702224, 0.0012607531268], [58.059091473, 182.67211904, 0.0, 17.866244051, 0.3171998436], [57.509952942, 182.87224381, 0.0, 17.945270349, 0.21171425626], [57.40166195, 182.81199463, 0.0, 17.998876742, 0.14037998164], [57.726526379, 182.72135535, 0.0, 17.948520981, 0.22771579636], [56.066145493, 184.25599592, 0.0, 18.045429524, 0.17784557365], [52.647304536, 186.17059531, 0.0, 18.051038575, 0.24090353419], [53.097750556, 185.91354463, 0.0, 18.064640208, 0.1881613947], [54.541474763, 184.33350018, 0.0, 18.139883492, 0.11700617046], [60.513414066, 179.80943927, 0.0, 18.133433981, 0.065694698839], [61.140512358, 179.71489436, 0.0, 18.15133747, 0.049059786594], [61.172375869, 179.68943219, 0.0, 18.152780385, 0.046305915827], [59.074265161, 182.25964024, 0.0, 17.876454057, 0.02189836591], [58.667715509, 180.38470206, 0.0, 17.688986601, 0.14385349703], [59.364926349, 180.79981111, 0.0, 17.64349487, 0.10739275329], [59.401153798, 180.57269607, 0.0, 17.630082533, 0.10347777618], [59.204864493, 180.9746143, 0.0, 17.664634855, 0.095386185007], [59.149113924, 180.9534207, 0.0, 17.658857499, 0.086512799273], [59.70243852, 180.36699751, 0.0, 17.475280361, 0.0022065305002], [59.757206182, 180.53481907, 0.0, 17.471297919, 0.0031047398685], [59.746057455, 180.54555917, 0.0, 17.471224559, 0.0026864968117], [59.800867332, 180.6775253, 0.0, 17.468155174, 0.0027262463858], [59.774007637, 180.35711848, 0.0, 17.475564209, 0.00010883627171], [59.799295869, 180.36800515, 0.0, 17.475289165, 0.0001081836218], [59.519857485, 180.2361443, 0.0, 17.478488193, 2.7210434011e-05], [59.778312573, 180.14350006, 0.0, 17.48152674, 4.9154811688e-08], [59.772774107, 180.13614021, 0.0, 17.481575978, 8.203625681e-08], [59.772503873, 180.13664876, 0.0, 17.48156857, 7.2042892452e-08], [59.775710008, 180.13525596, 0.0, 17.481569125, 7.8951435523e-08], [59.781281075, 180.14009654, 0.0, 17.481551802, 7.2340254586e-08], [59.802052118, 180.13988674, 0.0, 17.481667145, 8.4269485523e-08], [59.79413738, 180.13928216, 0.0, 17.481634226, 7.3770783171e-08], [59.788944303, 180.13808344, 0.0, 17.481608698, 5.7849382085e-08], [59.792672477, 180.13982312, 0.0, 17.481600053, 5.6047857821e-08], [59.791379396, 180.13902346, 0.0, 17.481598033, 5.412532813e-08], [59.795924688, 180.13976304, 0.0, 17.48157885, 5.342883993e-08], [59.792911859, 180.13830324, 0.0, 17.481592091, 4.7507134138e-08], [59.787202986, 180.14055055, 0.0, 17.481577112, 4.9346644015e-08], [59.789011063, 180.13951065, 0.0, 17.481587759, 5.0876087254e-08], [59.788726141, 180.14135908, 0.0, 17.481589238, 4.8947589004e-08], [59.794811763, 180.1547034, 0.0, 17.481525958, 7.3971880976e-08], [59.79581828, 180.15518707, 0.0, 17.48152769, 6.9128693791e-08], [59.791159858, 180.15526632, 0.0, 17.481522801, 6.6622709038e-08], [59.786655574, 180.15255906, 0.0, 17.481506556, 6.1920436689e-08], [59.779039483, 180.14049882, 0.0, 17.481577884, 9.9470069426e-08], [59.784838981, 180.14425096, 0.0, 17.481556807, 9.3316051686e-08], [59.785262864, 180.14488756, 0.0, 17.481544588, 8.5399106364e-08]], "gmp_convergence": [[15398.023534, 2.2824039922], [199.34440233, 2.2791206942], [193.1788388, 2.2655152749], [159.28351437, 1.1552206889], [170.09663306, 1.1548744148], [170.63940426, 1.1395592859], [170.469576, 1.1498437208], [170.39876956, 1.1511998681], [171.56129786, 0.90370015459], [172.59489752, 0.90651401888], [172.42950141, 0.90400563359], [171.17892534, 0.91049695163], [168.11191728, 0.91377877355], [168.18739119, 0.91728930082], [168.15123206, 0.91820619375], [170.10335917, 0.90433081806], [168.50052015, 0.89606055036], [169.27765734, 0.88756777977], [169.11806406, 0.88873677646], [169.47188075, 0.89068780703], [169.39961308, 0.89080518317], [168.97762213, 0.84756278266], [169.3563103, 0.85147792422], [169.36828578, 0.851430568], [169.50911169, 0.8513013461], [169.19732848, 0.8516605396], [169.20591278, 0.85177471116], [169.00954831, 0.85185593183], [168.98129712, 0.85154314485], [168.96945482, 0.85154686636], [168.96982211, 0.8515465039], [168.96929207, 0.85154653144], [168.97534563, 0.85154568727], [168.98036373, 0.85155130606], [168.97767174, 0.85154970198], [168.97525409, 0.851548459], [168.97789051, 0.85154803864], [168.97680657, 0.85154794037], [168.97865887, 0.85154700599], [168.97652053, 0.85154765105], [168.97723972, 0.85154692167], [168.976708, 0.85154744021], [168.97840417, 0.85154751217], [168.99277155, 0.85154442986], [168.99355936, 0.85154451298], [168.99246736, 0.85154427507], [168.98873908, 0.85154348387], [168.97524117, 0.8515469586], [168.98022569, 0.85154593009], [168.980968, 0.85154533514]],