{"name": "a3c4_11", "initpts": [2, 10], "iterpts": [50], "num_tasks": 2, "obs": null, "acqtime": [64.004, 51.44, 52.935, 52.654, 52.773], "bestacq": [[-50.0, -50.0, 0.0, 12.40512999999919], [-50.0, -50.0, 0.0, 12.40512999999919], [-50.0, -50.0, 0.0, 12.40512999999919], [-50.0, 140.4383057, 0.0, 10.190080000000307], [-50.0, 140.4383057, 0.0, 10.190080000000307], [-50.0, 140.4383057, 0.0, 10.190080000000307]], "gmp": [[-50.0, -50.0, 0.0, 12.40512999999919, 1.0001999584e-08], [143.46462608, 183.37841898, 0.0, 9.07974000001559, 0.44689314957], [298.60993225, 303.71539099, 0.0, 11.38536000001477, 3.2000466075], [306.45584315, 171.90015223, 0.0, 8.441920000012033, 5.6006989058], [144.43594581, 180.3662397, 0.0, 10.632390000013402, 1.2775823558], [143.66363608, 179.79276508, 0.0, 11.219639999995707, 1.3591666631]], "gmp_convergence": [[303.14031073, 0.18926139687], [196.34422034, 0.13122223081], [132.0485346, 0.16752322771], [162.24093741, 0.12466847588], [0.96194358379, 0.033422639749]], "GP_hyperparam": [[0.74092797803, 0.33894887238, -0.18028843129, 6.3642074555, 0.23884048274, 4.1300625298e-06], [0.58675314694, 0.200286945, 6.474006559, 6.5382466648, 9.774218737e-06, 7.3432434109e-12], [0.46225391774, 0.19092196996, 6.2259254937, 6.6045602708, 9.7742031208e-06, 7.3432434109e-12], [0.46532481158, 0.22683502964, 5.7242069447, 6.660093077, 9.7741837669e-06, 7.3432434109e-12], [0.41870172113, 0.22501236365, 5.3981715792, 6.6778767628, 5.9469411383e-11, 1.8405790339e-05], [0.3904248114, 0.22048011933, 5.1030397027, 6.6448988157, 5.9469411383e-11, 1.8405769188e-05]], "itertime": [0.001, 0.001, 0.001, 0.001, 0.001, 0.001, 0.001, 0.001, 0.001, 0.001, 0.001, 1.236, 65.522, 52.812, 54.215, 54.029, 54.34], "totaltime": [67.727, 162.859, 185.86, 209.669, 232.106, 255.95300000000003, 279.581, 303.174, 327.005, 350.847, 374.96299999999997, 376.20000000000005, 441.722, 494.535, 548.751, 602.781, 657.121], "boss.in": ["\n", "-----------------------------   Welcome to ....   ------------------------------\n", "                      _______  _______ _______ _______ \n", "                     |   _   \\|   _   |   _   |   _   |\n", "                     |.  1   /|.  |   |   1___|   1___|\n", "                     |.  _   \\|.  |   |____   |____   |\n", "                     |:  1    |:  1   |:  1   |:  1   |\n", "                     |::.. .  |::.. . |::.. . |::.. . |\n", "                     `-------'`-------`-------`-------'\n", "\n", "                                 Version 0.9.15                                 \n", "                              16-09-2020 12:39:29                               \n", "--------------------------------------------------------------------------------\n", "\n", "| Reading BOSS input file from: in_2D\n", "| Initializing...\n", "\n", "--------------------------------------------------------------------------------\n", "                                   INPUT FILE                                   \n", "--------------------------------------------------------------------------------\n", "# input file for alanine 2D (d4-d13)\n", "\n", "# optimization\n", "userfn       userfn_2D.py\n", "bounds       -50 310; -50 310\n", "kernel       stdp\n", "num_tasks    2\n", "initpts 2 10\n", "iterpts      50\n", "verbosity    2\n", "W_prior      gaussian\n", "W_priorparam 10.062 3.953\n", "thetaprior gamma\n", "thetapriorparam 2 0.016; 3.3678 9.0204; 3.3678 9.0204\n", "RESULTS:\n", "-5.000000000000000E+01 -5.000000000000000E+01 0 -2.030049146092371E+05 \n", "1.300000000000000E+02 1.300000000000000E+02 0 -2.030038208770180E+05 \n", "2.073701355269083E+02 9.032759458361426E+01 1 -2.029903947034129E+05 \n", "1.359264329117935E+02 1.848050271899596E+02 1 -2.030075879635490E+05 \n", "9.513321372115958E+01 2.186996065887993E+02 1 -2.030013418281889E+05 \n", "1.791116481797114E+02 2.193793547546801E+02 1 -2.030006431491411E+05 \n", "1.016375523208143E+02 1.425858772723860E+02 1 -2.030021702518589E+05 \n", "-1.287641480404813E+01 -2.931205668069050E+01 1 -2.029940274784827E+05 \n", "-7.960864140650933E+00 1.712118705589227E+02 1 -2.030073529990787E+05 \n", "2.946103096572728E+02 1.891858967174602E+02 1 -2.030079650599959E+05 \n", "2.244624276599746E+02 1.661500714671077E+02 1 -2.030057721906358E+05 \n", "-4.518772157260619E+01 2.530061284240201E+02 1 -2.029929717252401E+05 \n", "--------------------------------------------------------------------------------\n", "                               SIMULATION OPTIONS                               \n", "--------------------------------------------------------------------------------\n", "|| File input/output \n", "ipfile         in_2D\n", "userfn         userfn_2D.py\n", "outfile        boss.out\n", "rstfile        boss.rst\n", "\n", "|| Key settings \n", "num_tasks         2\n", "bounds         -5.000E+01 3.100E+02;    -5.000E+01 3.100E+02\n", "kerntype       stdp stdp\n", "yrange         -5.000E+01 3.100E+02;    -5.000E+01 3.100E+02\n", "noise          1.000E-12\n", "initpts    2 10    iterpts   50\n", "gm_tol         none\n", "verbosity      2\n", "\n", "|| Data acquisition \n", "acqfn                elcb\n", "acqtol               1.000E-03\n", "\n", "|| GP hyperparameters \n", "thetainit       1.000E+00 3.142E-01\n", "thetabounds     none\n", "thetaprior      gamma\n", "thetapriorpar   2.000E+00 1.600E-02;    3.368E+00 9.020E+00;    3.368E+00 9.020E+00\n", "\n", "|| Hyperparameter optimization\n", "updatefreq   1  initupdate      True\n", "updateoffset 0  updaterestarts  2\n", "\n", "\n", "--------------------------------------------------------------------------------\n", "                              INITIAL DATAPOINT 1                               \n", "--------------------------------------------------------------------------------\n", "| Data point added to dataset (x i y): \n", " -5.0000000000E+01 -5.0000000000E+01  0.0000000000E+00      -2.0300491461E+05\n", "\n", "| Total ensemble size: 1\n", "| Next sampling location (x_next, i_next):\n", "  1.3000000000E+02  1.3000000000E+02  0.0000000000E+00\n", "\n", "Iteration time [s]:    0.001        Total time [s]:    0.069\n", "\n", "--------------------------------------------------------------------------------\n", "                              INITIAL DATAPOINT 2                               \n", "--------------------------------------------------------------------------------\n", "| Data point added to dataset (x i y): \n", "  1.3000000000E+02  1.3000000000E+02  0.0000000000E+00      -2.0300382088E+05\n", "\n", "| Total ensemble size: 2\n"], "bounds": [], "kernel": ["stdp"], "thetapriorparam": [[9.0204], [9.0204]], "yrange": ["-5.000E+01", "3.100E+02;", "-5.000E+01", "3.100E+02"], "thetainit": ["1.000E+00", "3.142E-01"], "tasks": 2, "dim": 2, "xy": [[-50.0, -50.0, 0.0, 12.40512999999919], [130.0, 130.0, 0.0, 13.498859999992419], [207.37013553, 90.327594584, 1.0, 203039.29873], [135.92643291, 184.80502719, 1.0, 203022.10547], [95.133213721, 218.69960659, 1.0, 203028.35160000002], [179.11164818, 219.37935475, 1.0, 203029.05028000002], [101.63755232, 142.58587727, 1.0, 203027.52318000002], [-12.876414804, -29.312056681, 1.0, 203035.66595000002], [-7.9608641407, 171.21187056, 1.0, 203022.34043], [294.61030966, 189.18589672, 1.0, 203021.72837000003], [224.46242766, 166.15007147, 1.0, 203023.92124000003], [-45.187721573, 253.00612842, 1.0, 203036.72170000002], [26.436035066, 262.11594555, 0.0, 20.929470000002766], [195.4026874, 298.95793071, 0.0, 19.941320000012638], [-50.0, 140.4383057, 0.0, 10.190080000000307], [86.383796549, 35.628817986, 0.0, 19.453460000018822], [7.2389758622, 112.66977586, 0.0, 18.367060000018682]], "truemin": [[237.3953097, 0.69994242467, -203017.31974], [237.06939799, 0.82906790191, -203012.37369]], "modeltime": [-64.003, -51.439, -52.934000000000005, -52.653000000000006, -52.772000000000006], "tolerance_levels": [5, 2, 1, 0.5, 0.2, 0.1, 0.05, 0.02, 0.01, 0.005, 0.002, 0.001],