{"name": "a3c4_14", "initpts": [2, 25], "iterpts": [50], "num_tasks": 2, "obs": null, "acqtime": [69.069, 53.754, 51.614, 54.892, 53.284, 55.392, 53.179, 55.219, 56.704, 52.171, 57.741, 52.027, 50.885, 54.297], "bestacq": [[-50.0, -50.0, 0.0, 12.40512999999919], [240.00513011, -0.57643640736, 0.0, 0.010390000010374933], [240.00513011, -0.57643640736, 0.0, 0.010390000010374933], [240.00513011, -0.57643640736, 0.0, 0.010390000010374933], [240.00513011, -0.57643640736, 0.0, 0.010390000010374933], [240.00513011, -0.57643640736, 0.0, 0.010390000010374933], [240.00513011, -0.57643640736, 0.0, 0.010390000010374933], [240.00513011, -0.57643640736, 0.0, 0.010390000010374933], [240.00513011, -0.57643640736, 0.0, 0.010390000010374933], [240.00513011, -0.57643640736, 0.0, 0.010390000010374933], [240.00513011, -0.57643640736, 0.0, 0.010390000010374933], [240.00513011, -0.57643640736, 0.0, 0.010390000010374933], [240.00513011, -0.57643640736, 0.0, 0.010390000010374933], [240.00513011, -0.57643640736, 0.0, 0.010390000010374933], [236.81290172, 1.4878626988, 0.0, 0.002710000000661239]], "gmp": [[62.075239942, 181.81642398, 0.0, 12.422060000011697, 0.27810717974], [240.43636562, -0.90786669595, 0.0, 0.009640000003855675, 9.5130374303e-05], [241.77883127, -1.9156236729, 0.0, -0.0050999999803025275, 0.0048629144166], [237.43208256, 1.1413283639, 0.0, -0.008919999992940575, 0.00032108848865], [237.23998073, 1.2694134715, 0.0, -0.013399999996181577, 0.00012269262272], [237.32089426, 1.3667995905, 0.0, -0.015110000007553026, 0.00022304116405], [237.43093466, 1.4787625237, 0.0, -0.01704000000609085, 0.00040073541994], [237.48524061, 1.5292754334, 0.0, -0.017939999990630895, 0.00048311533224], [237.52794521, 1.564205851, 0.0, -0.018469999980879948, 0.0005462519015], [236.23715447, 0.27173808556, 0.0, -0.0159599999897182, 6.9839781579e-05], [236.24985464, 0.27244239832, 0.0, -0.01592999999411404, 6.8544749629e-05], [237.18496882, 0.97485236789, 0.0, -0.00781999999890104, 2.9002382311e-05], [237.18920603, 0.97091882968, 0.0, -0.007619999989401549, 2.8405640782e-05], [237.18440618, 0.97454437897, 0.0, -0.007469999982276931, 2.6930162567e-05], [237.50980382, 0.76670460786, 0.0, -0.00039999998989515007, 1.6783001469e-07]], "gmp_convergence": [[255.34458592, 0.57364155247], [1.678626862, 0.00059951324818], [5.3140549531, 0.00017000658285], [0.23088722591, 0.00020447811398], [0.12661380777, 7.6607638902e-05], [0.15698595149, 8.3196371089e-05], [0.07416663394, 3.8560139329e-05], [0.055170799554, 2.2034831424e-05], [1.82663999, 0.00010312968799], [0.012719680102, 1.3388928432e-06], [1.1695376451, 0.0003267566832], [0.0057815785337, 7.8956756652e-06], [0.0060152431939, 6.4925143427e-06], [0.38611007858, 0.00029312452699]], "GP_hyperparam": [[0.70528838291, 0.37419433544, 0.63973879619, 8.1724274474, 0.31970775566, 3.0185370574e-05], [0.72695281645, 0.35082856188, 6.8190991979, 8.129855388, 5.6288764439e-49, 1.8334988721e-07], [0.72377384234, 0.39314340895, 8.1093986982, 8.4735772278, 2.9190918684, 0.37991894924], [0.78028056323, 0.42703075263, 8.2987509986, 8.9097971952, 3.881515949e-24, 1.758128896e-08], [0.78279432742, 0.43435607785, 8.224259299, 9.216961725, 0.61129167537, 0.50277016388], [0.79757350821, 0.44515590316, 8.4688636542, 9.3612652462, 3.328587339e-05, 2.1235000877], [0.81018398677, 0.45610811185, 8.6596787308, 9.5783516063, 3.3287644751e-05, 3.2177178114], [0.82778599886, 0.46306130471, 8.8239747861, 9.7831289413, 3.3288276783e-05, 3.6830587506], [0.84282255386, 0.47517622038, 9.0643470922, 10.031188776, 3.3288837025e-05, 4.1135537891], [0.84047749573, 0.48654941309, 9.4483301794, 10.211505958, 3.3289886701e-05, 4.9205568469], [0.84947869599, 0.48999063526, 9.5933034056, 10.31542795, 9.4714986412e-05, 5.0783117206], [0.84744073271, 0.47291273932, 10.104773983, 10.109796459, 4.8010184051, 1.4913648062], [0.8440362654, 0.48481639081, 10.28936452, 10.283615879, 4.5687742614, 1.3515656791], [0.82677260892, 0.48928882293, 10.185602239, 10.116808138, 1.0488279125, 2.7718426708], [0.8040988848, 0.49713151255, 10.222441073, 10.19541339, 1.2849962517, 3.2442687172]], "itertime": [0.001, 0.0, 0.001, 0.001, 0.001, 0.001, 0.001, 0.001, 0.001, 0.001, 0.001, 0.001, 0.001, 0.001, 0.001, 0.001, 0.001, 0.001, 0.001, 0.001, 0.001, 0.001, 0.001, 0.001, 0.001, 0.001, 1.435, 70.26, 54.869, 52.805, 55.877, 54.608, 56.648, 54.432, 56.516, 58.15, 53.693, 58.987, 53.447, 52.22, 55.793], "totaltime": [73.856, 172.19, 196.865, 220.19, 245.17699999999996, 269.38199999999995, 293.346, 316.238, 340.154, 364.11699999999996, 391.37, 414.31600000000003, 438.882, 463.953, 488.38199999999995, 512.937, 536.2249999999999, 560.608, 584.944, 609.663, 634.555, 659.4639999999999, 684.62, 709.182, 733.956, 758.251, 759.686, 829.947, 884.816, 937.6220000000001, 993.499, 1048.108, 1104.756, 1159.188, 1215.705, 1273.855, 1327.549, 1386.5369999999998, 1439.984, 1492.205, 1547.998],