{"name": "a3c4_18", "initpts": [2, 45], "iterpts": [50], "num_tasks": 2, "obs": null, "acqtime": [67.86, 56.58, 52.58, 53.83, 54.991, 53.029, 57.611, 55.249, 56.132, 53.137], "bestacq": [[-50.0, -50.0, 0.0, 12.40512999999919], [236.61894598, 1.023495733, 0.0, 0.00022000001627020538], [236.61894598, 1.023495733, 0.0, 0.00022000001627020538], [236.61894598, 1.023495733, 0.0, 0.00022000001627020538], [236.61894598, 1.023495733, 0.0, 0.00022000001627020538], [236.61894598, 1.023495733, 0.0, 0.00022000001627020538], [236.61894598, 1.023495733, 0.0, 0.00022000001627020538], [236.61894598, 1.023495733, 0.0, 0.00022000001627020538], [236.61894598, 1.023495733, 0.0, 0.00022000001627020538], [236.61894598, 1.023495733, 0.0, 0.00022000001627020538], [236.61894598, 1.023495733, 0.0, 0.00022000001627020538]], "gmp": [[61.202821228, 179.58191625, 0.0, 10.36712000000989, 0.49481748629], [231.94720529, 2.6435761717, 0.0, -0.019020000007003546, 0.017863273275], [227.46239345, 4.2429853582, 0.0, -0.08324999999604188, 0.17124037529], [225.63356558, 4.8666153964, 0.0, -0.12983999997959472, 0.28758185532], [224.98261444, 5.1759971728, 0.0, -0.15221000000019558, 0.30927722632], [235.36659812, 2.0522318723, 0.0, -0.005390000005718321, 0.0020398527112], [234.35816819, 2.4163574726, 0.0, -0.010320000001229346, 0.0030651738754], [232.78440125, 2.4822924323, 0.0, -0.01764000000548549, 0.0033101602988], [232.91301888, 2.4470387077, 0.0, -0.016379999986384064, 0.0030462727246], [232.94665488, 2.4267829599, 0.0, -0.015589999995427206, 0.0028520480326], [232.62188282, 2.4160008185, 0.0, -0.01647999999113381, 0.0028714678485]], "gmp_convergence": [[245.88782174, 0.4371875619], [4.7614752963, 0.0027038538743], [1.9322333648, 0.0019610901042], [0.72073190323, 0.0009415417217], [10.843662981, 0.0061801208848], [1.0721559509, 0.00020735565674], [1.5751475471, 0.00030808813298], [0.13336161365, 5.2888113164e-05], [0.039264180355, 3.3240924287e-05], [0.32495099426, 3.7342962848e-05]], "GP_hyperparam": [[0.58094610184, 0.43650338516, 2.2153630763, 7.9248701669, 0.51008289761, 0.63004608286], [0.58241287575, 0.42786110278, 7.0715237212, 7.7353656412, 1.5367587611, 2.4754597257], [0.5869696058, 0.43517927383, 7.3476966708, 7.3866558241, 0.22007546039, 10.530875428], [0.59126564008, 0.4401764219, 7.2498937267, 7.3633651518, 0.36095349902, 13.223236302], [0.59548962877, 0.44436934535, 7.1521322899, 7.4802127315, 0.3879352898, 13.546351133], [0.60077671385, 0.45128889474, 7.3319952725, 7.6455999883, 0.4605158505, 14.180510591], [0.60612266831, 0.45429733005, 7.3464435386, 7.9776653332, 0.134842115, 10.997689373], [0.61293201381, 0.46233675637, 7.5000491159, 8.1720307185, 0.00017878014972, 12.090287112], [0.61984366019, 0.46375454372, 7.6346530815, 8.3039365379, 0.00010547585927, 12.0197401], [0.62086997064, 0.46982039313, 7.8565150178, 8.4786119699, 0.0001054671652, 11.415939008], [0.62507293143, 0.46680168906, 8.14680903, 8.5807479826, 0.00010545166808, 10.195087751]], "itertime": [0.001, 0.001, 0.001, 0.001, 0.001, 0.001, 0.001, 0.001, 0.001, 0.001, 0.001, 0.001, 0.001, 0.001, 0.001, 0.001, 0.001, 0.001, 0.001, 0.001, 0.001, 0.001, 0.001, 0.001, 0.001, 0.001, 0.001, 0.001, 0.001, 0.001, 0.001, 0.001, 0.001, 0.001, 0.001, 0.001, 0.0, 0.001, 0.001, 0.001, 0.001, 0.001, 0.0, 0.0, 0.001, 0.001, 1.485, 69.204, 57.928, 53.724, 55.148, 56.13, 54.041, 59.28, 56.899, 57.535, 54.853], "totaltime": [54.821, 146.231, 171.48399999999998, 196.438, 221.247, 247.386, 272.38, 297.096, 321.887, 347.53000000000003, 371.25, 394.88300000000004, 420.183, 444.385, 469.544, 494.505, 519.641, 543.7529999999999, 567.8720000000001, 593.472, 618.401, 643.486, 668.555, 694.193, 719.289, 744.448, 769.649, 795.064, 820.1370000000001, 845.489, 871.939, 897.667, 924.8430000000001, 950.568, 976.241, 1002.13, 1028.884, 1054.767, 1081.136, 1107.24, 1133.548, 1159.2649999999999, 1184.174, 1210.5549999999998, 1236.8229999999999, 1263.057, 1264.543, 1333.748, 1391.676, 1445.3999999999999, 1500.549, 1556.6799999999998, 1610.721, 1670.001, 1726.9009999999998, 1784.437, 1839.29],