{"name": "a3c4_16", "initpts": [2, 35], "iterpts": [50], "num_tasks": 2, "obs": null, "acqtime": [67.675, 52.008, 54.158, 52.535, 52.214, 53.248, 57.038, 53.069, 56.156, 56.425, 55.667, 53.782, 52.859, 51.807, 50.678, 51.948, 52.106, 50.307, 53.796, 52.12, 51.012, 50.537, 53.088], "bestacq": [[-50.0, -50.0, 0.0, 12.40512999999919], [233.29791429, 2.2055236002, 0.0, 0.018890000006649643], [233.29791429, 2.2055236002, 0.0, 0.018890000006649643], [233.29791429, 2.2055236002, 0.0, 0.018890000006649643], [233.29791429, 2.2055236002, 0.0, 0.018890000006649643], [233.29791429, 2.2055236002, 0.0, 0.018890000006649643], [233.29791429, 2.2055236002, 0.0, 0.018890000006649643], [233.29791429, 2.2055236002, 0.0, 0.018890000006649643], [233.29791429, 2.2055236002, 0.0, 0.018890000006649643], [233.29791429, 2.2055236002, 0.0, 0.018890000006649643], [233.29791429, 2.2055236002, 0.0, 0.018890000006649643], [239.12136076, 1.3635654812, 0.0, 0.011300000012852252], [237.51551572, 0.65842674476, 0.0, 0.0002500000118743628], [237.51551572, 0.65842674476, 0.0, 0.0002500000118743628], [237.51551572, 0.65842674476, 0.0, 0.0002500000118743628], [237.51551572, 0.65842674476, 0.0, 0.0002500000118743628], [237.51551572, 0.65842674476, 0.0, 0.0002500000118743628], [237.51551572, 0.65842674476, 0.0, 0.0002500000118743628], [237.51551572, 0.65842674476, 0.0, 0.0002500000118743628], [237.51551572, 0.65842674476, 0.0, 0.0002500000118743628], [237.51551572, 0.65842674476, 0.0, 0.0002500000118743628], [237.51551572, 0.65842674476, 0.0, 0.0002500000118743628], [237.51551572, 0.65842674476, 0.0, 0.0002500000118743628], [237.51551572, 0.65842674476, 0.0, 0.0002500000118743628]], "gmp": [[37.033631865, 186.07886153, 0.0, 12.704490000003716, 0.30886635134], [237.47254613, 0.7431627, 0.0, 0.002410000015515834, 5.0409364682e-09], [237.60038939, 0.71984855533, 0.0, -0.002689999993890524, 1.9464428202e-08], [237.57273752, 0.72410481214, 0.0, -0.0004199999966658652, 1.0075671764e-08], [237.58376864, 0.72118762042, 0.0, -0.0012200000055599958, 1.2075522715e-08], [237.60931163, 0.71700266998, 0.0, -0.0032899999932851642, 2.0619571739e-08], [240.36520563, -0.60847172772, 0.0, -0.042759999982081354, 0.06902059238], [241.89871821, -0.93941047133, 0.0, -0.05853999999817461, 0.04736672462], [241.20428169, -0.6649697284, 0.0, -0.04400999998324551, 0.02058933292], [237.94700779, 0.49057078415, 0.0, -0.0032399999909102917, 0.00030533973919], [237.5325074, 0.68572270347, 0.0, 0.0016999999934341758, 1.9364638088e-06], [237.75041864, 0.78234963232, 0.0, 0.002880000014556572, 7.6170962684e-07], [237.55121176, 0.67966699201, 0.0, 0.00023999999393709004, 9.5081612805e-09], [237.58140922, 0.70144269646, 0.0, 0.00022000001627020538, 9.0504438609e-09], [237.6164598, 0.71536153399, 0.0, 0.00019000002066604793, 8.7097812517e-09], [237.59199858, 0.71156017158, 0.0, 0.00019000002066604793, 9.1365332188e-09], [237.59306305, 0.70835075756, 0.0, 0.00020000000949949026, 9.4212903256e-09], [237.58148678, 0.70188812511, 0.0, 0.0002099999983329326, 9.5820719358e-09], [237.58155305, 0.70197783834, 0.0, 0.0002099999983329326, 9.6869338328e-09], [237.58550598, 0.70133400336, 0.0, 0.0002099999983329326, 9.8730107644e-09], [237.57948791, 0.6940154397, 0.0, 0.00022000001627020538, 9.8672980008e-09], [237.5810043, 0.68987513895, 0.0, 0.00022000001627020538, 9.8547782378e-09], [237.57859485, 0.68748563939, 0.0, 0.00022000001627020538, 9.881366747e-09], [237.56193554, 0.70472256182, 0.0, 0.00022000001627020538, 1.1914428466e-08]], "gmp_convergence": [[272.99281971, 0.54527769655], [0.129951714, 0.00019667884629], [0.02797751906, 9.2984949974e-05], [0.011410332164, 3.2067142653e-05], [0.025883546672, 7.9113055342e-05], [3.0580768678, 0.0014939471319], [1.5688152493, 0.00062546312789], [0.74669927277, 0.00059359462391], [3.4561694362, 0.001729506081], [0.45814281559, 0.00021216191673], [0.23837380653, 4.9660249183e-05], [0.22411405076, 0.00010863990327], [0.037229932848, 8.4980371517e-07], [0.037713094312, 1.5793563561e-06], [0.024754827044, 3.570973479e-07], [0.0033813341419, 1.3672810797e-07], [0.013258036325, 4.8565726723e-07], [0.00011153291425, 5.9736070592e-09], [0.004005024535, 4.1049096774e-08], [0.0094751527405, 3.8086948599e-07], [0.0044092545885, 1.4559149781e-07], [0.0033934008443, 9.8007153405e-08], [0.023971734261, 3.1847227429e-07]], "GP_hyperparam": [[0.64636652257, 0.4375944513, 0.39771371344, 8.2630801021, 0.34046969637, 0.0003474626899], [0.67233827877, 0.47974728397, 8.1745537642, 8.9280888523, 1.5721377101e-13, 1.3324667307e-13], [0.61491711743, 0.35980998517, 10.185060582, 7.944343726, 1.5721377036e-13, 1.3324666186e-13], [0.65852319296, 0.40973996483, 9.6313098734, 8.5788788389, 1.5721377445e-13, 1.3324666676e-13], [0.62984274534, 0.39800879741, 9.7958987342, 8.3997412432, 1.5721377514e-13, 1.3324666737e-13], [0.60116890392, 0.36790978942, 10.862218112, 8.3105336268, 1.5721376126e-13, 1.332466485e-13], [0.67801594228, 0.46238796569, 8.4717072467, 8.4761503091, 0.78381454993, 8.8723864215], [0.68251556642, 0.46397508271, 8.8319587863, 8.8105092077, 1.0736586238, 3.1060785006], [0.68883023612, 0.4680272823, 8.9679211029, 8.9462750677, 0.45548943601, 1.6010062282], [0.68309751254, 0.46307754817, 9.088806112, 8.8862492433, 0.13461194011, 0.20778868828], [0.68989733249, 0.46959646667, 8.6006460585, 8.8503913421, 0.045948422836, 0.058626234109], [0.67061995516, 0.44808819826, 7.6851399729, 8.5132423355, 0.014210170946, 0.041356517561], [0.66742705835, 0.46123864693, 7.6109121077, 8.7184583565, 0.026568831641, 0.31444901674], [0.6802151204, 0.47339819886, 8.0648571986, 8.7427906613, 0.022021338374, 0.10726943567], [0.70074410411, 0.48800610056, 8.8441892936, 9.1059864919, 0.010378982614, 0.084547503924], [0.70542921653, 0.49198885666, 8.817761487, 9.3179540782, 0.013008707234, 0.57856735277], [0.71648108219, 0.4998334125, 9.0583642658, 9.5887794712, 0.013487905141, 1.2861014519], [0.70627357299, 0.49668938371, 9.0612727925, 9.7182565016, 0.013657671171, 1.7749839143], [0.7117741484, 0.50052712701, 9.1802300384, 9.8162992103, 0.013787923279, 2.23107743], [0.71528219676, 0.49995777541, 9.2418061538, 9.7763525533, 0.013959199541, 2.9076751879], [0.72049963492, 0.49917231034, 9.1198033485, 9.7223243277, 0.014161615142, 3.7698670289], [0.72764659961, 0.50702037863, 9.2445807274, 9.9736978548, 0.014298633568, 4.3663628091], [0.73167197014, 0.50861040206, 9.2206156714, 10.000854376, 0.014465873106, 5.0772400528], [0.6366314921, 0.47191022283, 8.988359926, 8.8862856233, 0.015048798021, 7.7492910278]], "itertime": [0.001, 0.001, 0.001, 0.001, 0.001, 0.001, 0.001, 0.001, 0.001, 0.001, 0.001, 0.001, 0.001, 0.001, 0.001, 0.001, 0.001, 0.001, 0.001, 0.001, 0.001, 0.001, 0.001, 0.001, 0.001, 0.001, 0.001, 0.001, 0.001, 0.001, 0.001, 0.001, 0.001, 0.001, 0.001, 0.001, 1.219, 70.044, 53.393, 56.118, 54.871, 53.706, 54.46, 58.449, 54.298, 57.595, 57.754, 57.015, 55.912, 54.81, 53.841, 52.779, 54.067, 54.251, 52.575, 56.158, 54.601, 53.425, 53.146, 55.537], "totaltime": [64.998, 153.546, 177.405, 201.539, 225.755, 249.842, 272.62, 295.439, 320.349, 343.177, 367.304, 391.774, 417.413, 441.575, 466.04, 490.34799999999996, 514.898, 539.267, 563.674, 588.343, 613.194, 637.641, 663.3470000000001, 688.17, 713.001, 737.7650000000001, 762.851, 788.523, 813.582, 838.384, 863.6610000000001, 888.861, 912.863, 938.409, 963.073, 987.999, 989.2189999999999, 1059.263, 1112.657, 1168.775, 1223.647, 1277.354, 1331.8139999999999, 1390.263, 1444.562, 1502.157, 1559.911, 1616.927, 1672.84, 1727.6499999999999, 1781.492, 1834.271, 1888.338, 1942.59, 1995.166, 2051.324, 2105.925, 2159.351, 2212.4970000000003, 2268.034],