{"name": "a1a1_1", "initpts": [100, 0], "iterpts": [0], "num_tasks": 1, "obs": null, "acqtime": [8.928, 0.387, 0.386, 0.407, 0.393, 0.381, 0.385, 1.313, 0.392, 0.397, 0.388, 0.395, 0.394, 0.396, 0.384, 1.251, 0.387, 0.385, 0.39, 0.405, 0.393, 0.387, 0.381, 1.243, 0.387, 0.39, 0.39, 0.385, 0.387, 0.386, 0.392, 1.309, 0.385, 0.387, 0.389, 0.387, 0.388, 0.385, 0.388, 1.296, 0.388, 0.381, 0.383, 0.392, 0.389, 0.406, 0.381, 1.261, 0.394, 0.39, 0.384, 0.39, 0.392, 0.387, 0.388, 1.287, 0.387, 0.389, 0.383, 0.397, 0.385, 0.383, 0.387, 1.301, 0.389, 0.394, 0.381, 0.389, 0.393, 0.39, 0.391, 1.319, 0.39, 0.396, 0.385, 0.384, 0.383, 0.393, 0.387, 1.284, 0.391, 0.398, 0.391, 0.384, 0.395, 0.388, 0.384, 1.267, 0.39, 0.386, 0.39, 0.393, 0.387, 0.397, 0.388, 1.286, 0.386, 0.385, 0.38, 0.386], "bestacq": [[48.4375, 183.4375, 17.7506]], "gmp": [[58.994369271, 181.01028012, 17.536460498, 0.025881515953]], "gmp_convergence": [], "GP_hyperparam": [[0.36263007437, 0.34982413855, 6.9551555208]], "itertime": [8.929, 0.388, 0.388, 0.408, 0.395, 0.382, 0.386, 1.315, 0.393, 0.398, 0.389, 0.396, 0.395, 0.397, 0.385, 1.252, 0.389, 0.386, 0.391, 0.406, 0.395, 0.389, 0.382, 1.244, 0.388, 0.391, 0.391, 0.386, 0.388, 0.387, 0.394, 1.31, 0.386, 0.388, 0.391, 0.388, 0.389, 0.386, 0.389, 1.297, 0.389, 0.382, 0.384, 0.394, 0.391, 0.407, 0.382, 1.262, 0.395, 0.391, 0.385, 0.392, 0.393, 0.388, 0.389, 1.288, 0.388, 0.391, 0.384, 0.398, 0.386, 0.385, 0.389, 1.302, 0.39, 0.396, 0.382, 0.39, 0.395, 0.391, 0.392, 1.32, 0.392, 0.398, 0.387, 0.385, 0.384, 0.394, 0.389, 1.285, 0.392, 0.399, 0.392, 0.385, 0.396, 0.39, 0.386, 1.268, 0.391, 0.388, 0.391, 0.394, 0.388, 0.398, 0.389, 1.287, 0.387, 0.386, 0.381, 5.2], "totaltime": [9.018, 9.406, 9.794, 10.203, 10.598, 10.981, 11.367, 12.682, 13.076, 13.474, 13.864, 14.261, 14.657, 15.055, 15.44, 16.693, 17.083, 17.469, 17.861, 18.268, 18.663, 19.052, 19.434, 20.679, 21.068, 21.46, 21.851, 22.238, 22.626, 23.014, 23.408, 24.718, 25.105, 25.494, 25.885, 26.273, 26.663, 27.049, 27.439, 28.736, 29.126, 29.508, 29.892, 30.286, 30.677, 31.085, 31.468, 32.73, 33.126, 33.517, 33.903, 34.295, 34.689, 35.078, 35.467, 36.756, 37.144, 37.535, 37.92, 38.318, 38.705, 39.09, 39.479, 40.782, 41.173, 41.57, 41.952, 42.343, 42.738, 43.13, 43.522, 44.843, 45.235, 45.634, 46.021, 46.407, 46.792, 47.186, 47.575, 48.861, 49.254, 49.654, 50.046, 50.432, 50.829, 51.219, 51.606, 52.874, 53.266, 53.654, 54.046, 54.44, 54.829, 55.228, 55.618, 56.905, 57.293, 57.68, 58.061, 63.261], "boss.in": ["\n", "-----------------------------   Welcome to ....   ------------------------------\n", "                      _______  _______ _______ _______ \n", "                     |   _   \\|   _   |   _   |   _   |\n", "                     |.  1   /|.  |   |   1___|   1___|\n", "                     |.  _   \\|.  |   |____   |____   |\n", "                     |:  1    |:  1   |:  1   |:  1   |\n", "                     |::.. .  |::.. . |::.. . |::.. . |\n", "                     `-------'`-------`-------`-------'\n", "\n", "                                 Version 0.9.17                                 \n", "                              02-07-2020 11:23:51                               \n", "--------------------------------------------------------------------------------\n", "\n", "| Reading BOSS input file from: in_2D\n", "| Initializing...\n", "\n", "--------------------------------------------------------------------------------\n", "                                   INPUT FILE                                   \n", "--------------------------------------------------------------------------------\n", "# input file for alanine 2D (d4-d13)\n", "\n", "# optimization\n", "userfn       userfn_2D.py\n", "bounds       -50 310; -50 310\n", "kernel       stdp\n", "yrange       -10 10\n", "initpts      100\n", "iterpts      0\n", "verbosity    2\n", "\n", "thetaprior gamma\n", "thetapriorparam 2 8; 3.3678 9.0204; 3.3678 9.0204\n", "\n", "--------------------------------------------------------------------------------\n", "                               SIMULATION OPTIONS                               \n", "--------------------------------------------------------------------------------\n", "|| File input/output \n", "ipfile         in_2D\n", "userfn         userfn_2D.py\n", "outfile        boss.out\n", "rstfile        boss.rst\n", "\n", "|| Key settings \n", "bounds         -5.000E+01 3.100E+02;    -5.000E+01 3.100E+02\n", "kerntype       stdp stdp\n", "yrange         -1.000E+01 1.000E+01\n", "noise          1.000E-12\n", "inittype       sobol\n", "initpts   100    iterpts   0\n", "gm_tol         none\n", "verbosity      2\n", "\n", "|| Data acquisition \n", "acqfn                elcb\n", "acqtol               1.000E-03\n", "\n", "|| GP hyperparameters \n", "thetainit       1.000E+01 3.142E-01\n", "thetabounds     none\n", "thetaprior      gamma\n", "thetapriorpar   2.000E+00 8.000E+00;    3.368E+00 9.020E+00;    3.368E+00 9.020E+00\n", "\n", "|| Hyperparameter optimization\n", "updatefreq   1  initupdate      True\n", "updateoffset 0  updaterestarts  2\n", "\n", "\n", "--------------------------------------------------------------------------------\n", "                              INITIAL DATAPOINT 1                               \n", "--------------------------------------------------------------------------------\n", "| Evaluating objective function at x = -5.000E+01 -5.000E+01\n", "| Objective function evaluated, time [s]        8.928\n", "| Data point added to dataset (x y): \n", " -5.0000000000E+01 -5.0000000000E+01       2.5850500000E+01\n", "\n", "| Total ensemble size: 1\n", "| Next sampling location x_next:\n", "  1.3000000000E+02  1.3000000000E+02\n", "\n", "Iteration time [s]:    8.929        Total time [s]:    9.018\n", "\n", "--------------------------------------------------------------------------------\n", "                              INITIAL DATAPOINT 2                               \n", "--------------------------------------------------------------------------------\n", "| Evaluating objective function at x = 1.300E+02 1.300E+02\n", "| Objective function evaluated, time [s]        0.387\n", "| Data point added to dataset (x y): \n", "  1.3000000000E+02  1.3000000000E+02       2.7532400000E+01\n", "\n", "| Total ensemble size: 2\n", "| Next sampling location x_next:\n", "  2.2000000000E+02  4.0000000000E+01\n", "\n", "Iteration time [s]:    0.388        Total time [s]:    9.406\n", "\n", "--------------------------------------------------------------------------------\n", "                              INITIAL DATAPOINT 3                               \n", "--------------------------------------------------------------------------------\n", "| Evaluating objective function at x = 2.200E+02 4.000E+01\n"],