{"name": "a1b1_1", "initpts": [100, 0], "iterpts": [0], "num_tasks": 1, "obs": null, "acqtime": [27.722, 22.98, 23.303, 22.204, 23.247, 23.178, 23.163, 23.499, 24.199, 22.783, 23.242, 23.036, 23.382, 22.889, 23.031, 23.139, 23.574, 23.232, 23.106, 21.907, 23.179, 22.959, 23.05, 23.096, 23.246, 21.821, 22.953, 23.131, 23.121, 21.834, 23.357, 22.899, 23.074, 23.204, 23.222, 21.832, 23.46, 23.813, 23.088, 23.221, 23.157, 22.079, 23.365, 23.209, 23.052, 23.653, 24.077, 24.093, 24.097, 21.816, 21.733, 23.075, 23.141, 23.048, 24.149, 22.95, 23.017, 23.18, 23.665, 24.108, 23.225, 21.743, 23.449, 23.113, 22.936, 23.084, 23.508, 23.074, 23.256, 22.533, 23.069, 23.134, 23.38, 21.766, 23.195, 23.498, 23.162, 23.075, 23.161, 22.98, 23.145, 21.778, 23.369, 23.107, 22.978, 25.009, 23.922, 21.851, 23.55, 21.855, 23.097, 23.467, 23.123, 21.859, 23.457, 23.063, 23.13, 21.824, 21.811, 23.153], "bestacq": [[228.4375, 3.4375, -203012.28108]], "gmp": [[232.0943877, 2.3375760076, -203012.30083, 0.00356135965]], "gmp_convergence": [], "GP_hyperparam": [[0.3963026208, 0.31304828609, 8.2378132172]], "itertime": [27.723, 22.981, 23.306, 22.207, 23.248, 23.179, 23.164, 23.5, 24.201, 22.785, 23.243, 23.038, 23.383, 22.89, 23.032, 23.141, 23.576, 23.233, 23.108, 21.909, 23.181, 22.961, 23.052, 23.098, 23.247, 21.823, 22.955, 23.132, 23.122, 21.836, 23.358, 22.901, 23.076, 23.206, 23.224, 21.833, 23.462, 23.815, 23.09, 23.223, 23.158, 22.083, 23.368, 23.211, 23.054, 23.654, 24.079, 24.095, 24.098, 21.817, 21.735, 23.077, 23.143, 23.05, 24.151, 22.952, 23.018, 23.181, 23.666, 24.11, 23.227, 21.745, 23.451, 23.115, 22.938, 23.085, 23.51, 23.076, 23.258, 22.534, 23.071, 23.135, 23.381, 21.768, 23.197, 23.499, 23.163, 23.076, 23.163, 22.981, 23.147, 21.779, 23.371, 23.108, 22.98, 25.01, 23.923, 21.852, 23.552, 21.857, 23.098, 23.468, 23.125, 21.861, 23.459, 23.064, 23.132, 21.825, 21.813, 28.01], "totaltime": [27.768, 50.75, 74.056, 96.267, 119.516, 142.696, 165.861, 189.362, 213.563, 236.349, 259.593, 282.631, 306.015, 328.906, 351.939, 375.081, 398.657, 421.891, 444.999, 466.909, 490.09, 513.052, 536.104, 559.203, 582.451, 604.274, 627.23, 650.363, 673.485, 695.322, 718.681, 741.582, 764.659, 787.865, 811.09, 832.923, 856.386, 880.201, 903.291, 926.515, 949.674, 971.757, 995.129, 1018.341, 1041.396, 1065.051, 1089.13, 1113.226, 1137.325, 1159.142, 1180.878, 1203.956, 1227.1, 1250.15, 1274.301, 1297.254, 1320.273, 1343.454, 1367.121, 1391.232, 1414.459, 1436.204, 1459.656, 1482.771, 1505.709, 1528.795, 1552.305, 1575.382, 1598.64, 1621.175, 1644.247, 1667.382, 1690.764, 1712.532, 1735.73, 1759.23, 1782.394, 1805.471, 1828.634, 1851.615, 1874.764, 1896.544, 1919.915, 1943.024, 1966.004, 1991.015, 2014.939, 2036.792, 2060.344, 2082.201, 2105.3, 2128.769, 2151.895, 2173.756, 2197.216, 2220.281, 2243.414, 2265.24, 2287.053, 2315.064], "boss.in": ["\n", "-----------------------------   Welcome to ....   ------------------------------\n", "                      _______  _______ _______ _______ \n", "                     |   _   \\|   _   |   _   |   _   |\n", "                     |.  1   /|.  |   |   1___|   1___|\n", "                     |.  _   \\|.  |   |____   |____   |\n", "                     |:  1    |:  1   |:  1   |:  1   |\n", "                     |::.. .  |::.. . |::.. . |::.. . |\n", "                     `-------'`-------`-------`-------'\n", "\n", "                                 Version 0.9.17                                 \n", "                              09-07-2020 13:25:26                               \n", "--------------------------------------------------------------------------------\n", "\n", "| Reading BOSS input file from: in_2D\n", "| Initializing...\n", "\n", "--------------------------------------------------------------------------------\n", "                                   INPUT FILE                                   \n", "--------------------------------------------------------------------------------\n", "# input file for alanine 2D (d4-d13)\n", "\n", "# optimization\n", "userfn       userfn_2D.py\n", "bounds       -50 310; -50 310\n", "kernel       stdp\n", "yrange       0 1\n", "initpts      100\n", "iterpts      0\n", "verbosity    2\n", "\n", "thetaprior gamma\n", "thetapriorparam 2 8; 3.3678 9.0204; 3.3678 9.0204\n", "--------------------------------------------------------------------------------\n", "                               SIMULATION OPTIONS                               \n", "--------------------------------------------------------------------------------\n", "|| File input/output \n", "ipfile         in_2D\n", "userfn         userfn_2D.py\n", "outfile        boss.out\n", "rstfile        boss.rst\n", "\n", "|| Key settings \n", "bounds         -5.000E+01 3.100E+02;    -5.000E+01 3.100E+02\n", "kerntype       stdp stdp\n", "yrange         0.000E+00 1.000E+00\n", "noise          1.000E-12\n", "inittype       sobol\n", "initpts   100    iterpts   0\n", "gm_tol         none\n", "verbosity      2\n", "\n", "|| Data acquisition \n", "acqfn                elcb\n", "acqtol               1.000E-03\n", "\n", "|| GP hyperparameters \n", "thetainit       5.000E-01 3.142E-01\n", "thetabounds     none\n", "thetaprior      gamma\n", "thetapriorpar   2.000E+00 8.000E+00;    3.368E+00 9.020E+00;    3.368E+00 9.020E+00\n", "\n", "|| Hyperparameter optimization\n", "updatefreq   1  initupdate      True\n", "updateoffset 0  updaterestarts  2\n", "\n", "\n", "--------------------------------------------------------------------------------\n", "                              INITIAL DATAPOINT 1                               \n", "--------------------------------------------------------------------------------\n", "| Evaluating objective function at x = -5.000E+01 -5.000E+01\n", "| Objective function evaluated, time [s]       27.722\n", "| Data point added to dataset (x y): \n", " -5.0000000000E+01 -5.0000000000E+01      -2.0299928545E+05\n", "\n", "| Total ensemble size: 1\n", "| Next sampling location x_next:\n", "  1.3000000000E+02  1.3000000000E+02\n", "\n", "Iteration time [s]:   27.723        Total time [s]:   27.768\n", "\n", "--------------------------------------------------------------------------------\n", "                              INITIAL DATAPOINT 2                               \n", "--------------------------------------------------------------------------------\n", "| Evaluating objective function at x = 1.300E+02 1.300E+02\n", "| Objective function evaluated, time [s]       22.980\n", "| Data point added to dataset (x y): \n", "  1.3000000000E+02  1.3000000000E+02      -2.0299792943E+05\n", "\n", "| Total ensemble size: 2\n", "| Next sampling location x_next:\n", "  2.2000000000E+02  4.0000000000E+01\n", "\n", "Iteration time [s]:   22.981        Total time [s]:   50.750\n", "\n", "--------------------------------------------------------------------------------\n", "                              INITIAL DATAPOINT 3                               \n", "--------------------------------------------------------------------------------\n", "| Evaluating objective function at x = 2.200E+02 4.000E+01\n", "| Objective function evaluated, time [s]       23.303\n"],