{"name": "a3c8_3", "initpts": [2, 20], "iterpts": [50], "num_tasks": 2, "obs": null, "acqtime": [], "bestacq": [[-50.0, -50.0, 0.0, 12.40512999999919]], "gmp": [[83.214309795, 182.7406215, 0.0, 8.950620000017807, 0.1473540928]], "gmp_convergence": [], "GP_hyperparam": [[0.84125342624, 0.45272643697, 3.5931187498, 8.920063979, 1.8993665016e-15, 1.4890419883e-06]], "itertime": [0.092, 0.067, 0.124, 0.024, 0.069, 0.193, 0.159, 0.019, 0.075, 0.056, 0.126, 0.05, 0.019, 0.047, 0.058, 0.078, 0.03, 0.039, 0.074, 0.08, 0.019, 1.387], "totaltime": [66.838, 157.15699999999998, 182.30599999999998, 206.68200000000002, 230.252, 255.353, 280.16, 304.75100000000003, 328.449, 353.404, 377.845, 402.392, 426.82300000000004, 451.21500000000003, 475.522, 500.087, 523.345, 546.829, 572.59, 597.558, 622.053, 623.4979999999999], "boss.in": ["\n", "-----------------------------   Welcome to ....   ------------------------------\n", "                      _______  _______ _______ _______ \n", "                     |   _   \\|   _   |   _   |   _   |\n", "                     |.  1   /|.  |   |   1___|   1___|\n", "                     |.  _   \\|.  |   |____   |____   |\n", "                     |:  1    |:  1   |:  1   |:  1   |\n", "                     |::.. .  |::.. . |::.. . |::.. . |\n", "                     `-------'`-------`-------`-------'\n", "\n", "                                 Version 0.9.15                                 \n", "                              30-09-2020 17:36:33                               \n", "--------------------------------------------------------------------------------\n", "\n", "| Reading BOSS input file from: in_2D\n", "| Initializing...\n", "\n", "--------------------------------------------------------------------------------\n", "                                   INPUT FILE                                   \n", "--------------------------------------------------------------------------------\n", "# input file for alanine 2D (d4-d13)\n", "\n", "# optimization\n", "userfn       userfn_2D.py\n", "bounds       -50 310; -50 310\n", "kernel       stdp\n", "num_tasks    2\n", "initpts 2 20\n", "iterpts      50\n", "verbosity    2\n", "W_prior      gaussian\n", "W_priorparam 10.062 3.953\n", "thetaprior gamma\n", "thetapriorparam 2 0.016; 3.3678 9.0204; 3.3678 9.0204\n", "RESULTS:\n", "-5.000000000000000E+01 -5.000000000000000E+01 0 -2.030049146092371E+05 \n", "1.300000000000000E+02 1.300000000000000E+02 0 -2.030038208770180E+05 \n", "1.455073983490599E+02 2.483624816872848E+02 1 -2.029922117587252E+05 \n", "1.292608158922722E+02 3.814465750902801E+01 1 -2.029941295452465E+05 \n", "2.679380906397993E+02 9.866581834919975E+01 1 -2.029892095620712E+05 \n", "2.739753726296705E+02 2.084775344967248E+02 1 -2.030034879410717E+05 \n", "6.463859764301178E+01 1.043314267473596E+02 1 -2.029919538355535E+05 \n", "-2.877359476187122E+01 2.009175547307233E+01 1 -2.029923881822473E+05 \n", "2.336145983088331E+02 8.661281326981161E+00 1 -2.030119112028311E+05 \n", "2.265916960636455E+02 2.660891685551490E+02 1 -2.029883492341304E+05 \n", "2.497152337080700E+02 -1.528731846943223E+01 1 -2.030107271966210E+05 \n", "2.826192644289565E+02 2.787231171995120E+02 1 -2.029921171154126E+05 \n", "1.029209893114492E+02 1.883870381558549E+02 1 -2.030078512123127E+05 \n", "1.579821163267777E+02 3.006049174100017E+02 1 -2.029901048711276E+05 \n", "-1.683028431925458E+01 2.293661649032335E+02 1 -2.029980674044552E+05 \n", "2.462394622988131E+01 1.523785511908606E+02 1 -2.030045411213755E+05 \n", "2.861784073547907E+02 2.675245439389685E+02 1 -2.029914186607945E+05 \n", "2.152709856888085E+02 1.793056459983557E+02 1 -2.030071011446859E+05 \n", "2.195154785599154E+02 2.073555279960581E+02 1 -2.030029935895405E+05 \n", "2.230616335700086E+02 4.571386881796056E+01 1 -2.030006620520353E+05 \n", "2.581030070446953E+02 3.010026345123223E+02 1 -2.029959397447310E+05 \n", "-4.613652862105360E+01 1.308467742009863E+02 1 -2.029983732555107E+05 \n", "--------------------------------------------------------------------------------\n", "                               SIMULATION OPTIONS                               \n", "--------------------------------------------------------------------------------\n", "|| File input/output \n", "ipfile         in_2D\n", "userfn         userfn_2D.py\n", "outfile        boss.out\n", "rstfile        boss.rst\n", "\n", "|| Key settings \n", "num_tasks         2\n", "bounds         -5.000E+01 3.100E+02;    -5.000E+01 3.100E+02\n", "kerntype       stdp stdp\n", "yrange         -5.000E+01 3.100E+02;    -5.000E+01 3.100E+02\n", "noise          1.000E-12\n", "initpts    2 20    iterpts   50\n", "gm_tol         none\n", "verbosity      2\n", "\n", "|| Data acquisition \n", "acqfn                elcb\n", "acqtol               1.000E-03\n", "\n", "|| GP hyperparameters \n", "thetainit       1.000E+00 3.142E-01\n", "thetabounds     none\n", "thetaprior      gamma\n", "thetapriorpar   2.000E+00 1.600E-02;    3.368E+00 9.020E+00;    3.368E+00 9.020E+00\n", "\n", "|| Hyperparameter optimization\n", "updatefreq   1  initupdate      True\n", "updateoffset 0  updaterestarts  2\n", "\n", "\n", "--------------------------------------------------------------------------------\n", "                              INITIAL DATAPOINT 1                               \n", "--------------------------------------------------------------------------------\n", "| Data point added to dataset (x i y): \n", " -5.0000000000E+01 -5.0000000000E+01  0.0000000000E+00      -2.0300491461E+05\n", "\n", "| Total ensemble size: 1\n", "| Next sampling location (x_next, i_next):\n", "  1.3000000000E+02  1.3000000000E+02  0.0000000000E+00\n"], "bounds": [], "kernel": ["stdp"], "thetapriorparam": [[9.0204], [9.0204]], "yrange": ["-5.000E+01", "3.100E+02;", "-5.000E+01", "3.100E+02"], "thetainit": ["1.000E+00", "3.142E-01"], "tasks": 2, "dim": 2, "xy": [[-50.0, -50.0, 0.0, 12.40512999999919], [130.0, 130.0, 0.0, 13.498859999992419], [145.50739835, 248.36248169, 1.0, 203037.48167], [129.26081589, 38.144657509, 1.0, 203035.56388], [267.93809064, 98.665818349, 1.0, 203040.48387000003], [273.97537263, 208.4775345, 1.0, 203026.20549000002], [64.638597643, 104.33142675, 1.0, 203037.73959], [-28.773594762, 20.091755473, 1.0, 203037.30525], [233.61459831, 8.661281327, 1.0, 203017.78223], [226.59169606, 266.08916856, 1.0, 203041.34420000002], [249.71523371, -15.287318469, 1.0, 203018.96623000002], [282.61926443, 278.7231172, 1.0, 203037.57631], [102.92098931, 188.38703816, 1.0, 203021.84222000002], [157.98211633, 300.60491741, 1.0, 203039.58856], [-16.830284319, 229.3661649, 1.0, 203031.62603], [24.62394623, 152.37855119, 1.0, 203025.15231], [286.17840735, 267.52454394, 1.0, 203038.27477000002], [215.27098569, 179.305646, 1.0, 203022.59229], [219.51547856, 207.355528, 1.0, 203026.69984000002], [223.06163357, 45.713868818, 1.0, 203029.03138], [258.10300704, 301.00263451, 1.0, 203033.75369], [-46.136528621, 130.8467742, 1.0, 203031.32017000002]], "truemin": [[237.3953097, 0.69994242467, -203017.31974], [237.06939799, 0.82906790191, -203012.37369]], "modeltime": [], "tolerance_levels": [5, 2, 1, 0.5, 0.2, 0.1, 0.05, 0.02, 0.01, 0.005, 0.002, 0.001], "iterations_to_gmp_convergence": [null, null, null, null, null, null, null, null, null, null, null, null], "totaltime_to_gmp_convergence": [null, null, null, null, null, null, null, null, null, null, null, null], "observations_to_gmp_convergence": [null, null, null, null, null, null, null, null, null, null, null, null], "B": [[92.47804373961762, 92.47804373961762, 92.47804373961762, 92.47804522865961]]}